<?xml version="1.0" encoding="utf-8"?>
<COLLADA xmlns="http://www.collada.org/2005/11/COLLADASchema" version="1.4.1" xmlns:xsi="http://www.w3.org/2001/XMLSchema-instance">
  <asset>
    <contributor>
      <author>Blender User</author>
      <authoring_tool>Blender 4.1.0 commit date:2024-03-25, commit time:20:42, hash:40a5e739e270</authoring_tool>
    </contributor>
    <created>2024-03-31T15:20:21</created>
    <modified>2024-03-31T15:20:21</modified>
    <unit name="meter" meter="1"/>
    <up_axis>Z_UP</up_axis>
  </asset>
  <library_effects/>
  <library_images/>
  <library_geometries>
    <geometry id="Cube_002-mesh" name="Cube.002">
      <mesh>
        <source id="Cube_002-mesh-positions">
          <float_array id="Cube_002-mesh-positions-array" count="5178">-0.06415325 0.01600509 0.01189541 0.03256028 -0.03949999 0.01496148 -0.1013234 0.05289906 0.00764662 -0.01124602 -0.03837472 0.01527971 0.03256028 0.03949999 0.01496148 -0.1030033 0.05289906 0.00815618 -0.01873254 -0.03763735 0.01527971 0.1125603 -0.03949999 0.01496148 -0.1045515 0.05289906 0.008983731 -0.1059085 0.05289906 0.01009744 0.1125603 0.03949999 0.01496148 0.1229164 0.05289995 2.84781e-7 -0.1070222 0.05289906 0.01145446 -0.02593141 -0.03545361 0.01527971 -0.0610212 0.01569658 0.01189541 -0.1078497 0.05289906 0.01300269 -0.1083593 0.05289906 0.01468259 0.124 0.0518164 2.84985e-7 -0.1085314 0.05289906 0.01642966 -0.03256589 -0.03190743 0.01527971 -0.1083593 0.05289906 0.01817667 -0.05800944 0.01478302 0.01189541 -0.1078497 0.05289906 0.01985663 -0.03838104 -0.02713501 0.01527971 -0.1070222 0.05289906 0.0214048 0.1231046 0.0528835 2.84817e-7 -0.1059085 0.05289906 0.02276182 -0.05523383 0.0132994 0.01189541 -0.04315346 -0.02131986 0.01527971 -0.1045515 0.05289906 0.02387553 -0.1030033 0.05289906 0.02470308 0.123287 0.05283463 2.84851e-7 -0.04669964 -0.01468533 0.01527971 -0.1013234 0.05289906 0.02521264 -0.05280101 0.01130282 0.01189541 -0.09957635 0.05289906 0.02538472 -0.04888337 -0.007486522 0.01527971 0.1234582 0.05275481 2.84883e-7 -0.05080443 0.008870005 0.01189541 0.1236129 0.05264645 2.84912e-7 -0.04888337 0.007486522 0.01527971 -0.04932081 0.006094336 0.01189541 0.1237465 0.05251288 2.84937e-7 -0.04669964 0.01468533 0.01527971 -0.04840719 0.003082633 0.01189541 -0.04315346 0.02131986 0.01527971 0.1238548 0.05235815 2.84957e-7 -0.03838104 0.02713501 0.01527971 -0.04809874 -4.94078e-5 0.01189541 -0.03256589 0.03190737 0.01527971 0.1239346 0.05218696 2.84972e-7 -0.09957635 0.05289906 0.007474541 -0.04840719 -0.003181457 0.01189541 -0.02593141 0.03545361 0.01527971 -0.09782934 0.05289906 0.00764662 -0.09614944 0.05289906 0.00815618 0.1239835 0.05200451 2.84982e-7 -0.01873254 0.03763735 0.01527971 -0.09460127 0.05289906 0.008983731 -0.04932081 -0.006193161 0.01189541 -0.09324425 0.05289906 0.01009744 -0.01124602 0.03837472 0.01527971 -0.09213054 0.05289906 0.01145446 -0.09130305 0.05289906 0.01300269 0.1180002 0.04562741 0.03570359 -0.05080443 -0.00896877 0.01189541 -0.09079343 0.05289906 0.01468259 -0.003759503 0.03763735 0.01527971 -0.09062135 0.05289906 0.01642966 0.1167274 0.04690015 0.03570359 -0.09079343 0.05289906 0.01817667 -0.05280101 -0.01140165 0.01189541 -0.09130305 0.05289906 0.01985663 -0.09213054 0.05289906 0.0214048 0.003439307 0.03545361 0.01527971 0.01007378 0.03190743 0.01527971 -0.09324425 0.05289906 0.02276182 -0.09460127 0.05289906 0.02387553 0.1179808 0.04584842 0.03570359 -0.09614944 0.05289906 0.02470308 -0.05523383 -0.01339823 0.01189541 -0.09782934 0.05289906 0.02521264 0.01588898 0.02713501 0.01527971 0.1179234 0.0460627 0.03570359 0.02066135 0.02131986 0.01527971 -0.05800944 -0.01488184 0.01189541 0.1178296 0.04626375 0.03570359 0.02420759 0.01468533 0.01527971 -0.0610212 -0.0157954 0.01189541 0.1177024 0.04644554 0.03570359 0.02639132 0.007486522 0.01527971 0.02712869 0 0.01527971 -0.06415325 -0.01610392 0.01189541 0.1175456 0.04660242 0.03570359 0.02639132 -0.007486522 0.01527971 -0.06728535 -0.0157954 0.01189541 0.02420759 -0.01468533 0.01527971 0.1173638 0.04672962 0.03570359 0.02066135 -0.02131986 0.01527971 -0.07029706 -0.01488184 0.01189541 0.01588898 -0.02713501 0.01527971 0.1171627 0.04682338 0.03570359 0.01007378 -0.03190737 0.01527971 -0.07307267 -0.01339823 0.01189541 0.1169484 0.04688084 0.03570359 0.003439307 -0.03545361 0.01527971 -0.07550555 -0.01140165 0.01189541 0.124 0.05181306 0.02970373 -0.003759443 -0.03763735 0.01527971 -0.07750213 -0.00896877 0.01189541 0.1229131 0.05289995 0.02970373 -0.07898575 -0.006193161 0.01189541 0.1239835 0.05200177 0.02970373 -0.07989931 -0.003181457 0.01189541 0.1239345 0.05218482 0.02970373 -0.08020782 -4.94078e-5 0.01189541 0.1238543 0.05235648 0.02970373 -0.07989931 0.003082633 0.01189541 0.1237457 0.05251169 0.02970373 -0.07898575 0.006094336 0.01189541 0.1236117 0.05264568 0.02970373 -0.07750213 0.008870005 0.01189541 0.1234565 0.05275434 0.02970373 -0.07550555 0.01130282 0.01189541 0.1232848 0.05283445 0.02970373 -0.07307267 0.0132994 0.01189541 0.1231018 0.05288344 0.02970373 -0.07029706 0.01478302 0.01189541 0.119042 0.04667484 0.0356124 -0.06728535 0.01569658 0.01189541 0.1177749 0.04794204 0.0356124 0.1190228 0.04689484 0.0356124 0.1189656 0.04710823 0.0356124 0.1188723 0.04730844 0.0356124 0.1187456 0.04748934 0.0356124 0.1185894 0.04764556 0.0356124 0.1184085 0.04777222 0.0356124 0.1182082 0.04786562 0.0356124 0.1179949 0.04792279 0.0356124 0.1200522 0.04770094 0.03534173 0.1188009 0.04895222 0.03534173 0.1200332 0.0479182 0.03534173 0.1199768 0.0481289 0.03534173 0.1198846 0.04832655 0.03534173 0.1197595 0.04850524 0.03534173 0.1196053 0.0486595 0.03534173 0.1194266 0.04878461 0.03534173 0.1192289 0.04887676 0.03534173 0.1190182 0.0489332 0.03534173 0.1210001 0.04867291 0.03489977 0.119773 0.04990005 0.03489977 0.1209814 0.048886 0.03489977 0.1209261 0.04909265 0.03489977 0.1208357 0.04928648 0.03489977 0.120713 0.04946172 0.03489977 0.1205617 0.04961299 0.03489977 0.1203865 0.04973566 0.03489977 0.1201927 0.04982608 0.03489977 0.119986 0.04988145 0.03489977 0.1218568 0.04955893 0.03429991 0.1206589 0.05075675 0.03429991 0.1218386 0.04976695 0.03429991 0.1217845 0.0499686 0.03429991 0.1216963 0.05015784 0.03429991 0.1215766 0.05032891 0.03429991 0.1214289 0.05047655 0.03429991 0.1212579 0.05059629 0.03429991 0.1210686 0.05068451 0.03429991 0.120867 0.05073857 0.03429991 0.1225963 0.0503292 0.03356039 0.1214292 0.05149626 0.03356039 0.1225786 0.05053186 0.03356039 0.1225259 0.05072838 0.03356039 0.1224399 0.05091273 0.03356039 0.1223232 0.05107939 0.03356039 0.1221794 0.05122321 0.03356039 0.1220127 0.05133992 0.03356039 0.1218284 0.05142593 0.03356039 0.1216319 0.05147856 0.03356039 0.1231962 0.05095779 0.03270369 0.1220578 0.05209618 0.03270369 0.1231789 0.0511555 0.03270369 0.1231275 0.05134713 0.03270369 0.1230437 0.05152696 0.03270369 0.1229299 0.0516895 0.03270369 0.1227896 0.05182981 0.03270369 0.122627 0.05194365 0.03270369 0.1224471 0.05202752 0.03270369 0.1222555 0.05207884 0.03270369 0.1236382 0.05142366 0.0317558 0.1225237 0.05253815 0.0317558 0.1236212 0.0516172 0.0317558 0.1235709 0.05180484 0.0317558 0.1234889 0.05198091 0.0317558 0.1233775 0.05214005 0.0317558 0.1232401 0.05227738 0.0317558 0.1230809 0.05238884 0.0317558 0.1229048 0.05247092 0.0317558 0.1227172 0.05252122 0.0317558 0.1239088 0.05171167 0.03074562 0.1228117 0.05280882 0.03074562 0.1238921 0.05190223 0.03074562 0.1238427 0.05208694 0.03074562 0.1237618 0.05226027 0.03074562 0.1236522 0.05241692 0.03074562 0.1235169 0.05255216 0.03074562 0.1233603 0.05266183 0.03074562 0.123187 0.05274266 0.03074562 0.1230022 0.05279219 0.03074562 -0.1037043 0.03038948 0.01025176 0.124 -0.0518164 2.84985e-7 0.1229164 -0.05289995 2.84781e-7 0.1239835 -0.05200451 2.84982e-7 -0.1010259 0.03038948 0.009142339 0.1239346 -0.05218696 2.84972e-7 -0.09812688 0.03038948 0.009142339 0.1238548 -0.05235815 2.84957e-7 -0.09673303 0.03038948 0.009565114 0.1237465 -0.05251288 2.84937e-7 -0.09544849 0.03038948 0.01025176 0.1236129 -0.05264645 2.84912e-7 0.1234582 -0.05275481 2.84883e-7 0.123287 -0.05283463 2.84851e-7 0.1231046 -0.0528835 2.84817e-7 -0.09271192 0.03038948 0.01358628 0.1167274 -0.04690015 0.03570359 -0.09228914 0.03038948 0.01498007 0.1180002 -0.04562741 0.03570359 -0.09228914 0.03038948 0.01787918 0.1169484 -0.04688084 0.03570359 0.1171627 -0.04682338 0.03570359 0.1173638 -0.04672962 0.03570359 0.1175456 -0.04660242 0.03570359 0.1177024 -0.04644554 0.03570359 -0.09544849 0.03038948 0.0226075 0.1178296 -0.04626375 0.03570359 0.1179234 -0.0460627 0.03570359 -0.09957635 0.05289906 0.02385973 0.1179808 -0.04584842 0.03570359 -0.1010259 0.05289906 0.02371692 0.1229131 -0.05289995 0.02970373 -0.1024197 0.05289906 0.02329415 0.124 -0.05181306 0.02970373 0.1231018 -0.05288344 0.02970373 -0.1037043 0.05289906 0.0226075 -0.1048302 0.05289906 0.02168351 0.1232848 -0.05283445 0.02970373 -0.1057542 0.05289906 0.02055758 0.1234565 -0.05275434 0.02970373 -0.1064408 0.05289906 0.01927298 0.1236117 -0.05264568 0.02970373 -0.1068636 0.05289906 0.01787918 0.1237457 -0.05251169 0.02970373 0.1238543 -0.05235648 0.02970373 -0.1070064 0.05289906 0.01642966 0.1239345 -0.05218482 0.02970373 -0.1068636 0.05289906 0.01498007 -0.1064408 0.05289906 0.01358628 0.1239835 -0.05200177 0.02970373 0.1177749 -0.04794204 0.0356124 -0.1057542 0.05289906 0.01230168 -0.1048302 0.05289906 0.01117575 0.119042 -0.04667484 0.0356124 0.1179949 -0.04792279 0.0356124 -0.1037043 0.05289906 0.01025176 0.1182082 -0.04786562 0.0356124 -0.1024197 0.05289906 0.009565114 0.1184085 -0.04777222 0.0356124 -0.1010259 0.05289906 0.009142339 0.1185894 -0.04764556 0.0356124 -0.09957635 0.05289906 0.008999586 0.1187456 -0.04748934 0.0356124 -0.09812688 0.05289906 0.009142339 0.1188723 -0.04730844 0.0356124 -0.09673303 0.05289906 0.009565114 -0.09544849 0.05289906 0.01025176 0.1189656 -0.04710823 0.0356124 0.1190228 -0.04689484 0.0356124 -0.09432256 0.05289906 0.01117575 -0.09339857 0.05289906 0.01230168 0.1188009 -0.04895222 0.03534173 -0.09271192 0.05289906 0.01358628 0.1200522 -0.04770094 0.03534173 0.1190182 -0.0489332 0.03534173 -0.09228914 0.05289906 0.01498007 -0.09214639 0.05289906 0.01642966 0.1192289 -0.04887676 0.03534173 -0.03272283 0.02044594 0.01290357 -0.09228914 0.05289906 0.01787918 -0.09271192 0.05289906 0.01927298 0.1194266 -0.04878461 0.03534173 -0.09339857 0.05289906 0.02055758 0.1196053 -0.0486595 0.03534173 -0.09432256 0.05289906 0.02168351 -0.03772282 0.02044528 0.01290357 -0.09544849 0.05289906 0.0226075 0.1197595 -0.04850524 0.03534173 -0.03772199 0.0144453 0.01290357 -0.09673303 0.05289906 0.02329415 -0.03272199 0.01444596 0.01290357 -0.09812688 0.05289906 0.02371692 0.1198846 -0.04832655 0.03534173 0.1199768 -0.0481289 0.03534173 0.1200332 -0.0479182 0.03534173 0.119773 -0.04990005 0.03489977 0.1210001 -0.04867291 0.03489977 0.119986 -0.04988145 0.03489977 0.1201927 -0.04982608 0.03489977 0.1203865 -0.04973566 0.03489977 0.1205617 -0.04961299 0.03489977 0.120713 -0.04946172 0.03489977 0.1208357 -0.04928648 0.03489977 0.1209261 -0.04909265 0.03489977 0.1209814 -0.048886 0.03489977 0.1206589 -0.05075675 0.03429991 0.1218568 -0.04955893 0.03429991 0.120867 -0.05073857 0.03429991 0.1210686 -0.05068451 0.03429991 0.1212579 -0.05059629 0.03429991 0.1214289 -0.05047655 0.03429991 0.1215766 -0.05032891 0.03429991 0.1216963 -0.05015784 0.03429991 0.1217845 -0.0499686 0.03429991 0.1218386 -0.04976695 0.03429991 0.1214292 -0.05149626 0.03356039 0.1225963 -0.0503292 0.03356039 0.1216319 -0.05147856 0.03356039 0.1218284 -0.05142593 0.03356039 0.1220127 -0.05133992 0.03356039 0.1221794 -0.05122321 0.03356039 0.1223232 -0.05107939 0.03356039 0.1224399 -0.05091273 0.03356039 0.1225259 -0.05072838 0.03356039 0.1225786 -0.05053186 0.03356039 0.1220578 -0.05209618 0.03270369 0.1231962 -0.05095779 0.03270369 0.1222555 -0.05207884 0.03270369 0.1224471 -0.05202752 0.03270369 0.122627 -0.05194365 0.03270369 0.1227896 -0.05182981 0.03270369 0.1229299 -0.0516895 0.03270369 0.1230437 -0.05152696 0.03270369 0.1231275 -0.05134713 0.03270369 0.1231789 -0.0511555 0.03270369 0.1225237 -0.05253815 0.0317558 0.1236382 -0.05142366 0.0317558 0.1227172 -0.05252122 0.0317558 0.1229048 -0.05247092 0.0317558 0.1230809 -0.05238884 0.0317558 0.1232401 -0.05227738 0.0317558 0.1233775 -0.05214005 0.0317558 0.1234889 -0.05198091 0.0317558 0.1235709 -0.05180484 0.0317558 0.1236212 -0.0516172 0.0317558 0.1228117 -0.05280882 0.03074562 0.1239088 -0.05171167 0.03074562 0.1230022 -0.05279219 0.03074562 0.123187 -0.05274266 0.03074562 0.1233603 -0.05266183 0.03074562 0.1235169 -0.05255216 0.03074562 0.1236522 -0.05241692 0.03074562 0.1237618 -0.05226027 0.03074562 0.1238427 -0.05208694 0.03074562 0.1238921 -0.05190223 0.03074562 -0.1239998 0.0518164 2.38419e-7 -0.1229163 0.05289995 2.38622e-7 -0.1239834 0.05200451 2.38422e-7 -0.1239345 0.05218696 2.38431e-7 -0.1238547 0.05235815 2.38446e-7 -0.1237463 0.05251288 2.38466e-7 -0.1236128 0.05264645 2.38491e-7 -0.123458 0.05275481 2.3852e-7 -0.1232869 0.05283463 2.38552e-7 -0.1231044 0.0528835 2.38587e-7 -0.1167274 0.04690015 0.03570359 -0.1180002 0.04562741 0.03570359 -0.1169484 0.04688084 0.03570359 -0.1171627 0.04682338 0.03570359 -0.1173638 0.04672962 0.03570359 -0.1175456 0.04660242 0.03570359 -0.1177024 0.04644554 0.03570359 -0.1178296 0.04626375 0.03570359 -0.1179234 0.0460627 0.03570359 -0.1179808 0.04584842 0.03570359 -0.1229131 0.05289995 0.02970373 -0.124 0.05181306 0.02970373 -0.1231018 0.05288344 0.02970373 -0.1232848 0.05283445 0.02970373 -0.1234565 0.05275434 0.02970373 -0.1236117 0.05264568 0.02970373 -0.1237457 0.05251169 0.02970373 -0.1238543 0.05235648 0.02970373 -0.1239345 0.05218482 0.02970373 -0.1239835 0.05200177 0.02970373 -0.1177749 0.04794204 0.0356124 -0.119042 0.04667484 0.0356124 -0.1179949 0.04792279 0.0356124 -0.1182082 0.04786562 0.0356124 -0.1184085 0.04777222 0.0356124 -0.1185894 0.04764556 0.0356124 -0.1187456 0.04748934 0.0356124 -0.1188723 0.04730844 0.0356124 -0.1189656 0.04710823 0.0356124 -0.1190228 0.04689484 0.0356124 -0.1188009 0.04895222 0.03534173 -0.1200522 0.04770094 0.03534173 -0.1190183 0.0489332 0.03534173 -0.1192289 0.04887676 0.03534173 -0.1194266 0.04878455 0.03534173 -0.1196053 0.04865944 0.03534173 -0.1197595 0.04850524 0.03534173 -0.1198846 0.04832655 0.03534173 -0.1199768 0.0481289 0.03534173 -0.1200332 0.0479182 0.03534173 -0.119773 0.04990005 0.03489977 -0.1210001 0.04867291 0.03489977 -0.1199861 0.04988139 0.03489977 -0.1201927 0.04982608 0.03489977 -0.1203866 0.04973566 0.03489977 -0.1205617 0.04961299 0.03489977 -0.120713 0.04946172 0.03489977 -0.1208357 0.04928648 0.03489977 -0.1209261 0.04909265 0.03489977 -0.1209815 0.048886 0.03489977 -0.1206589 0.05075675 0.03429991 -0.1218568 0.04955893 0.03429991 -0.120867 0.05073857 0.03429991 -0.1210686 0.05068451 0.03429991 -0.1212579 0.05059629 0.03429991 -0.1214289 0.05047649 0.03429991 -0.1215766 0.05032885 0.03429991 -0.1216963 0.05015784 0.03429991 -0.1217846 0.0499686 0.03429991 -0.1218386 0.04976689 0.03429991 -0.1214292 0.05149626 0.03356039 -0.1225963 0.0503292 0.03356039 -0.1216319 0.05147856 0.03356039 -0.1218284 0.05142593 0.03356039 -0.1220128 0.05133992 0.03356039 -0.1221794 0.05122321 0.03356039 -0.1223233 0.05107939 0.03356039 -0.1224399 0.05091273 0.03356039 -0.1225259 0.05072838 0.03356039 -0.1225786 0.05053186 0.03356039 -0.1220578 0.05209612 0.03270369 -0.1231962 0.05095779 0.03270369 -0.1222555 0.05207884 0.03270369 -0.1224471 0.05202752 0.03270369 -0.122627 0.05194365 0.03270369 -0.1227895 0.05182981 0.03270369 -0.1229298 0.0516895 0.03270369 -0.1230437 0.05152696 0.03270369 -0.1231275 0.05134713 0.03270369 -0.1231788 0.0511555 0.03270369 -0.1225237 0.05253815 0.0317558 -0.1236382 0.05142366 0.0317558 -0.1227172 0.05252122 0.0317558 -0.1229048 0.05247092 0.0317558 -0.1230809 0.05238884 0.0317558 -0.1232401 0.05227738 0.0317558 -0.1233775 0.05214005 0.0317558 -0.1234889 0.05198091 0.0317558 -0.1235709 0.05180484 0.0317558 -0.1236212 0.0516172 0.0317558 -0.1228117 0.05280882 0.03074562 -0.1239088 0.05171167 0.03074562 -0.1230022 0.05279213 0.03074562 -0.123187 0.05274266 0.03074562 -0.1233603 0.05266183 0.03074562 -0.1235169 0.05255216 0.03074562 -0.1236522 0.05241692 0.03074562 -0.1237618 0.05226027 0.03074562 -0.1238427 0.05208694 0.03074562 -0.1238922 0.05190223 0.03074562 -0.1229163 -0.05289995 2.38622e-7 -0.1239998 -0.0518164 2.38419e-7 -0.1231044 -0.0528835 2.38587e-7 -0.1232869 -0.05283463 2.38552e-7 -0.123458 -0.05275481 2.3852e-7 -0.1236128 -0.05264645 2.38491e-7 -0.1237463 -0.05251288 2.38466e-7 -0.1238547 -0.05235815 2.38446e-7 -0.1239345 -0.05218696 2.38431e-7 -0.1239834 -0.05200451 2.38422e-7 -0.124 -0.05181306 0.02970373 -0.1229131 -0.05289995 0.02970373 -0.1239835 -0.05200177 0.02970373 -0.1239345 -0.05218482 0.02970373 -0.1238543 -0.05235648 0.02970373 -0.1237457 -0.05251169 0.02970373 -0.1236117 -0.05264568 0.02970373 -0.1234565 -0.05275434 0.02970373 -0.1232848 -0.05283445 0.02970373 -0.1231018 -0.05288344 0.02970373 -0.1180002 -0.04562741 0.03570359 -0.1167274 -0.04690015 0.03570359 -0.1179808 -0.04584842 0.03570359 -0.1179234 -0.0460627 0.03570359 -0.1178296 -0.04626375 0.03570359 -0.1177024 -0.04644554 0.03570359 -0.1175456 -0.04660242 0.03570359 -0.1173638 -0.04672962 0.03570359 -0.1171627 -0.04682338 0.03570359 -0.1169484 -0.04688084 0.03570359 -0.1239088 -0.05171167 0.03074562 -0.1228117 -0.05280882 0.03074562 -0.1238921 -0.05190223 0.03074562 -0.1238427 -0.05208694 0.03074562 -0.1237618 -0.05226027 0.03074562 -0.1236522 -0.05241692 0.03074562 -0.1235169 -0.05255216 0.03074562 -0.1233603 -0.05266183 0.03074562 -0.123187 -0.05274266 0.03074562 -0.1230022 -0.05279213 0.03074562 -0.1236382 -0.05142366 0.0317558 -0.1225237 -0.05253815 0.0317558 -0.1236212 -0.0516172 0.0317558 -0.1235709 -0.05180484 0.0317558 -0.1234889 -0.05198091 0.0317558 -0.1233775 -0.05214005 0.0317558 -0.1232401 -0.05227738 0.0317558 -0.1230809 -0.05238884 0.0317558 -0.1229048 -0.05247092 0.0317558 -0.1227172 -0.05252122 0.0317558 -0.1231962 -0.05095779 0.03270369 -0.1220578 -0.05209612 0.03270369 -0.1231789 -0.0511555 0.03270369 -0.1231275 -0.05134713 0.03270369 -0.1230437 -0.05152696 0.03270369 -0.1229299 -0.0516895 0.03270369 -0.1227896 -0.05182981 0.03270369 -0.122627 -0.05194365 0.03270369 -0.1224471 -0.05202752 0.03270369 -0.1222555 -0.05207884 0.03270369 -0.1225963 -0.0503292 0.03356039 -0.1214292 -0.05149626 0.03356039 -0.1225786 -0.05053186 0.03356039 -0.1225259 -0.05072838 0.03356039 -0.1224399 -0.05091273 0.03356039 -0.1223233 -0.05107939 0.03356039 -0.1221794 -0.05122321 0.03356039 -0.1220127 -0.05133992 0.03356039 -0.1218284 -0.05142593 0.03356039 -0.1216319 -0.05147856 0.03356039 -0.1218568 -0.04955893 0.03429991 -0.1206589 -0.05075675 0.03429991 -0.1218386 -0.04976689 0.03429991 -0.1217846 -0.0499686 0.03429991 -0.1216963 -0.05015784 0.03429991 -0.1215766 -0.05032885 0.03429991 -0.1214289 -0.05047649 0.03429991 -0.1212579 -0.05059629 0.03429991 -0.1210686 -0.05068451 0.03429991 -0.120867 -0.05073857 0.03429991 -0.1210001 -0.04867291 0.03489977 -0.119773 -0.04990005 0.03489977 -0.1209815 -0.048886 0.03489977 -0.1209261 -0.04909265 0.03489977 -0.1208357 -0.04928648 0.03489977 -0.120713 -0.04946172 0.03489977 -0.1205617 -0.04961299 0.03489977 -0.1203866 -0.04973566 0.03489977 -0.1201927 -0.04982608 0.03489977 -0.1199861 -0.04988139 0.03489977 -0.1200522 -0.04770094 0.03534173 -0.1188009 -0.04895222 0.03534173 -0.1200332 -0.0479182 0.03534173 -0.1199768 -0.0481289 0.03534173 -0.1198846 -0.04832655 0.03534173 -0.1197595 -0.04850524 0.03534173 -0.1196053 -0.04865944 0.03534173 -0.1194266 -0.04878455 0.03534173 -0.1192289 -0.04887676 0.03534173 -0.1190183 -0.0489332 0.03534173 -0.119042 -0.04667484 0.0356124 -0.1177749 -0.04794204 0.0356124 -0.1190228 -0.04689484 0.0356124 -0.1189656 -0.04710823 0.0356124 -0.1188723 -0.04730844 0.0356124 -0.1187456 -0.04748934 0.0356124 -0.1185894 -0.04764556 0.0356124 -0.1184085 -0.04777222 0.0356124 -0.1182082 -0.04786562 0.0356124 -0.1179949 -0.04792279 0.0356124 -0.05696129 0.01929461 0.02950674 -0.05618566 0.01852345 0.02950674 -0.05727267 0.01980751 0.02950674 -0.05520987 0.01802933 0.02950674 -0.05749183 0.02036601 0.02950674 -0.05761235 0.02095377 0.02950674 -0.05412918 0.01786053 0.02950674 -0.0530492 0.01803356 0.02950674 -0.05207532 0.01853156 0.02950674 -0.05130273 0.01930576 0.02950674 -0.05080687 0.02028065 0.02950674 -0.05063611 0.02136105 0.02950674 -0.05071336 0.02209204 0.02950674 -0.05094164 0.02279078 0.02950674 -0.05131083 0.02342647 0.02950674 -0.05857318 0.02061063 0.0337038 -0.05713039 0.02117562 0.0300067 -0.05762046 0.02103024 0.0337038 -0.05713522 0.02128934 0.03420382 -0.05684173 0.02006459 0.0300067 -0.05615699 0.01914334 0.0300067 -0.05517631 0.01854664 0.0300067 -0.05404341 0.01836198 0.0300067 -0.05292403 0.01861631 0.0300067 -0.0519821 0.01927238 0.0300067 -0.05135554 0.02023422 0.0300067 -0.05113607 0.02136093 0.0300067 -0.05174559 0.02354305 0.02976977 -0.051521 0.02283072 0.0300067 -0.05197852 0.02344501 0.0300067 -0.05123394 0.02212059 0.0300067 -0.05203378 0.02350074 0.03420382 -0.05300873 0.02414065 0.03420382 -0.05415409 0.02436047 0.03420382 -0.05529665 0.02412694 0.03420382 -0.05626392 0.02347534 0.03420382 -0.05690956 0.02250415 0.03420382 -0.05154049 0.02370846 0.0337038 -0.05058777 0.02412813 0.0337038 -0.05130213 0.02485609 0.0337038 -0.05248367 0.02444595 0.0337038 -0.05216205 0.02540445 0.0337038 -0.05312335 0.02574509 0.0337038 -0.05362027 0.02482235 0.0337038 -0.05413669 0.02586054 0.0337038 -0.05481719 0.02479362 0.0337038 -0.05524259 0.02572238 0.0337038 -0.05593442 0.02436321 0.0337038 -0.05628061 0.02531671 0.0337038 -0.05718708 0.02466833 0.0337038 -0.05684125 0.02358138 0.0337038 -0.05790644 0.02381712 0.0337038 -0.05743145 0.02253973 0.0337038 -0.05839449 0.02281516 0.0337038 -0.0586214 0.02172404 0.0337038 -0.05763608 0.02136009 0.0337038 -0.05763435 0.02125 0.0337038 -0.05762916 0.02114003 0.0337038 -0.06649607 -0.02118563 0.03420382 -0.06629467 -0.02072799 0.03420382 -0.07453197 -0.01710218 0.03420382 -0.07473343 -0.01755982 0.03420382 -0.07479786 -0.01771384 0.03420382 -0.07485651 -0.01787024 0.03420382 -0.07490932 -0.01802867 0.03420382 -0.07257926 -0.02342128 0.03420382 -0.07287406 -0.02326446 0.03420382 -0.07227361 -0.02355581 0.03420382 -0.07195883 -0.02366733 0.03420382 -0.06672304 -0.02163201 0.03420382 -0.06664186 -0.0214861 0.03420382 -0.06656616 -0.02133721 0.03420382 -0.07427579 -0.01776123 0.0337038 -0.07433986 -0.01791554 0.0337038 -0.0743975 -0.01807236 0.0337038 -0.07444852 -0.01823151 0.0337038 -0.07267153 -0.02280336 0.0337038 -0.07237756 -0.02296328 0.0337038 -0.07207125 -0.02309811 0.0337038 -0.07175469 -0.02320683 0.0337038 -0.06855785 -0.01654088 0.0337038 -0.06858789 -0.01592427 0.0337038 -0.06775337 -0.0165776 0.0337038 -0.06778347 -0.01731508 0.0337038 -0.06711971 -0.01742726 0.0337038 -0.06953364 -0.0160439 0.0337038 -0.06956475 -0.015513 0.0337038 -0.06728619 -0.01829069 0.0337038 -0.06673145 -0.01841342 0.0337038 -0.07061523 -0.01587271 0.0337038 -0.07061529 -0.01537269 0.0337038 -0.06711477 -0.01937222 0.0337038 -0.06661587 -0.01946699 0.0337038 -0.07163459 -0.01550489 0.0337038 -0.07169675 -0.01604413 0.0337038 -0.06728589 -0.02045381 0.0337038 -0.06695371 -0.02098417 0.0337038 -0.06675225 -0.02052658 0.0337038 -0.06702423 -0.02113568 0.0337038 -0.07258653 -0.0158925 0.0337038 -0.07267236 -0.01654142 0.0337038 -0.06778287 -0.02142959 0.0337038 -0.067101 -0.0212841 0.0337038 -0.06718385 -0.02142918 0.0337038 -0.0734083 -0.01650983 0.0337038 -0.0678212 -0.02223557 0.0337038 -0.07344657 -0.01731586 0.0337038 -0.06855714 -0.02220398 0.0337038 -0.06864297 -0.02285295 0.0337038 -0.07407432 -0.01730358 0.0337038 -0.07394361 -0.01829159 0.0337038 -0.06953275 -0.02270126 0.0337038 -0.06959491 -0.0232405 0.0337038 -0.07061427 -0.02287274 0.0337038 -0.07461345 -0.01927149 0.0337038 -0.07411473 -0.01937317 0.0337038 -0.07061421 -0.0233727 0.0337038 -0.07099914 -0.02335423 0.0337038 -0.07138049 -0.02329874 0.0337038 -0.07169586 -0.02270156 0.0337038 -0.07450133 -0.02031844 0.0337038 -0.07394331 -0.0204547 0.0337038 -0.07267159 -0.02220457 0.0337038 -0.07411986 -0.02129989 0.0337038 -0.07344603 -0.02143037 0.0337038 -0.0734955 -0.02214777 0.0337038 -0.07078534 -0.01537632 0.03520381 -0.05203378 0.02350074 0.02919763 -0.05300873 0.02414065 0.02919763 -0.07061529 -0.01537269 0.03520381 -0.06946879 -0.01554036 0.03520381 -0.06841844 -0.01602965 0.03520381 -0.06755238 -0.01679939 0.03520381 -0.05713611 0.02136015 0.02919763 -0.07061517 -0.01637274 0.03420382 -0.06946706 -0.0166009 0.03420382 -0.06849372 -0.01725113 0.03420382 -0.06784325 -0.01822429 0.03420382 -0.06761473 -0.01937228 0.03420382 -0.06784296 -0.02052038 0.03420382 -0.06849312 -0.02149373 0.03420382 -0.06946629 -0.02214419 0.03420382 -0.07061433 -0.02237272 0.03420382 -0.07176244 -0.02214449 0.03420382 -0.07273578 -0.02149432 0.03420382 -0.07338625 -0.02052116 0.03420382 -0.07361477 -0.01937311 0.03420382 -0.07338654 -0.01822507 0.03420382 -0.07273638 -0.01725167 0.03420382 -0.07176315 -0.0166012 0.03420382 0.0218057 -0.02563786 0.03420382 0.02144598 -0.0252906 0.03420382 0.02107691 -0.02567285 0.0337038 0.02145844 -0.02599757 0.0337038 0.02151143 -0.02681767 0.0337038 0.02168887 -0.02623951 0.0337038 0.02179634 -0.02636742 0.0337038 0.02157616 -0.02611613 0.0337038 0.0223428 -0.02726745 0.0337038 0.02073705 -0.02604347 0.0337038 0.02034139 -0.0252366 0.0337038 0.01976126 -0.02554649 0.0337038 0.01952993 -0.02496665 0.0337038 0.02200871 -0.02779328 0.0337038 0.02263545 -0.02827882 0.0337038 0.01867967 -0.0253753 0.0337038 0.01826184 -0.02489727 0.0337038 0.01867961 -0.02487534 0.0337038 0.02218019 -0.02887487 0.0337038 0.02265405 -0.02933156 0.0337038 0.01785463 -0.02547407 0.0337038 0.01784861 -0.02496272 0.0337038 0.02200901 -0.02995645 0.0337038 0.02239733 -0.03035271 0.0337038 0.01707607 -0.02576458 0.0337038 0.02151203 -0.03093218 0.0337038 0.02188307 -0.03127139 0.0337038 0.02167147 -0.03153085 0.0337038 0.02143895 -0.03177165 0.0337038 0.02073782 -0.03170663 0.0337038 0.02118712 -0.03199225 0.0337038 0.02042585 -0.03247427 0.0337038 0.01976221 -0.03220385 0.0337038 0.01526933 -0.02809029 0.0337038 0.01957601 -0.03277373 0.0337038 0.01868063 -0.03237533 0.0337038 0.01468336 -0.02871638 0.0337038 0.01518017 -0.02887582 0.0337038 0.01868075 -0.03287529 0.0337038 0.01475942 -0.02966761 0.0337038 0.01535165 -0.02995735 0.0337038 0.01783043 -0.03278404 0.0337038 0.01759904 -0.03220415 0.0337038 0.01701897 -0.03251403 0.0337038 0.01662331 -0.03170716 0.0337038 0.01505863 -0.03057372 0.0337038 0.01584887 -0.03093296 0.0337038 0.01628345 -0.03207778 0.0337038 0.01615178 -0.03197491 0.0337038 0.01602452 -0.03186661 0.0337038 0.01590192 -0.03175306 0.0337038 0.0155422 -0.0314058 0.0337038 0.01868057 -0.03187531 0.03420382 0.01753252 -0.03164714 0.03420382 0.01655912 -0.03099691 0.03420382 0.01590871 -0.03002375 0.03420382 0.01568019 -0.0288757 0.03420382 0.01590836 -0.02772766 0.03420382 0.01655858 -0.02675431 0.03420382 0.01753175 -0.02610385 0.03420382 0.01867979 -0.02587532 0.03420382 0.01982784 -0.02610355 0.03420382 0.02080118 -0.02675372 0.03420382 0.02145165 -0.02772688 0.03420382 0.02168017 -0.02887493 0.03420382 0.02145195 -0.03002297 0.03420382 0.02080178 -0.03099638 0.03420382 0.01982861 -0.03164678 0.03420382 0.01519495 -0.03176552 0.03420382 0.01555466 -0.03211277 0.03420382 0.01567691 -0.0322265 0.03420382 0.01580333 -0.03233563 0.03420382 0.01593375 -0.03244 0.03420382 0.02179944 -0.03211879 0.03420382 0.02155029 -0.03234124 0.03420382 0.02203136 -0.03187859 0.03420382 0.02224487 -0.03162175 0.03420382 0.02214604 -0.0260052 0.03420382 0.0220372 -0.02587854 0.03420382 0.02192366 -0.02575606 0.03420382 0.01492714 0.03242331 0.03420382 0.01457983 0.0320636 0.03420382 0.02105474 0.02581256 0.03420382 0.02140206 0.02617228 0.03420382 0.02151578 0.02629458 0.03420382 0.02162492 0.02642101 0.03420382 0.02172929 0.02655136 0.03420382 0.02146005 0.03236216 0.03420382 0.02168005 0.03210705 0.03420382 0.02122157 0.0326001 0.03420382 0.02096593 0.03281956 0.03420382 0.01529449 0.03276371 0.03420382 0.01516783 0.03265482 0.03420382 0.01504534 0.03254133 0.03420382 0.0156567 0.03241401 0.0337038 0.01552873 0.03230655 0.0337038 0.01540541 0.03219383 0.0337038 0.01528686 0.03207606 0.0337038 0.01641815 0.03289645 0.0337038 0.01726835 0.03319615 0.0337038 0.01816403 0.03329783 0.0337038 0.01903682 0.03320157 0.0337038 0.01986759 0.0329172 0.0337038 0.02061623 0.03245842 0.0337038 0.02099585 0.03135544 0.0337038 0.02110862 0.03200566 0.0337038 0.02132475 0.03175002 0.0337038 0.02087193 0.03224235 0.0337038 0.02184969 0.03085345 0.0337038 0.02022147 0.03212964 0.0337038 0.02149313 0.03037983 0.0337038 0.02212601 0.02985185 0.0337038 0.01924568 0.03262668 0.0337038 0.02166461 0.0292983 0.0337038 0.01816409 0.03279781 0.0337038 0.02213507 0.02881294 0.0337038 0.02149343 0.02821671 0.0337038 0.01708257 0.03262639 0.0337038 0.02187627 0.02780669 0.0337038 0.02099645 0.02724099 0.0337038 0.02136707 0.02690106 0.0337038 0.01610696 0.0321291 0.0337038 0.02126413 0.02676945 0.0337038 0.02115583 0.0266422 0.0337038 0.02104234 0.02651959 0.0337038 0.02069503 0.02615988 0.0337038 0.02022224 0.02646654 0.0337038 0.01533275 0.03135466 0.0337038 0.0149396 0.03171634 0.0337038 0.01991099 0.02569919 0.0337038 0.01449245 0.03088384 0.0337038 0.01924663 0.02596926 0.0337038 0.01483577 0.03037893 0.0337038 0.01906085 0.0253995 0.0337038 0.01422423 0.02998614 0.0337038 0.01816505 0.02579784 0.0337038 0.01466459 0.02929735 0.0337038 0.01816511 0.02529782 0.0337038 0.01417225 0.02905064 0.0337038 0.01475858 0.02849203 0.0337038 0.01777046 0.02531731 0.0337038 0.01735973 0.0258916 0.0337038 0.01737964 0.0253756 0.0337038 0.01816415 0.03229784 0.03420382 0.01931226 0.03206962 0.03420382 0.0202856 0.03141945 0.03420382 0.02093607 0.03044623 0.03420382 0.02116459 0.02929824 0.03420382 0.02093636 0.02815014 0.03420382 0.0202862 0.02717679 0.03420382 0.01931303 0.02652633 0.03420382 0.01816499 0.0262978 0.03420382 0.01701694 0.02652603 0.03420382 0.01604354 0.0271762 0.03420382 0.01539313 0.02814942 0.03420382 0.01516461 0.02929741 0.03420382 0.01539278 0.03044551 0.03420382 0.016043 0.03141885 0.03420382 0.01701617 0.03206932 0.03420382 -0.05690956 0.02250415 0.02919763 -0.05791366 0.02380579 0.03570359 -0.0577898 0.02395695 0.03570359 -0.05719447 0.02466148 0.03570359 -0.05703669 0.02477687 0.03570359 -0.05628651 0.02531343 0.03570359 -0.05524581 0.02572154 0.03570359 -0.05505192 0.02574622 0.03570359 -0.0552845 0.02413201 0.03570359 -0.05610489 0.02538579 0.03570359 -0.05625772 0.0234816 0.03570359 -0.05413669 0.02586054 0.03570359 -0.05215156 0.0253992 0.03570359 -0.05232203 0.02546185 0.03570359 -0.0529884 0.02413237 0.03570359 -0.05329805 0.025765 0.03570359 -0.05311763 0.02574378 0.03570359 -0.05136471 0.02250915 0.03570359 -0.05201506 0.02348214 0.03570359 -0.05113607 0.02136093 0.03570359 -0.05143988 0.02494537 0.03570359 -0.05128854 0.02484482 0.03570359 -0.05413651 0.02436053 0.03570359 -0.03799504 0.02971333 0.03570359 -0.05061012 0.02415657 0.03570359 -0.03756242 0.02979844 0.03570359 -0.0370239 0.02972662 0.03570359 -0.03786355 0.02976083 0.03570359 -0.03772836 0.02978932 0.03570359 -0.0360493 0.02925992 0.03570359 -0.03651207 0.02954447 0.03570359 0.01416945 0.02910083 0.03570359 0.01423019 0.0300191 0.03570359 0.01449912 0.03089922 0.03570359 0.01496207 0.03169459 0.03570359 0.01457989 0.03206366 0.03570359 0.01492714 0.03242331 0.03570359 0.01516461 0.02929741 0.03570359 0.01529443 0.03276365 0.03570359 0.01539278 0.03044551 0.03570359 0.016043 0.03141885 0.03570359 0.01565665 0.03241407 0.03570359 0.01641809 0.03289639 0.03570359 0.01539313 0.02814942 0.03570359 0.01701617 0.03206932 0.03570359 0.01701676 0.02652615 0.03570359 0.01726824 0.03319609 0.03570359 0.01742357 0.02536708 0.03570359 0.0177927 0.02531516 0.03570359 0.01604354 0.0271762 0.03570359 0.01816415 0.03329783 0.03570359 0.01816439 0.03229779 0.03570359 0.01816511 0.02529782 0.03570359 0.01816499 0.0262978 0.03570359 0.01906085 0.0253995 0.03570359 0.01931226 0.03206962 0.03570359 0.01903718 0.03320145 0.03570359 0.01931285 0.02652633 0.03570359 0.01991111 0.02569925 0.03570359 0.01986801 0.03291696 0.03570359 0.02028602 0.02717667 0.03570359 0.02067255 0.02618157 0.03570359 0.0202856 0.03141945 0.03570359 0.02061682 0.03245794 0.03570359 0.02105474 0.02581256 0.03570359 0.02093631 0.02815002 0.03570359 0.02116453 0.02929806 0.03570359 0.02093613 0.03044605 0.03570359 0.02172929 0.02655136 0.03570359 0.02167999 0.03210711 0.03570359 0.02187633 0.02780693 0.03570359 0.02184933 0.03085434 0.03570359 0.02212595 0.0298525 0.03570359 0.02140206 0.02617228 0.03570359 0.02136713 0.026901 0.03570359 0.02132415 0.03175097 0.03570359 0.02213513 0.02881336 0.03570359 0.02096593 0.03281956 0.03570359 -0.08086723 5.16152e-5 0.03570359 -0.08083212 -0.001145958 0.03570359 -0.08071112 -0.002338528 0.03570359 -0.08081632 0.001249194 0.03570359 -0.08067959 0.002440035 0.03570359 -0.07938688 -0.006931245 0.03570359 -0.07984089 -0.005821883 0.03570359 -0.08021432 -0.004682242 0.03570359 -0.08050471 -0.003519892 0.03570359 -0.08045756 0.003618597 0.03570359 -0.08015185 0.004777014 0.03570359 -0.07976341 0.005911648 0.03570359 -0.07824647 -0.009037613 0.03570359 -0.07885468 -0.008004665 0.03570359 -0.0792948 0.00701493 0.03570359 -0.07874816 0.008081734 0.03570359 -0.07812672 0.00910604 0.03570359 -0.07743269 0.01008409 0.03570359 -0.07667094 0.01100885 0.03570359 -0.07584404 0.01187747 0.03570359 -0.07495778 0.01268368 0.03570359 -0.07490932 -0.01802861 0.03570359 -0.07461345 -0.01927155 0.03570359 -0.07473343 -0.01755982 0.03570359 -0.07444852 -0.01823151 0.03570359 -0.07404559 -0.01731622 0.03570359 -0.07361471 -0.01937294 0.03570359 -0.07453197 -0.01710224 0.03570359 -0.0741927 -0.01341009 0.03570359 -0.07338613 -0.02052128 0.03570359 -0.07320857 -0.01409453 0.03570359 -0.07246136 -0.01454818 0.03570359 -0.07266861 -0.0159403 0.03570359 -0.07287406 -0.0232644 0.03570359 -0.07267129 -0.02280366 0.03570359 -0.0727362 -0.01725161 0.03570359 -0.07344216 -0.01654326 0.03570359 -0.0741198 -0.02130007 0.03570359 -0.07349526 -0.02214807 0.03570359 -0.07273578 -0.02149432 0.03570359 -0.07450127 -0.02031868 0.03570359 -0.07338654 -0.01822507 0.03570359 -0.07195883 -0.02366733 0.03570359 -0.07756578 -0.01002424 0.03570359 -0.07681566 -0.01095998 0.03570359 -0.07600063 -0.01183897 0.03570359 -0.07512509 -0.0126568 0.03570359 -0.07401502 0.01342493 0.03570359 -0.073022 0.01409626 0.03570359 -0.07198381 0.01469433 0.03570359 -0.07177162 -0.01554369 0.03570359 -0.07176297 -0.0166012 0.03570359 -0.071756 -0.02320653 0.03570359 -0.07138139 -0.02329856 0.03570359 -0.07169139 -0.01496207 0.03570359 -0.07061517 -0.01637274 0.03570359 -0.07061433 -0.02237272 0.03570359 -0.07061421 -0.0233727 0.03570359 -0.07099962 -0.02335417 0.03570359 -0.07176256 -0.02214443 0.03570359 -0.07090073 -0.01533508 0.03570359 -0.06946647 -0.02214425 0.03570359 -0.06959503 -0.02324056 0.03570359 -0.06864303 -0.02285301 0.03570359 -0.06849372 -0.01725113 0.03570359 -0.06946694 -0.01660102 0.03570359 -0.06784307 -0.02052056 0.03570359 -0.06761479 -0.01937246 0.03570359 -0.06718397 -0.0214293 0.03570359 -0.06849312 -0.02149373 0.03570359 -0.0678212 -0.02223557 0.03570359 -0.06784325 -0.01822429 0.03570359 -0.05560058 0.01706409 0.01281839 -0.06700992 -0.01763927 0.03570359 -0.06672304 -0.02163201 0.03570359 -0.0666185 -0.01954668 0.03570359 -0.06649607 -0.02118563 0.03570359 -0.06629467 -0.02072805 0.03570359 -0.06678098 -0.02051395 0.03570359 -0.06504803 -0.01791125 0.03570359 -0.06669634 -0.01856899 0.03570359 -0.07080501 -0.01537722 0.03570359 -0.07090491 0.01521664 0.03570359 -0.05862277 0.02170395 0.03570359 -0.05858755 0.02189618 0.03570359 -0.05857902 0.02064615 0.03570359 -0.05713611 0.02136009 0.03570359 -0.05690759 0.02021211 0.03570359 -0.05839973 0.02279925 0.03570359 -0.05625712 0.01923894 0.03570359 -0.05528378 0.01858872 0.03570359 -0.05413573 0.01836055 0.03570359 -0.05201452 0.01923948 0.03570359 -0.05298769 0.01858907 0.03570359 -0.04468697 -0.02299112 0.03570359 -0.05056375 -0.02309447 0.03570359 -0.05316758 -0.02314031 0.03570359 -0.05161625 -0.02311301 0.03570359 0.01468163 -0.02876675 0.03570359 0.01476621 -0.02970045 0.03570359 0.01506584 -0.03058898 0.03570359 0.01519495 -0.03176552 0.03570359 0.01590836 -0.02772766 0.03570359 0.01568019 -0.02887552 0.03570359 0.01555466 -0.03211277 0.03570359 0.01556396 -0.03138327 0.03570359 0.01590877 -0.03002393 0.03570359 0.01593369 -0.03244 0.03570359 0.01628339 -0.03207784 0.03570359 0.01655912 -0.03099691 0.03570359 0.01783055 -0.03278404 0.03570359 0.01753252 -0.03164714 0.03570359 0.01788932 -0.02495425 0.03570359 0.01701897 -0.03251403 0.03570359 0.01753175 -0.02610385 0.03570359 0.01655858 -0.02675431 0.03570359 0.01828253 -0.02489513 0.03570359 0.01867961 -0.02487534 0.03570359 0.01868075 -0.03287529 0.03570359 0.01868039 -0.03187531 0.03570359 0.01867979 -0.02587532 0.03570359 0.01952981 -0.02496659 0.03570359 0.01982784 -0.02610355 0.03570359 0.01982843 -0.03164684 0.03570359 0.02042669 -0.03247392 0.03570359 0.02034139 -0.0252366 0.03570359 0.01957643 -0.03277361 0.03570359 0.02144598 -0.0252906 0.03570359 0.02080166 -0.03099644 0.03570359 0.02080118 -0.02675372 0.03570359 0.02107691 -0.02567285 0.03570359 0.021452 -0.03002279 0.03570359 0.02179634 -0.02636742 0.03570359 0.02155029 -0.03234118 0.03570359 0.02168017 -0.02887493 0.03570359 0.02118808 -0.0319916 0.03570359 0.02145165 -0.02772688 0.03570359 0.0218057 -0.02563786 0.03570359 0.02214604 -0.02600514 0.03570359 0.0223971 -0.03035336 0.03570359 0.02224487 -0.03162175 0.03570359 0.02234286 -0.02726757 0.03570359 0.02188265 -0.03127205 0.03570359 0.02263551 -0.02827924 0.03570359 0.02265399 -0.02933216 0.03570359 -0.0583176 0.02297657 0.03570359 -0.05690789 0.0225082 0.03570359 -0.0513643 0.02021288 0.03570359 -0.05415409 0.02436047 0.02919763 -0.05626392 0.02347534 0.02919763 -0.05529665 0.02412694 0.02919763 -0.0418232 -0.02294075 0.03570359 -0.03588438 0.02918398 0.03570359 -0.01873254 -0.03763735 0.03570359 -0.02593141 -0.03545361 0.03570359 -0.03256589 -0.03190743 0.03570359 -0.03838104 -0.02713501 0.03570359 -0.03256589 0.03190737 0.03570359 -0.02593141 0.03545361 0.03570359 -0.01873254 0.03763735 0.03570359 0.01478767 -0.02803885 0.03570359 0.01427608 0.02845865 0.03570359 0.01762133 -0.02502411 0.03570359 0.01731967 0.02539169 0.03570359 0.02712869 0 0.03570359 0.02639132 -0.007486522 0.03570359 0.02639132 0.007486522 0.03570359 0.02420759 -0.01468533 0.03570359 0.02420759 0.01468533 0.03570359 0.02066135 -0.02131986 0.03570359 0.02066135 0.02131986 0.03570359 -0.01124602 -0.03837472 0.03570359 -0.003759443 -0.03763735 0.03570359 0.003439307 -0.03545361 0.03570359 0.01007378 -0.03190737 0.03570359 0.01007378 0.03190743 0.03570359 0.003439307 0.03545361 0.03570359 -0.003759503 0.03763735 0.03570359 -0.01124602 0.03837472 0.03570359 -0.03391087 0.02044582 0.01527971 -0.03772282 0.02044528 0.01527971 -0.03272283 0.02044594 0.01527971 -0.03772258 0.01901966 0.01527971 -0.03772199 0.0144453 0.01527971 -0.03653395 0.01444542 0.01527971 -0.03272199 0.01444596 0.01527971 -0.03272259 0.01902031 0.01527971 0.01762187 -0.02502346 0.0337038 0.01752108 -0.0251463 0.0337038 0.01725965 -0.02546483 0.0337038 0.0169357 -0.02585959 0.0337038 0.01549142 -0.02746129 0.0337038 0.01523488 -0.02767181 0.0337038 0.01498073 -0.02788037 0.0337038 0.01479291 -0.02803456 0.0337038 0.01557749 -0.02739065 0.03376358 0.01623523 -0.02671307 0.03393536 0.01588898 -0.02713501 0.0338841 0.01645708 -0.02644276 0.03390645 0.01478618 -0.02804005 0.03524518 0.01762211 -0.02502316 0.03502076 0.01498079 0.02788037 0.0337038 0.01473891 0.02807885 0.0337038 0.01671838 0.02612435 0.0337038 0.0169264 0.02587085 0.0337038 0.01712852 0.02562463 0.0337038 0.01450413 0.02827155 0.0337038 0.01428008 0.02845543 0.0337038 0.01664751 0.02621078 0.03376328 0.0163452 0.02657908 0.03389775 0.01600372 0.02699518 0.03404319 0.01588898 0.02713501 0.03406143 0.01544457 0.02749967 0.03390777 0.01508831 0.02779209 0.03377783 0.01732122 0.02538979 0.03407025 0.01427406 0.02846032 0.03508037 -0.04909414 0.005347073 0.01527971 -0.04840719 0.003082633 0.01527971 -0.04809874 -4.94078e-5 0.01527971 -0.04818451 -9.20605e-4 0.01527971 -0.04832243 -0.002320468 0.01527971 -0.04840719 -0.003181457 0.01527971 -0.04908674 -0.005421638 0.01527971 -0.06383794 -0.01658463 0.01237887 -0.06039053 -0.01737385 0.01286232 -0.05694311 -0.01816302 0.01334583 -0.0534957 -0.01895225 0.01382929 -0.05004829 -0.01974141 0.01431274 -0.04660087 -0.02053064 0.01479619 -0.06026828 0.01546823 0.01189541 -0.05951529 0.01523983 0.01189541 -0.05876237 0.01501142 0.01189541 -0.06841844 -0.01602965 0.03570204 -0.06755238 -0.01679939 0.03570204 -0.0571565 0.01653212 0.01251071 -0.05871236 0.01600015 0.01220309 -0.07061529 -0.01537269 0.03568226 -0.06946879 -0.01554036 0.03568226 -0.05404472 0.01759606 0.01312607 -0.0524888 0.01812803 0.01343369 -0.05093294 0.01866 0.01374137 -0.04937702 0.01919198 0.01404905 -0.04782116 0.01972395 0.01435667 -0.04626524 0.02025592 0.01466435 -0.04470932 0.02078789 0.01497203 -0.1085314 0.05289995 0.01642966 -0.1083593 0.05289995 0.01468259 -0.1083593 0.05289995 0.01817667 -0.1070222 0.05289995 0.01145446 -0.1078497 0.05289995 0.01985663 -0.1070222 0.05289995 0.02140474 -0.1078497 0.05289995 0.01300269 -0.1070222 0.05289995 0.0214048 -0.1045515 0.05289995 0.008983731 -0.1059085 0.05289995 0.02276182 -0.1013234 0.05289995 0.02521264 -0.1013234 0.05289995 0.00764662 -0.1030033 0.05289995 0.02470308 -0.1030033 0.05289995 0.00815618 -0.1045515 0.05289995 0.02387553 -0.1059085 0.05289995 0.01009744 -0.09782934 0.05289995 0.00764662 -0.09782934 0.05289995 0.02521264 -0.09460127 0.05289995 0.008983731 -0.09460127 0.05289995 0.02387553 -0.09614944 0.05289995 0.00815618 -0.09614944 0.05289995 0.02470308 -0.09213054 0.05289995 0.01145446 -0.09213054 0.05289995 0.0214048 -0.09062135 0.05289995 0.01642966 -0.09079343 0.05289995 0.01817667 -0.09079343 0.05289995 0.01468259 -0.09130305 0.05289995 0.01985663 -0.09130305 0.05289995 0.01300269 -0.09324425 0.05289995 0.02276182 -0.09324425 0.05289995 0.01009744 -0.09957635 0.05289995 0.007474541 -0.09957635 0.05289995 0.02538472 -0.1024197 0.05289906 0.009565114 -0.09812688 0.05289906 0.009142339 -0.09957635 0.05289906 0.008999586 -0.1010259 0.05289906 0.009142339 -0.09673303 0.05289906 0.009565114 -0.1048302 0.05289906 0.01117575 -0.09544849 0.05289906 0.01025176 -0.1037043 0.05289906 0.01025176 -0.09432256 0.05289906 0.01117575 -0.1057542 0.05289906 0.01230168 -0.09339857 0.05289906 0.01230168 -0.1064408 0.05289906 0.01358628 -0.09271192 0.05289906 0.01358628 -0.1068636 0.05289906 0.01498007 -0.1070064 0.05289906 0.01642966 -0.09228914 0.05289906 0.01498007 -0.09214639 0.05289906 0.01642966 -0.1068636 0.05289906 0.01787918 -0.09228914 0.05289906 0.01787918 -0.1064408 0.05289906 0.01927298 -0.09271192 0.05289906 0.01927298 -0.1057542 0.05289906 0.02055758 -0.09339857 0.05289906 0.02055758 -0.1048302 0.05289906 0.02168351 -0.1037043 0.05289906 0.0226075 -0.09432256 0.05289906 0.02168351 -0.1024197 0.05289906 0.02329415 -0.1010259 0.05289906 0.02371692 -0.09957635 0.05289906 0.02385973 -0.09673303 0.05289906 0.02329415 -0.09544849 0.05289906 0.0226075 -0.09812688 0.05289906 0.02371692 -0.09957635 0.03038948 0.008999586 -0.1010259 0.03038948 0.02371692 -0.1057542 0.03038948 0.02055758 -0.1070064 0.03038948 0.01642966 -0.1068636 0.03038948 0.01498007 -0.1064408 0.03038948 0.01358628 -0.09673303 0.03038948 0.02329415 -0.09432256 0.03038948 0.01117575 -0.09339857 0.03038948 0.01230168 -0.1048302 0.03038948 0.01117575 -0.09432256 0.03038948 0.02168351 -0.09957635 0.03038948 0.02385973 -0.1048302 0.03038948 0.02168351 -0.09214639 0.03038948 0.01642966 -0.09812688 0.03038948 0.02371692 -0.1024197 0.03038948 0.009565114 -0.09271192 0.03038948 0.01927298 -0.1024197 0.03038948 0.02329415 -0.1064408 0.03038948 0.01927298 -0.09339857 0.03038948 0.02055758 -0.1057542 0.03038948 0.01230168 -0.1068636 0.03038948 0.01787918 -0.1037043 0.03038948 0.0226075 -0.1057542 0.02087944 0.01035565 -0.1024197 0.01727038 0.02101123 -0.09432256 0.02799504 0.01117575 -0.1068636 0.02679783 0.01787918 -0.1070064 0.0187534 0.01389396 -0.1070064 0.02799504 0.01642966 -0.1057542 0.01765364 0.01804894 -0.1057542 0.005118131 7.38655e-4 -0.1057542 0.005123019 -1.66506e-5 -0.1064408 0.006407558 -1.13975e-5 -0.1064408 0.008601486 0.007915198 -0.1010259 0.02250665 0.007647514 -0.1010259 0.01906663 0.005463898 -0.1010259 0.01712608 0.002441585 -0.09214639 0.01228779 0.008393764 -0.09271192 0.01831519 0.01694786 -0.09957635 0.01595288 0.02087944 -0.1064408 0.01338666 0.004842698 -0.09544849 0.01542377 7.80826e-4 -0.09544849 0.02193522 0.008598506 -0.1068636 0.01950001 0.0126515 -0.09228914 0.02799504 0.01787918 -0.1024197 0.02799504 0.009565114 -0.1024197 0.02331507 0.00862658 -0.09812688 0.006802618 0.01333856 -0.1068636 0.01415437 0.008618056 -0.1068636 0.01286065 0.006603181 -0.1068636 0.0107004 6.1696e-6 -0.1048302 0.02919226 0.02168351 -0.09271192 0.01626282 0.01571458 -0.09271192 0.01054203 0.01093751 -0.09432256 0.01450467 2.17441e-5 -0.1024197 0.01871085 0.005692303 -0.1037043 0.01619255 0.003041028 -0.09339857 0.02190566 0.01097226 -0.09228914 0.01221382 0.005595743 -0.09957635 0.001816034 7.25142e-4 -0.1010259 0.02679783 0.009142339 -0.1010259 0.0184198 0.00445646 -0.09214639 0.02799504 0.01642966 -0.1064408 0.006402671 7.43906e-4 -0.1070064 0.02679783 0.01642966 -0.1070064 0.01099407 0.006378948 -0.1057542 0.01511442 0.00515604 -0.09339857 0.008814275 0.01062411 -0.09432256 0.007866859 0.01123249 -0.1010259 0.01397401 0.01952379 -0.09957635 0.02679783 0.008999586 -0.09957635 0.02463257 0.008758366 -0.09957635 0.02360635 0.008141756 -0.09957635 0.02155393 0.006908535 -0.09957635 0.01667594 7.85955e-4 -0.1048302 0.02351176 0.01062375 -0.1048302 0.01450467 2.17404e-5 -0.1068636 0.02919226 0.01498007 -0.1064408 0.01468038 0.006857514 -0.1048302 0.007866859 0.01123249 -0.09228914 0.02919226 0.01787918 -0.09271192 0.02799504 0.01927298 -0.09544849 0.02799504 0.01025176 -0.09432256 0.02679783 0.01117575 -0.09432256 0.02351176 0.01062375 -0.1037043 0.02193522 0.008598506 -0.1037043 0.0181331 0.006063282 -0.1037043 0.01683938 0.004048466 -0.09812688 0.02679783 0.02371692 -0.09812688 0.00486207 0.01031631 -0.09271192 0.01532721 0.007864952 -0.09812688 0.02455902 0.008880794 -0.09673303 0.02434128 0.00924319 -0.09812688 0.02250665 0.007647514 -0.09812688 0.01906663 0.005463898 -0.1010259 0.02353286 0.008264124 -0.1057542 0.01446759 0.004148602 -0.09339857 0.01867985 0.01866555 -0.09339857 0.01765364 0.01804894 -0.1010259 0.01705265 0.02137362 -0.09544849 0.02919226 0.0226075 -0.1068636 0.02155238 0.01388472 -0.09544849 0.02296143 0.009215116 -0.1037043 0.01748621 0.005055844 -0.09339857 0.01640814 0.007170915 -0.09339857 0.01337385 7.72436e-4 -0.09339857 0.01337873 1.71322e-5 -0.1024197 0.01521801 0.01977801 -0.09812688 0.02919226 0.009142339 -0.09673303 0.02228885 0.00800997 -0.09812688 0.01653808 3.00594e-5 -0.09228914 0.01415437 0.008618056 -0.09957635 0.01390051 0.01964616 -0.09214639 0.02080583 0.01512718 -0.1068636 0.02799504 0.01787918 -0.1064408 0.01728898 0.01633125 -0.1057542 0.01867985 0.01866555 -0.1057542 0.02293187 0.01158887 -0.09339857 0.01662743 0.01743233 -0.09339857 0.005118131 7.3865e-4 -0.09432256 0.003992259 7.34046e-4 -0.09544849 0.01557159 0.01918947 -0.1064408 0.02799504 0.01358628 -0.1064408 0.02021783 0.01145672 -0.1068636 0.01069551 7.61474e-4 -0.1037043 0.0165978 0.01980608 -0.1048302 0.008513689 0.01223987 -0.09228914 0.01042121 0.008169531 -0.09271192 0.006407558 -1.13942e-5 -0.09544849 0.01619255 0.003041028 -0.09544849 0.01542866 2.55202e-5 -0.1024197 0.02679783 0.009565114 -0.1024197 0.01741713 0.003677487 -0.09812688 0.01602643 0.02075701 -0.09673303 0.007158398 0.0131101 -0.09673303 0.00521785 0.01008784 -0.09271192 0.02799504 0.01358628 -0.1024197 0.02799504 0.02329415 -0.1024197 0.02679783 0.02329415 -0.1024197 0.002381622 7.27452e-4 -0.09673303 0.01741713 0.003677487 -0.09228914 0.01069551 7.6148e-4 -0.09214639 0.01977962 0.01451057 -0.09214639 0.01772719 0.01327735 -0.1068636 0.02919226 0.01787918 -0.1064408 0.01626276 0.01571458 -0.1057542 0.02679783 0.01230168 -0.1057542 0.02190566 0.01097226 -0.09339857 0.02919226 0.02055758 -0.1010259 0.001963734 -2.95778e-5 -0.09544849 0.005795598 0.009716868 -0.09957635 0.02799504 0.008999586 -0.1068636 0.02799504 0.01498007 -0.1064408 0.02679783 0.01358628 -0.1048302 0.01809996 0.01963067 -0.1048302 0.01707375 0.01901406 -0.1037043 0.01454544 0.01857286 -0.09228914 0.009774327 0.007162153 -0.09673303 0.01624417 0.02039462 -0.09339857 0.01446759 0.004148602 -0.09271192 0.01209419 1.18786e-5 -0.1024197 0.00521785 0.01008784 -0.09812688 0.0184198 0.00445646 -0.09812688 0.01777291 0.003449022 -0.09673303 0.01611524 2.83351e-5 -0.1010259 0.02919226 0.009142339 -0.1010259 0.02148044 0.007030904 -0.1068636 0.01106804 0.009176969 -0.1057542 0.008814275 0.01062411 -0.1057542 0.01576125 0.006163477 -0.1057542 0.01337873 1.71364e-5 -0.09339857 0.02799504 0.02055758 -0.09432256 0.003997147 -2.12588e-5 -0.1064408 0.02919226 0.01358628 -0.1064408 0.01209419 1.18786e-5 -0.1048302 0.02679783 0.02168351 -0.1037043 0.006442487 0.0107243 -0.1048302 0.003992259 7.34046e-4 -0.09228914 0.02679783 0.01787918 -0.09228914 0.01698064 0.01451987 -0.09432256 0.01670873 0.005555152 -0.09432256 0.01449978 7.77048e-4 -0.1024197 0.02228885 0.00800997 -0.09673303 0.02679783 0.02329415 -0.09673303 0.01727038 0.02101123 -0.09271192 0.02227026 0.01268994 -0.09271192 0.01468038 0.006857514 -0.09271192 0.01338666 0.004842698 -0.1024197 0.01624417 0.02039462 -0.1024197 0.007158398 0.0131101 -0.1024197 0.005864679 0.01109528 -0.09673303 0.01871085 0.005692303 -0.09214639 0.02919226 0.01642966 -0.09214639 0.02679783 0.01642966 -0.09214639 0.009245991 7.55542e-4 -0.1057542 0.007520556 0.008609294 -0.1057542 0.01985323 0.009739041 -0.1057542 0.01640814 0.007170915 -0.09432256 0.01502132 0.01778078 -0.09432256 0.008513689 0.01223987 -0.09432256 0.00657314 0.009217619 -0.1010259 0.001958847 7.25725e-4 -0.09544849 0.02799504 0.0226075 -0.09544849 0.007736146 0.01273912 -0.1048302 0.02145934 0.009390532 -0.1048302 0.02043312 0.008773922 -0.1048302 0.01670873 0.005555152 -0.1068636 0.0184738 0.01203489 -0.1068636 0.01350748 0.007610619 -0.1048302 0.02799504 0.02168351 -0.1048302 0.00657314 0.009217619 -0.09271192 0.008601486 0.007915198 -0.09544849 0.02679783 0.01025176 -0.09432256 0.02145934 0.009390532 -0.1037043 0.02398765 0.009831726 -0.1037043 0.02090901 0.007981896 -0.1024197 0.0167703 0.002670049 -0.09673303 0.02799504 0.02329415 -0.09812688 0.01397401 0.01952379 -0.09339857 0.02799504 0.01230168 -0.09271192 0.02124404 0.01207333 -0.09812688 0.02799504 0.009142339 -0.09812688 0.02353286 0.008264124 -0.09228914 0.02799504 0.01498007 -0.09957635 0.01492673 0.02026277 -0.1064408 0.02679783 0.01927298 -0.1064408 0.009895205 0.009930074 -0.1064408 0.009248316 0.008922636 -0.1070064 0.0116409 0.007386386 -0.1057542 0.02919226 0.02055758 -0.1057542 0.01337385 7.72442e-4 -0.1010259 0.006155788 0.01233112 -0.09544849 0.02679783 0.0226075 -0.09544849 0.007089316 0.01173174 -0.09544849 0.006442487 0.0107243 -0.1048302 0.01606184 0.004547715 -0.1048302 0.01541501 0.003540277 -0.1064408 0.02227026 0.01268994 -0.1064408 0.01919168 0.01084011 -0.1037043 0.01762402 0.02042269 -0.09271192 0.02679783 0.01927298 -0.1037043 0.02919226 0.01025176 -0.1037043 0.01542866 2.55202e-5 -0.1024197 0.01611524 2.83351e-5 -0.09673303 0.0141918 0.0191614 -0.09271192 0.02679783 0.01358628 -0.1024197 0.006511569 0.01210272 -0.09673303 0.02919226 0.009565114 -0.09812688 0.02679783 0.009142339 -0.09812688 0.01712608 0.002441585 -0.09673303 0.0167703 0.002670049 -0.09957635 0.005388796 0.01140087 -0.1010259 0.01653808 3.0065e-5 -0.09214639 0.01293462 0.009401202 -0.1068636 0.01042121 0.008169531 -0.1068636 0.007796466 7.49617e-4 -0.1070064 0.009250879 2.38011e-7 -0.1057542 0.01662743 0.01743233 -0.09339857 0.02679783 0.02055758 -0.09432256 0.01604753 0.01839745 -0.1010259 0.005508899 0.01132375 -0.09544849 0.01454544 0.01857286 -0.1064408 0.01532721 0.007864952 -0.1037043 0.02799504 0.0226075 -0.1037043 0.02679783 0.0226075 -0.1037043 0.01557159 0.01918947 -0.1048302 0.01604753 0.01839745 -0.09228914 0.007796466 7.49611e-4 -0.09228914 0.007801413 -5.69312e-6 -0.09544849 0.02090901 0.007981896 -0.09432256 0.01606184 0.004547715 -0.1037043 0.01542377 7.80826e-4 -0.09339857 0.01511442 0.00515604 -0.1024197 0.00238651 -2.78535e-5 -0.09228914 0.02919226 0.01498007 -0.09228914 0.02679783 0.01498007 -0.09957635 0.02919226 0.02385973 -0.09957635 0.006035625 0.01240831 -0.1010259 0.02799504 0.009142339 -0.1010259 0.01777291 0.003449022 -0.1010259 0.01653319 7.85371e-4 -0.1064408 0.0193414 0.01756447 -0.1057542 0.008167445 0.009616672 -0.09339857 0.009461104 0.01163154 -0.09339857 0.007520556 0.008609294 -0.09339857 0.005123019 -1.66548e-5 -0.1010259 0.02919226 0.02371692 -0.09544849 0.01762402 0.02042269 -0.1068636 0.02679783 0.01498007 -0.1064408 0.02124404 0.01207333 -0.1037043 0.02919226 0.0226075 -0.1048302 0.007220029 0.01022505 -0.1048302 0.003997147 -2.12588e-5 -0.09271192 0.02919226 0.01927298 -0.09228914 0.01106804 0.009176969 -0.09544849 0.02919226 0.01025176 -0.1037043 0.02679783 0.01025176 -0.1024197 0.01806402 0.004684925 -0.09673303 0.02919226 0.02329415 -0.09812688 0.001958847 7.25725e-4 -0.09673303 0.00238651 -2.78535e-5 -0.09812688 0.001963734 -2.95778e-5 -0.09339857 0.02679783 0.01230168 -0.09812688 0.02148044 0.007030904 -0.09228914 0.02052623 0.01326811 -0.1064408 0.02799504 0.01927298 -0.1068636 0.01171493 0.0101844 -0.1070064 0.01977962 0.01451057 -0.1070064 0.01772719 0.01327735 -0.1057542 0.01560121 0.01681572 -0.1010259 0.02679783 0.02371692 -0.1010259 0.01602643 0.02075701 -0.1068636 0.02052617 0.01326811 -0.09228914 0.02005928 0.0163697 -0.09228914 0.01800686 0.01513648 -0.09271192 0.01728898 0.01633125 -0.09271192 0.006402671 7.43912e-4 -0.09544849 0.0181331 0.006063282 -0.09432256 0.01541501 0.003540277 -0.1024197 0.01611036 7.83641e-4 -0.09812688 0.02799504 0.02371692 -0.09812688 0.01705265 0.02137362 -0.09812688 0.006155788 0.01233112 -0.09673303 0.002381622 7.27452e-4 -0.09339857 0.02919226 0.01230168 -0.09271192 0.02919226 0.01358628 -0.09339857 0.02087944 0.01035565 -0.09228914 0.01286065 0.006603181 -0.09957635 0.02799504 0.02385973 -0.09957635 0.006682515 0.01341569 -0.09957635 0.004741966 0.01039344 -0.09214639 0.0187534 0.01389396 -0.1064408 0.02919226 0.01927298 -0.1068636 0.009774327 0.007162153 -0.1070064 0.01228779 0.008393764 -0.09432256 0.02799504 0.02168351 -0.09432256 0.01707375 0.01901406 -0.09339857 0.008167445 0.009616672 -0.1010259 0.01500022 0.0201404 -0.1010259 0.006802618 0.01333856 -0.09957635 0.02919226 0.008999586 -0.09957635 0.01918679 0.00538671 -0.09957635 0.0185399 0.004379332 -0.09957635 0.01789307 0.003371894 -0.09957635 0.01724618 0.002364456 -0.1064408 0.01403349 0.005850076 -0.1068636 0.01221382 0.005595743 -0.1048302 0.01502132 0.01778078 -0.1037043 0.007736146 0.01273912 -0.1037043 0.005795598 0.009716868 -0.09228914 0.01171487 0.0101844 -0.09271192 0.009895205 0.009930074 -0.09271192 0.009248316 0.008922636 -0.09432256 0.02919226 0.01117575 -0.09544849 0.02398765 0.009831726 -0.09432256 0.02248555 0.01000714 -0.09432256 0.02043312 0.008773922 -0.09544849 0.01683938 0.004048466 -0.1024197 0.02434128 0.00924319 -0.1037043 0.02296143 0.009215116 -0.1024197 0.02126264 0.00739336 -0.09812688 0.01500022 0.0201404 -0.09673303 0.006511569 0.01210272 -0.09271192 0.02021783 0.01145672 -0.09271192 0.01919168 0.01084011 -0.09271192 0.01403349 0.005850076 -0.09271192 0.01208931 7.67184e-4 -0.09812688 0.01653319 7.85365e-4 -0.09228914 0.01950001 0.0126515 -0.09228914 0.0107004 6.17473e-6 -0.09957635 0.02679783 0.02385973 -0.09957635 0.01697909 0.02149605 -0.09957635 0.001820981 -3.01645e-5 -0.09214639 0.0116409 0.007386386 -0.09214639 0.009250879 2.38011e-7 -0.1064408 0.01831519 0.01694786 -0.1068636 0.01800686 0.01513648 -0.1068636 0.007801353 -5.68893e-6 -0.1070064 0.02919226 0.01642966 -0.1070064 0.02080583 0.01512718 -0.1070064 0.01293462 0.009401202 -0.1070064 0.009245991 7.55542e-4 -0.1057542 0.02679783 0.02055758 -0.1057542 0.02919226 0.01230168 -0.1057542 0.02799504 0.01230168 -0.09432256 0.02919226 0.02168351 -0.09432256 0.02679783 0.02168351 -0.09432256 0.007220029 0.01022505 -0.09544849 0.0165978 0.01980608 -0.09544849 0.003068208 7.30266e-4 -0.09957635 0.02258014 0.007525146 -0.09957635 0.01668083 3.06503e-5 -0.1048302 0.02799504 0.01117575 -0.1048302 0.02679783 0.01117575 -0.1048302 0.01449978 7.77044e-4 -0.1064408 0.01208931 7.67184e-4 -0.1037043 0.003068208 7.30261e-4 -0.1037043 0.02799504 0.01025176 -0.09812688 0.02919226 0.02371692 -0.09673303 0.01521801 0.01977801 -0.09673303 0.005864679 0.01109528 -0.09339857 0.01985323 0.009739041 -0.1024197 0.0141918 0.0191614 -0.09673303 0.01806402 0.004684925 -0.09228914 0.02155238 0.01388472 -0.09228914 0.0184738 0.01203489 -0.09228914 0.01350748 0.007610619 -0.1010259 0.02455908 0.008880794 -0.09214639 0.01099407 0.006378948 -0.1068636 0.02005928 0.0163697 -0.1068636 0.01903307 0.01575309 -0.1068636 0.01698064 0.01451987 -0.1064408 0.01054203 0.01093751 -0.1057542 0.009461164 0.01163154 -0.09339857 0.01560121 0.01681572 -0.1048302 0.02919226 0.01117575 -0.1048302 0.02248555 0.01000714 -0.1048302 0.01735556 0.00656253 -0.1037043 0.007089316 0.01173174 -0.1037043 0.003073155 -2.50437e-5 -0.09271192 0.0193414 0.01756447 -0.09228914 0.01903307 0.01575309 -0.09432256 0.01735556 0.00656253 -0.09544849 0.01748621 0.005055844 -0.1024197 0.02919226 0.009565114 -0.09812688 0.005508899 0.01132375 -0.09339857 0.02293187 0.01158887 -0.09339857 0.01576125 0.006163477 -0.1024197 0.02919226 0.02329415 -0.09673303 0.02799504 0.009565114 -0.09673303 0.02679783 0.009565114 -0.09673303 0.02331507 0.00862658 -0.09673303 0.02126264 0.00739336 -0.09673303 0.01611036 7.83641e-4 -0.1057542 0.02799504 0.02055758 -0.09432256 0.01809996 0.01963067 -0.1010259 0.02799504 0.02371692 -0.1010259 0.00486207 0.01031631 -0.09544849 0.003073096 -2.50376e-5 0.03256028 0.01017802 0.03570359 0.03256028 0.00272727 0.03570359 0.1125603 -0.03949999 0.03570359 0.1125603 0.03949999 0.03570359 0.03256028 -0.03949999 0.03570359 0.03256028 0.03949999 0.03570359</float_array>
          <technique_common>
            <accessor source="#Cube_002-mesh-positions-array" count="1726" stride="3">
              <param name="X" type="float"/>
              <param name="Y" type="float"/>
              <param name="Z" type="float"/>
            </accessor>
          </technique_common>
        </source>
        <source id="Cube_002-mesh-normals">
          <float_array id="Cube_002-mesh-normals-array" count="10428">0 -0.08715528 0.9961947 1 0 0 0.08715528 0 0.9961948 0 1 0 0 1 0 0.9961947 0 0.08715558 0 -0.2588195 0.9659257 0 -0.4226169 0.9063084 0 -0.5735781 0.8191509 0 -0.7071068 0.7071068 0 -0.8191509 0.573578 0 -0.9063085 0.4226169 0.4226169 0 0.9063084 0 0.08715528 0.9961948 0 0.2588195 0.9659257 0 0.4226169 0.9063083 0 0.5735781 0.8191509 0 0.7071068 0.7071068 0 0.8191509 0.5735781 0 0.9063085 0.4226169 0 0.9659257 0.2588195 0 0.996195 0.08715206 0 -0.9659258 0.2588195 0.2588195 0 0.9659257 0.5735781 0 0.8191509 0.7071086 0 0.707105 0.8191476 0 0.5735828 0.9063097 0 0.4226139 0.9659266 0 0.2588162 -0.2588195 0 0.9659256 -0.9961953 0 0.08714848 -0.9659266 0 0.2588162 -0.9063098 0 0.422614 -0.8191509 0 0.5735781 -0.7071086 0 0.707105 -0.5735781 0 0.8191509 -0.4226169 0 0.9063084 0 0 1 -0.08715587 0 0.9961947 0.007012605 0.08015412 0.9967578 0.01842248 0.06875616 0.9974634 0.0277239 0.05945742 0.9978458 0.03591114 0.05127483 0.9980387 0.0435931 0.0435931 0.9980978 0.0512737 0.03591251 0.9980388 0.05945837 0.02772212 0.9978458 0.06875461 0.01842415 0.9974635 0.08015584 0.007010281 0.9967576 0.02089709 0.2389033 0.9708185 0.05516409 0.2058624 0.9770249 0.083211 0.178461 0.9804222 0.1079001 0.1540879 0.9821479 0.1310439 0.1310408 0.9826779 0.1540895 0.107899 0.9821478 0.178458 0.08321583 0.9804223 0.2058579 0.05516821 0.9770256 0.2389104 0.02088946 0.9708169 0.0344038 0.3931734 0.9188205 0.09169882 0.3422833 0.9351115 0.1391432 0.2983769 0.9442512 0.1809266 0.2583865 0.9489478 0.2199377 0.2199268 0.9503998 0.2583811 0.1809337 0.9489479 0.2983846 0.1391353 0.9442501 0.3422827 0.0917049 0.9351112 0.3931636 0.03442239 0.918824 0.0472092 0.5397155 0.8405228 0.1278425 0.4771227 0.8694885 0.195694 0.4196581 0.8863356 0.2556539 0.3651108 0.8951733 0.3112277 0.3112198 0.8979308 0.3651098 0.2556532 0.8951739 0.4196586 0.1956942 0.8863354 0.4771103 0.1278545 0.8694936 0.5397117 0.04720795 0.8405253 0.05903023 0.6744661 0.7359423 0.1629197 0.6080814 0.7769777 0.2524244 0.5413357 0.8020211 0.331946 0.474048 0.8155307 0.4049203 0.4049308 0.8197991 0.4740639 0.3319253 0.8155298 0.5413282 0.2524368 0.8020221 0.6080735 0.1629322 0.7769812 0.6744633 0.0590403 0.7359439 0.06934958 0.7925544 0.605845 0.1957113 0.7304571 0.6543161 0.3076754 0.6597988 0.6855666 0.4079107 0.5825654 0.7030124 0.4989227 0.4989362 0.7086176 0.5825768 0.4078959 0.7030115 0.6597881 0.3076843 0.6855728 0.7304456 0.1957225 0.6543256 0.7925546 0.06933468 0.6058464 0.07772624 0.8883883 0.4524652 0.2241892 0.8366938 0.4996827 0.3578888 0.7674846 0.5318675 0.4788377 0.6838527 0.5505087 0.5874476 0.5874476 0.5566064 0.6838538 0.4788385 0.5505069 0.7674723 0.357908 0.5318723 0.8366971 0.2241778 0.4996821 0.8883941 0.07770967 0.4524567 0.08366388 0.9563185 0.2800984 0.245637 0.9166972 0.3151644 0.3974039 0.8522496 0.3402066 0.536185 0.7657288 0.3551972 0.6596467 0.6596467 0.3601841 0.765747 0.5361613 0.3551939 0.8522489 0.3974121 0.3401991 0.916698 0.2456507 0.3151518 0.9563167 0.0836994 0.2800945 0.08674633 0.9916717 0.09519678 0.2572976 0.9601947 0.1087393 0.4196318 0.8999027 0.1186774 0.5690952 0.8127534 0.12475 0.7014099 0.7013905 0.1267892 0.812747 0.5691044 0.1247499 0.8999016 0.4196313 0.1186871 0.9601935 0.2572973 0.1087502 0.9916707 0.08674621 0.09520667 0.08717083 0.9961934 9.63312e-6 0.2588275 0.9659236 2.56375e-5 0.422622 0.9063061 3.73777e-5 0.5735709 0.8191559 4.46347e-5 0.7071068 0.7071068 4.70901e-5 0.8191494 0.5735801 4.47992e-5 0.9063096 0.4226145 3.76124e-5 0.9659299 0.2588041 2.59019e-5 0.9961963 0.0871368 9.83612e-6 1.87776e-7 0 -1 1.87798e-7 0 -1 1.87801e-7 0 -1 1.8779e-7 0 -1 1.87775e-7 0 -1 1.87775e-7 0 -1 0.007014632 -0.08015251 0.996758 0.01842451 -0.06875455 0.9974634 0.02772784 -0.0594545 0.9978458 0.03589797 -0.05128431 0.9980388 0.04359245 -0.04359352 0.9980978 0.05128574 -0.03589612 0.9980387 0.0594536 -0.02772855 0.9978459 0.06875514 -0.01842349 0.9974634 0.08015197 -0.007014572 0.996758 0.0209012 -0.2389003 0.9708191 0.05515968 -0.2058659 0.9770243 0.08321279 -0.1784602 0.9804221 0.1079099 -0.1540827 0.9821476 0.1310462 -0.1310399 0.9826776 0.154081 -0.1079132 0.9821476 0.1784602 -0.08321279 0.9804221 0.2058662 -0.05515885 0.9770244 0.2389011 -0.02090209 0.9708189 0.03439188 -0.3931814 0.9188175 0.09171694 -0.3422711 0.9351142 0.1391324 -0.2983836 0.9442507 0.1809317 -0.2583816 0.9489483 0.21993 -0.2199353 0.9503995 0.2583892 -0.1809225 0.9489478 0.2983756 -0.1391452 0.9442513 0.3422687 -0.09172511 0.9351142 0.3931922 -0.03437936 0.9188134 0.04722589 -0.539706 0.8405279 0.1278256 -0.477133 0.8694853 0.1956991 -0.4196547 0.8863361 0.2556558 -0.3651094 0.8951733 0.3112308 -0.3112155 0.8979311 0.3651012 -0.2556656 0.8951739 0.4196633 -0.1956869 0.8863348 0.4771243 -0.1278318 0.8694891 0.5396876 -0.0472511 0.8405383 0.05899709 -0.6744806 0.7359316 0.1629307 -0.6080757 0.7769799 0.2524321 -0.5413309 0.8020217 0.331937 -0.4740541 0.8155308 0.4049307 -0.4049204 0.8197991 0.4740554 -0.331938 0.8155298 0.5413309 -0.2524321 0.8020217 0.6080654 -0.1629476 0.7769843 0.6744824 -0.05899608 0.73593 0.0693652 -0.7925498 0.6058493 0.1957075 -0.7304586 0.6543155 0.3076659 -0.659804 0.6855658 0.4079265 -0.582555 0.7030119 0.498923 -0.4989359 0.7086175 0.5825738 -0.4079007 0.7030113 0.6597908 -0.3076793 0.6855724 0.7304459 -0.1957217 0.6543254 0.792542 -0.06937646 0.6058582 0.07773506 -0.8883867 0.452467 0.2241765 -0.8366979 0.4996813 0.3578909 -0.7674837 0.5318676 0.4788336 -0.6838554 0.5505091 0.5874391 -0.5874547 0.556608 0.6838682 -0.4788159 0.5505085 0.7674749 -0.3579026 0.5318722 0.8366926 -0.2241913 0.4996836 0.8883925 -0.07771885 0.4524585 0.08366954 -0.956318 0.2800988 0.2456265 -0.9167001 0.3151643 0.3974139 -0.8522453 0.3402062 0.5361732 -0.7657364 0.3551986 0.6596466 -0.6596466 0.3601841 0.7657384 -0.5361745 0.3551922 0.8522374 -0.3974379 0.3401978 0.9167076 -0.2456152 0.3151513 0.9563217 -0.08365136 0.2800914 0.08675664 -0.9916709 0.09519582 0.2572928 -0.9601959 0.1087399 0.4196258 -0.8999055 0.1186783 0.5691073 -0.8127453 0.1247476 0.7014 -0.7014 0.1267917 0.8127628 -0.5690808 0.1247543 0.899901 -0.4196327 0.1186869 0.9601913 -0.2573058 0.1087492 0.991667 -0.08679336 0.09520226 0.08714205 -0.9961959 9.81424e-6 0.2588324 -0.9659222 2.56051e-5 0.4226185 -0.9063077 3.74021e-5 0.5735759 -0.8191525 4.45966e-5 0.7071166 -0.707097 4.70903e-5 0.819146 -0.5735851 4.47612e-5 0.9063077 -0.4226185 3.75841e-5 0.9659222 -0.2588324 2.57176e-5 0.9961959 -0.08714205 9.80331e-6 0 -1 0 -0.007014632 0.08015257 0.996758 -0.01842457 0.06875473 0.9974634 -0.02772945 0.0594533 0.9978459 -0.03589648 0.0512858 0.9980387 -0.04359352 0.04359245 0.9980978 -0.05128538 0.03589725 0.9980387 -0.05945384 0.02772915 0.9978458 -0.06875592 0.01842367 0.9974634 -0.08015304 0.007014691 0.996758 -0.02090138 0.2389017 0.9708189 -0.05515986 0.2058665 0.9770243 -0.08321279 0.1784602 0.9804221 -0.1079101 0.154083 0.9821475 -0.1310437 0.1310437 0.9826775 -0.1540855 0.1079078 0.9821474 -0.1784595 0.0832141 0.9804221 -0.2058665 0.05515891 0.9770243 -0.2388998 0.02090191 0.9708192 -0.03439068 0.3931811 0.9188177 -0.09171652 0.3422697 0.9351147 -0.1391358 0.2983795 0.9442515 -0.1809304 0.2583797 0.948949 -0.219922 0.2199379 0.9504008 -0.2583933 0.1809146 0.9489483 -0.2983766 0.1391345 0.9442526 -0.342261 0.09172314 0.9351173 -0.3931812 0.03439188 0.9188176 -0.04722279 0.5397083 0.8405267 -0.1278337 0.477131 0.8694852 -0.1956943 0.4196629 0.8863333 -0.255661 0.3651103 0.8951714 -0.3112336 0.3112182 0.8979293 -0.3651031 0.2556668 0.8951728 -0.4196557 0.1957072 0.8863339 -0.4771338 0.1278321 0.869484 -0.5397271 0.04719787 0.840516 -0.0590201 0.6744671 0.7359421 -0.1629291 0.6080697 0.7769847 -0.2524289 0.5413256 0.8020263 -0.3319368 0.474045 0.8155362 -0.4049208 0.4049208 0.8198038 -0.4740391 0.3319469 0.8155355 -0.5413352 0.2524127 0.8020249 -0.6080586 0.1629457 0.77699 -0.6744813 0.0589981 0.7359308 -0.0693463 0.7925583 0.6058402 -0.1957088 0.7304634 0.6543098 -0.3076687 0.6598101 0.6855586 -0.4079395 0.5825549 0.7030044 -0.4989242 0.4989501 0.7086066 -0.5825731 0.407917 0.7030024 -0.6598038 0.3076854 0.6855572 -0.7304703 0.1957041 0.6543035 -0.7925732 0.06931853 0.6058239 -0.07773494 0.8883851 0.4524702 -0.2241759 0.8366959 0.4996851 -0.3578897 0.7674812 0.5318717 -0.4788318 0.683853 0.5505136 -0.5874446 0.5874446 0.5566127 -0.6838459 0.4788426 0.5505129 -0.7674899 0.3578778 0.5318672 -0.8366891 0.2241904 0.4996899 -0.8883895 0.07771855 0.4524643 -0.0836696 0.9563191 0.280095 -0.2456267 0.9167006 0.3151628 -0.3974143 0.8522462 0.3402032 -0.5361732 0.7657364 0.3551986 -0.6596466 0.6596466 0.3601841 -0.7657353 0.5361725 0.3552021 -0.8522506 0.3973996 0.3402095 -0.916692 0.2456572 0.315164 -0.956324 0.08364999 0.2800842 -0.08674985 0.9916712 0.09519875 -0.2573109 0.9601908 0.1087409 -0.4196087 0.899913 0.118681 -0.5691074 0.8127455 0.1247465 -0.7013816 0.7014202 0.1267819 -0.8127463 0.569108 0.1247379 -0.8999065 0.4196262 0.118669 -0.9602034 0.2572703 0.1087271 -0.9916744 0.08671647 0.09519541 -0.9961895 0.08721512 5.59547e-6 -0.9659298 0.2588041 2.15407e-5 -0.9063096 0.4226144 3.35203e-5 -0.8191494 0.5735801 4.10288e-5 -0.7071068 0.7071068 4.3809e-5 -0.5735894 0.8191429 4.19427e-5 -0.4226069 0.9063131 3.54611e-5 -0.2588275 0.9659236 2.43476e-5 -0.08717769 0.9961928 9.24014e-6 0 -0.996195 0.087152 -0.007012605 -0.08015418 0.9967578 -0.01842254 -0.06875628 0.9974634 -0.0277239 -0.05945742 0.9978458 -0.0359103 -0.05127567 0.9980387 -0.04359304 -0.04359304 0.9980978 -0.05127638 -0.03590941 0.9980387 -0.05945736 -0.02772438 0.9978458 -0.06875687 -0.01842236 0.9974634 -0.08015441 -0.007012844 0.9967578 -0.02089649 -0.2389052 0.970818 -0.05516427 -0.2058632 0.9770247 -0.08321589 -0.178458 0.9804223 -0.1079012 -0.1540895 0.9821476 -0.1310383 -0.1310477 0.9826777 -0.1540974 -0.1078917 0.9821473 -0.1784582 -0.08321595 0.9804223 -0.2058594 -0.05516856 0.9770253 -0.2389034 -0.02089703 0.9708185 -0.03440159 -0.3931738 0.9188204 -0.09170371 -0.3422784 0.9351128 -0.1391376 -0.2983782 0.9442517 -0.1809269 -0.2583823 0.9489489 -0.2199373 -0.2199265 0.9503999 -0.25838 -0.180933 0.9489483 -0.2983693 -0.139145 0.9442534 -0.342276 -0.09170144 0.9351139 -0.3931871 -0.03438323 0.9188154 -0.04722756 -0.5397055 0.8405281 -0.1278434 -0.4771251 0.8694871 -0.1956951 -0.4196623 0.8863334 -0.2556591 -0.3651117 0.8951715 -0.311227 -0.311227 0.8979285 -0.3651042 -0.2556652 0.8951727 -0.4196713 -0.1956835 0.8863317 -0.4771187 -0.1278567 0.8694885 -0.5397199 -0.04721033 0.8405199 -0.05898982 -0.6744801 0.7359327 -0.1629273 -0.6080673 0.7769871 -0.2524291 -0.541324 0.8020274 -0.3319318 -0.474049 0.8155359 -0.4049194 -0.4049194 0.8198052 -0.4740396 -0.3319432 0.8155367 -0.5413339 -0.2524176 0.8020243 -0.6080662 -0.1629302 0.7769873 -0.6744846 -0.05899041 0.7359285 -0.06935012 -0.7925603 0.6058372 -0.1957129 -0.7304625 0.6543096 -0.3076779 -0.6598037 0.6855607 -0.4079152 -0.5825718 0.7030044 -0.4989356 -0.4989356 0.7086089 -0.5825648 -0.4079235 0.7030054 -0.6598115 -0.3076679 0.6855576 -0.7304555 -0.1957252 0.6543136 -0.7925648 -0.06933557 0.6058329 -0.07772612 -0.8883869 0.452468 -0.2241887 -0.8366924 0.4996852 -0.3578882 -0.7674834 0.5318697 -0.478837 -0.6838518 0.5505107 -0.5874461 -0.5874461 0.5566095 -0.6838523 -0.4788374 0.5505095 -0.7674778 -0.357903 0.5318679 -0.8366936 -0.2241858 0.4996843 -0.8883943 -0.07770818 0.4524566 -0.08366394 -0.9563195 0.2800952 -0.2456545 -0.9166936 0.3151615 -0.3973745 -0.852265 0.3402026 -0.536185 -0.7657288 0.3551972 -0.6596467 -0.6596467 0.3601841 -0.765747 -0.5361613 0.3551939 -0.8522526 -0.3974052 0.3401982 -0.916698 -0.2456507 0.3151518 -0.9563168 -0.08369946 0.2800939 -0.08674627 -0.9916714 0.0951997 -0.2572792 -0.9601988 0.1087464 -0.4196318 -0.8999027 0.1186776 -0.5690953 -0.8127536 0.1247488 -0.7014099 -0.7013905 0.1267893 -0.8127539 -0.5690954 0.1247459 -0.8999023 -0.4196316 0.1186808 -0.9602042 -0.257261 0.1087418 -0.9916685 -0.08678346 0.09519618 -0.9961926 -0.08717936 5.8204e-6 -0.9659321 -0.2587957 2.15954e-5 -0.9063076 -0.4226185 3.3492e-5 -0.8191525 -0.5735759 4.10623e-5 -0.7071166 -0.707097 4.38975e-5 -0.5735759 -0.8191525 4.20478e-5 -0.4226185 -0.9063076 3.53802e-5 -0.258814 -0.9659272 2.44349e-5 -0.08714205 -0.9961959 9.4645e-6 -1 0 -4.0133e-6 1.36328e-4 -1 0 1.36402e-4 -1 0 1 1.35188e-4 0 1 1.35879e-4 0 -1.36084e-4 1 0 -1.36401e-4 1 0 -1 -1.35879e-4 0 -1 -1.36002e-4 0 0 0 1 0 0 1 -0.9678537 -0.2514494 0.005693256 -0.9767259 -0.2144146 -0.005734264 -0.9807212 -0.1952204 0.008659064 -0.8025743 -0.596538 -0.00409758 -0.831385 -0.5556762 0.004780888 -0.5197815 -0.8542922 -0.003492116 -0.5554636 -0.8315303 0.004193007 -0.1608939 -0.9869676 -0.002854824 -0.1949546 -0.9808058 0.003567993 0.221556 -0.9751452 -0.002187192 0.1952084 -0.9807574 0.002918839 0.5715699 -0.8205521 -0.001488983 0.5556694 -0.8314004 0.002236187 0.8378981 -0.5458262 -7.59571e-4 0.8315364 -0.5554682 0.001522064 0.9815548 -0.1911814 -2.78158e-7 0.9808114 -0.1949573 7.75125e-4 0.5570686 0.4149033 0.7193955 0.5499238 0.4145412 0.7250789 0.641199 0.2591955 0.7222753 0.6232188 0.3619641 0.6932391 0.6924832 0.08922338 0.7158954 0.6816371 0.2226874 0.6969799 0.7051323 0.07455784 0.7051451 0.6737639 -0.1312317 0.7272004 0.7027377 -0.1110733 0.702725 0.5630539 -0.3667864 0.740566 0.6507276 -0.3309984 0.6833693 0.3827118 -0.5494253 0.7427406 0.5223181 -0.5212223 0.6749157 0.3344242 -0.6540445 0.6785177 0.1504521 -0.6621924 0.7340745 0.1139478 -0.7112095 0.6936836 -0.1119644 -0.6868205 0.7181515 -0.10817 -0.6926127 0.7131529 -0.3515669 -0.5778214 0.7365617 -0.3269582 -0.6457125 0.6900389 -0.5370293 -0.3991634 0.7431474 -0.5189616 -0.5219686 0.6769253 -0.6033872 -0.3662681 0.7083584 -0.6615064 -0.2595762 0.7035834 -0.6488601 -0.1685745 0.7419995 -0.6811913 -0.1397199 0.7186493 0.9918014 0.1277892 2.34167e-6 0.9271078 0.3747701 -0.004281401 0.9807078 0.1952637 0.009190917 0.8019956 0.5973243 0.002628922 0.8221304 0.5692188 0.009575426 0.8313874 0.5556822 -0.003504037 0.5487384 0.8359894 -0.002794504 0.555454 0.8315405 0.003353714 0.1884867 0.9820732 -0.002243757 0.1949533 0.9808085 0.00280416 -0.2002491 0.9797435 -0.001690983 -0.1952226 0.9807564 0.002251982 -0.5587218 0.8293544 -0.00113058 -0.5556842 0.8313917 0.001692473 -0.8327635 0.5536286 -5.66002e-4 -0.8315461 0.5554546 0.001134216 -0.9831361 0.1826456 -0.009168267 -0.9808124 0.1949531 5.70919e-4 0 0 1 0 0 1 0 0 1 0 0 1 0 0 1 0 0 1 0 0 1 0 0 1 0 0 1 0 0 1 0 0 1 0 0 1 0 0 1 0 0 1 0 0 1 0 0 1 0 0 1 0 0 1 0 0 1 0 0 1 0 0 1 -0.7020348 -0.0554012 0.7099844 -0.7060374 -0.03345906 0.7073838 -0.7072668 -0.01120156 0.706858 -0.6817135 0.1266477 0.7205742 -0.6928513 0.1201786 0.7109953 -0.5660833 0.3763371 0.7334303 -0.632918 0.3586308 0.6861479 -0.3749968 0.556637 0.7413047 -0.4818454 0.5588836 0.6748883 -0.1337481 0.6543788 0.7442445 -0.2672919 0.6937926 0.6687353 -0.0178321 0.7438945 0.6680592 0.1262663 0.6578857 0.7424575 0.2325556 0.7022209 0.6729069 0.3715947 0.5661153 0.7358198 0.4499038 0.5754361 0.6829788 -0.7137373 -0.7004107 0.001971185 -0.7121832 -0.7019931 8.79893e-4 -0.5376848 -0.8431457 6.21032e-4 -0.5535495 -0.8328158 -9.32286e-4 -0.3340134 -0.9425683 3.21858e-4 -0.3447034 -0.9387115 -6.44389e-4 -0.1131867 -0.9935737 0 0.1239661 -0.9922865 0 -0.1169495 -0.9931378 -3.33241e-4 0.3640237 -0.9313897 2.04218e-4 0.1261151 -0.9920156 -2.07925e-4 0.5817553 -0.8133637 4.01224e-4 0.370066 -0.9290054 -4.08791e-4 0.7638022 -0.6454501 5.91961e-4 0.590511 -0.8070294 -6.01563e-4 0.8990005 -0.4379469 7.7419e-4 0.7734907 -0.6338072 -7.88115e-4 0.9790575 -0.2035815 9.48453e-4 0.9073628 -0.4203471 -9.68129e-4 0.9990611 0.04327011 0.002159893 0.9836253 -0.1802219 -0.001138746 0.9991461 0.04130369 0.001098155 -0.9152584 0.4028674 1.32603e-6 -0.9152567 0.4028711 0 0.9152528 -0.4028799 -1.32654e-6 0.9152512 -0.4028835 0 0.9225025 -0.3857924 -0.012389 0.9362588 -0.3512867 -0.004124641 0.9486409 -0.3163549 7.87901e-7 0.9362551 -0.3513207 0 0.4696456 0.8828551 -3.28435e-6 0.4028087 0.9151352 -0.01651751 0.333888 0.9426128 0 0.4028215 0.9151296 -0.01651132 -0.8739958 0.4859337 0 -0.8914083 0.4531825 -0.004129528 -0.9075422 0.4197784 -0.01238328 -0.8914167 0.4531846 0 0.6524216 -0.272844 0.7070376 0.6528202 -0.2712085 0.7072989 0.663383 -0.2436509 0.7075008 0.6623041 -0.2484981 0.7068254 0.6728481 -0.2156894 0.7076394 0.6712048 -0.2238349 0.7066697 0.402871 0.9152567 0 0.4029198 0.9152352 -1.79152e-5 0.9152891 -0.4027976 1.50077e-6 0.9155011 -0.4023157 -1.75216e-4 0.3373012 0.6200361 0.7083666 0.33241 0.624875 0.706424 0.2846704 0.6469305 0.7074205 0.2847515 0.646923 0.7073946 0.2292844 0.6675434 0.7083886 0.2363292 0.6671906 0.706403 0 0 1 0 0 1 0 0 1 0 0 1 0 0 1 0 0 1 0 0 1 0 0 1 0 0 1 0 0 1 0 0 1 0 0 1 0 0 1 0 0 1 0 0 1 0 0 1 0 0 1 0 0 1 0 0 1 0 0 1 0 0 1 0 0 1 0 0 1 0 0 1 0 0 1 0 0 1 0 0 1 0 0 1 0 0 1 0 0 1 0 0 1 0 0 1 0 0 1 0 0 1 0 0 1 0 0 1 0 0 1 0 0 1 0 0 1 0 0 1 0 0 1 0 0 1 0 0 1 0 0 1 0 0 1 0 0 1 0 0 1 0 0 1 0 0 1 0 0 1 0 0 1 0 0 1 0 0 1 0 0 1 0.6471887 -0.2848834 0.7070985 0.6471886 -0.2848823 0.707099 -0.4027363 -0.9153161 -5.23372e-5 -0.4028708 -0.9152569 -2.57993e-7 0.7881314 -0.6153193 -0.0152058 0.6147963 -0.788681 -0.002783238 0.7660508 -0.6427763 0.002213835 0.4043916 -0.9145708 -0.005269885 0.6006378 -0.7995021 0.005535662 0.1697113 -0.9854813 0.004983901 0.3770679 -0.9261521 0.007884621 0.1633459 -0.986537 -0.00793159 0.2002494 -0.9797449 0 -0.5487406 -0.8359927 0 0.0213989 -0.9997709 0 0.1286051 -0.9916212 0.01217275 -0.144697 -0.9894368 -0.008813083 -0.1323491 -0.9912031 0 -0.4221861 -0.9063683 -0.01597797 -0.3880146 -0.9216186 0.007991552 -0.6641889 -0.7472558 -0.02149116 -0.6163977 -0.7873046 0.01432842 -0.8400192 -0.5425565 0 -0.8366543 -0.5475971 -0.01212292 -0.8014689 -0.5977342 0.0190106 -0.9475154 -0.3196046 -0.008204638 -0.9304203 -0.3662896 0.01224869 -0.9968395 -0.07931536 -0.004490852 -0.9939922 -0.1090818 0.00898993 -0.9860704 0.1656322 -0.0152055 -0.9918064 0.1276952 0.003766715 -0.40287 -0.9152572 -5.81577e-7 -0.4030038 -0.9151983 -5.23361e-5 -0.6471925 0.2848734 0.707099 -0.6471925 0.2848734 0.707099 -0.613492 0.3505353 0.7076388 -0.6277227 0.3246659 0.7075001 -0.6183909 0.3438197 0.7066687 -0.6409187 0.2982564 0.7072951 -0.6305801 0.3205802 0.7068219 -0.6418409 0.2968798 0.707038 0.4026553 0.9153517 0 0.402817 0.9152805 5.93386e-5 -0.7845574 0.6200563 8.01617e-7 -0.7845563 0.6200576 0 -0.6006284 0.7995284 -1.49597e-5 -0.6006516 0.7995109 0 -0.3770506 0.9261927 -1.55837e-5 -0.3770796 0.9261808 4.93415e-7 -0.1286134 0.9916948 0 -0.1286129 0.9916949 -2.77254e-7 0.04809606 0.9988427 -1.19701e-5 0.04803401 0.9988456 0 0.1441036 0.9895626 -2.27506e-5 0.1439314 0.9895877 1.07403e-5 0.2385526 0.9711295 2.44543e-5 0.2385713 0.971125 2.07467e-5 -0.9144888 0.4046107 -6.31969e-4 -0.9152491 0.4028884 0 -0.1884872 -0.9820756 0 0.5587222 -0.8293549 0 -0.6643421 -0.7474287 0 0.6226067 0.7825349 2.74144e-5 0.8051924 0.5930137 -3.35917e-5 0.6225951 0.7825442 1.95984e-5 0.9320564 0.362313 -1.52066e-5 0.8052446 0.592943 1.26606e-5 0.9943082 0.1065419 -2.34496e-5 0.9320749 0.3622658 1.14998e-5 0.9876524 -0.1566613 -5.54489e-6 0.9943137 0.1064905 3.76916e-6 0.9876507 -0.1566718 0 0.1112043 0.7027385 0.7027036 0.133335 0.6707921 0.7295613 0.3718104 0.5566191 0.7429214 0.3319753 0.6517579 0.6819121 0.5219217 0.5220623 0.674573 0.5565174 0.371966 0.7429197 0.6516647 0.3321582 0.6819121 0.6707534 0.1335155 0.729564 0.702712 0.1113891 0.7027007 0.6707975 -0.1333341 0.7295565 0.7027415 -0.1112052 0.7027004 0.5566178 -0.3718128 0.7429212 0.651764 -0.331974 0.6819069 0.5220617 -0.5219236 0.6745719 0.3719643 -0.5565193 0.7429192 0.3321554 -0.6516675 0.6819108 0.1335156 -0.6707558 0.7295616 0.111394 -0.7027077 0.7027043 -0.1112037 -0.7027376 0.7027045 -0.1333341 -0.6707919 0.7295618 -0.3718114 -0.5566205 0.7429198 -0.3319758 -0.651759 0.6819108 -0.5219208 -0.5220652 0.6745714 -0.556518 -0.3719628 0.7429209 -0.6516704 -0.3321518 0.6819096 -0.6707582 -0.1335163 0.7295593 -0.7027059 -0.1113978 0.7027056 -0.6707924 0.1333333 0.7295613 -0.7027366 0.1112042 0.7027055 -0.5566213 0.3718109 0.7429196 -0.6517584 0.3319761 0.6819112 -0.5220636 0.5219267 0.6745682 -0.3719643 0.5565218 0.7429172 -0.3321559 0.6516686 0.6819095 -0.1335158 0.670757 0.7295605 -0.1113958 0.7027068 0.7027049 -0.1949571 -0.9808118 0 -0.1950157 -0.9808001 4.66511e-5 -0.8313945 -0.5556827 0 -0.5554572 -0.8315451 0 -0.5554561 -0.831546 -1.16566e-6 -0.8313941 -0.5556833 5.41943e-7 -0.980759 -0.1952227 4.81219e-5 -0.9807589 -0.1952227 4.80833e-5 -0.9808122 0.1949551 0 -0.980812 0.1949559 6.31398e-7 -0.8315125 0.5555062 4.81116e-5 -0.8315467 0.555455 0 -0.5556326 0.8314279 4.66274e-5 -0.5556821 0.8313949 1.29517e-7 -0.1952226 0.980759 0 -0.1952224 0.980759 1.29517e-7 0.1949583 0.9808115 0 0.1950169 0.9807999 4.66509e-5 0.5554572 0.8315451 0 0.5554561 0.831546 -1.16566e-6 0.8313916 0.5556869 0 0.8313916 0.5556869 0 0.9807709 0.1951626 4.81149e-5 0.9807589 0.1952231 0 0.9808002 -0.1950153 4.81114e-5 0.9808121 -0.1949556 6.31397e-7 0.8315441 -0.5554588 0 0.8315437 -0.5554594 5.50448e-7 0.5556343 -0.8314269 4.66276e-5 0.555684 -0.8313936 0 0.1952226 -0.980759 0 0.1952224 -0.980759 1.29517e-7 -0.6945568 -0.7194378 0 -0.6945568 -0.7194378 0 0.7194326 -0.6945622 0 0.7194326 -0.6945623 0 -0.4587603 -0.5390112 0.7064036 -0.4759722 -0.4930229 0.7282712 0 0 1 0 0 1 0 0 1 0 0 1 0 0 1 0 0 1 0 0 1 0 0 1 0 0 1 0 0 1 0 0 1 0 0 1 0 0 1 0 0 1 0 0 1 0 0 1 0 0 1 0 0 1 0 0 1 0 0 1 0 0 1 0 0 1 0 0 1 0 0 1 0 0 1 0 0 1 0 0 1 0 0 1 0 0 1 0 0 1 0 0 1 0 0 1 0 0 1 0 0 1 0 0 1 0 0 1 0 0 1 0 0 1 0 0 1 0 0 1 0 0 1 0 0 1 0 0 1 0 0 1 0 0 1 0 0 1 0 0 1 0 0 1 0 0 1 0 0 1 0 0 1 0 0 1 0 0 1 -0.1112063 -0.7027335 0.7027082 -0.1333332 -0.6707926 0.7295612 -0.3718124 -0.5566204 0.7429195 -0.331977 -0.6517587 0.6819104 -0.5219218 -0.5220649 0.6745709 -0.5565191 -0.3719636 0.7429197 -0.6516677 -0.3321548 0.6819109 -0.6707558 -0.133516 0.7295616 -0.702706 -0.1113955 0.7027056 -0.6558032 0.1303537 0.7435927 -0.7048528 0.08001792 0.704826 -0.6789906 0.2397235 0.6939052 -0.5639455 0.373294 0.7366254 -0.5836807 0.3706179 0.7224675 -0.5155619 0.4977435 0.6974577 -0.3793193 0.5675218 0.7307776 -0.3848945 0.5685541 0.7270507 -0.2528957 0.6778006 0.690384 -0.1307231 0.6567192 0.7427189 -0.08433711 0.704591 0.704584 0.1112058 0.7027375 0.7027043 0.1333341 0.6707943 0.7295594 0.3718129 0.5566191 0.7429203 0.3319758 0.6517613 0.6819086 0.5219214 0.5220633 0.6745724 0.5565179 0.3719628 0.7429209 0.6516686 0.3321527 0.6819111 0.670756 0.133518 0.729561 0.7027059 0.1113979 0.7027055 0.6707901 -0.133335 0.7295632 0.7027365 -0.1112044 0.7027055 0.5566199 -0.3718113 0.7429203 0.6517564 -0.331977 0.6819126 0.5220643 -0.5219212 0.6745719 0.3719627 -0.5565183 0.7429207 0.332153 -0.6516679 0.6819115 0.1335156 -0.6707558 0.7295616 0.111397 -0.7027035 0.702708 0.1949565 0.9808119 0 0.1949565 0.9808119 0 0.8313941 0.5556833 0 0.5554586 0.8315442 0 0.5554586 0.8315442 0 0.9807584 0.1952258 0 0.8313941 0.5556833 0 0.9808113 -0.1949597 0 0.9807584 0.1952258 0 0.9808114 -0.1949589 5.84415e-7 0.8315463 -0.5554555 4.70859e-5 0.8315457 -0.5554564 4.79833e-5 0.5556322 -0.8314282 4.69748e-5 0.5556828 -0.8313944 -5.5045e-7 0.1951612 -0.9807711 4.81148e-5 0.1952224 -0.980759 -5.99016e-7 -0.1949556 -0.9808121 6.31397e-7 -0.1949548 -0.9808122 0 -0.8313945 -0.5556827 0 -0.5554571 -0.8315452 0 -0.5554571 -0.8315452 0 -0.8313941 -0.5556833 5.41943e-7 -0.9807586 -0.1952246 4.69041e-5 -0.9807589 -0.1952231 4.80833e-5 -0.980812 0.1949563 0 -0.9808121 0.1949556 -5.82828e-7 -0.8315432 0.5554602 0 -0.8315432 0.5554602 0 -0.5556851 0.8313929 0 -0.5556851 0.8313929 0 -0.1952246 0.9807586 0 -0.1952246 0.9807586 0 0.8471054 0.5312079 -0.01518487 0.9475641 0.3195642 -9.7872e-4 0.8645919 0.5024741 7.16334e-4 0.9959242 0.09017378 -0.001893639 0.9495633 0.3135698 0.001931369 0.9895567 -0.1441172 -0.002803862 0.9968118 0.07973867 0.002841591 0.9873279 -0.1586499 0.003721415 0.719432 -0.6945629 0 0.7194296 -0.6945653 1.20169e-6 0.4911333 0.5087246 0.7070978 0.4911334 0.5087245 0.7070978 0.6945587 0.719436 0 0.6945587 0.719436 0 0.6810403 0.7321413 -0.01238745 0.6534401 0.7569671 -0.004128456 0.6249209 0.7806882 7.80721e-7 0.6534561 0.7569645 0 -0.6659473 0.7459988 -3.5042e-6 -0.719343 0.6944588 -0.01651525 -0.7689578 0.6392996 0 -0.7193344 0.6944678 -0.01650977 -0.7582369 -0.6519791 -8.86522e-7 -0.733507 -0.6796693 -0.004132866 -0.7077381 -0.7063663 -0.01238721 -0.7335171 -0.6796711 0 0.4816527 0.5177928 0.707037 0.4802678 0.5187245 0.7072961 0.4580541 0.5381726 0.7075004 0.4622412 0.5354759 0.7068229 0.4350956 0.5567239 0.7076371 0.4421592 0.5523716 0.7066689 -0.7194351 0.6945597 -6.95086e-7 -0.719402 0.6945941 -1.67324e-5 0.6945038 0.719489 0 0.6932889 0.7206596 -5.66345e-4 -0.4650632 0.5309734 0.7083667 -0.5084677 0.4909433 0.7074145 -0.4713612 0.5280221 0.7064073 -0.5085115 0.4909206 0.7073988 -0.5469951 0.4460933 0.7083764 -0.5442679 0.4524959 0.7064135 -0.6953713 -0.7186505 -3.80525e-4 -0.6945564 -0.7194383 0 -0.719509 0.6944831 -3.50911e-5 -0.7194364 0.6945583 0 -0.5410772 -0.4544053 0.7076379 -0.521732 -0.4766924 0.7075028 -0.5364848 -0.4613029 0.7066708 -0.5015103 -0.4982164 0.7072961 -0.5188803 -0.4807956 0.7068231 -0.5005335 -0.4995633 0.7070379 -0.8547832 -0.5189852 0 -0.8547938 -0.5189678 -1.07972e-5 -0.9606162 -0.2778785 -3.74078e-5 -0.9605916 -0.2779636 9.21332e-6 -0.9998457 -0.01756262 -4.60635e-5 -0.9998435 -0.01768714 1.94764e-5 -0.9697799 0.2439816 -5.45796e-5 -0.9698194 0.2438241 3.08834e-5 -0.8725168 0.4885842 -3.20038e-5 -0.8725864 0.4884598 4.30759e-5 -0.5351206 0.8447757 -2.74156e-5 -0.3324682 0.9431145 -5.35834e-5 -0.5349863 0.8448608 4.41014e-5 -0.1128125 0.9936163 -1.99159e-5 -0.3323086 0.9431707 2.26344e-5 0.1067637 0.9942845 0 -0.1127686 0.9936213 0 0.3156514 0.9488752 -1.05734e-5 0.1067641 0.9942844 1.86965e-7 0.5100894 0.8601214 0 0.3156749 0.9488674 0 0.5101664 0.8600757 3.82903e-5 0.2521427 -0.9676895 -0.001054167 0.258768 -0.9659395 1.65275e-4 0.1487537 -0.9888742 -4.89816e-4 0.1564565 -0.9876844 9.78926e-4 0.04983919 -0.9987573 0 -0.1067632 -0.9942845 0 0.05243587 -0.9986242 5.16965e-4 -0.3156554 -0.9488739 -1.05737e-5 -0.1067637 -0.9942844 1.86964e-7 -0.5101683 -0.8600746 0 -0.3156788 -0.9488661 0 -0.5101683 -0.8600746 0 0.7194325 -0.6945623 -4.79877e-7 0.7194335 -0.6945613 0 -0.7194306 0.6945644 0 -0.7194306 0.6945644 0 -0.7321464 0.6810348 -0.01238667 -0.756967 0.6534401 -0.004129409 -0.7806882 0.6249209 -1.88857e-7 -0.7569679 0.6534521 0 -0.7572893 -0.6530796 -1.14965e-5 -0.7062159 -0.707797 -0.0168063 -0.6513795 -0.7587521 0 -0.7062208 -0.7077921 -0.0168032 0.6519957 -0.7582227 -2.7412e-6 0.6796526 -0.7335224 -0.004128932 0.706383 -0.7077213 -0.01239293 0.6796748 -0.7335137 0 0.454412 -0.5410694 0.7076395 0.4766968 -0.5217274 0.7075031 0.461314 -0.5364741 0.7066718 0.4982137 -0.5015077 0.7072999 0.4807816 -0.5188887 0.7068265 0.4995745 -0.500521 0.7070389 -0.6944482 -0.7195427 -5.3977e-5 -0.694564 -0.7194309 0 0.5351237 -0.8447737 3.90565e-5 0.3324663 -0.9431152 -1.11795e-5 0.5351954 -0.8447283 8.19841e-7 0.1128219 -0.9936152 -1.28349e-5 0.3324446 -0.9431228 -8.51375e-7 0.1128188 -0.9936156 -1.14375e-5 -0.1096822 -0.9939667 -2.69818e-5 -0.1096208 -0.9939735 1.62927e-7 -0.3239487 -0.9460747 -2.73888e-5 -0.3238618 -0.9461044 1.29511e-5 -0.5226228 -0.852564 -4.2395e-5 -0.522485 -0.8526485 2.85659e-5 0 0 1 0 0 1 0 0 1 0 0 1 0 0 1 0 0 1 0 0 1 0 0 1 0 0 1 0 0 1 0 0 1 0 0 1 0 0 1 0 0 1 0 0 1 0 0 1 0 0 1 0 0 1 0 0 1 0 0 1 0 0 1 0 0 1 0 0 1 0 0 1 0 0 1 0 0 1 0 0 1 0 0 1 0 0 1 0 0 1 0 0 1 0 0 1 0 0 1 0 0 1 0.7726428 -0.6340917 -0.03083682 0 0 1 0 0 1 0 0 1 0 0 1 0 0 1 0 0 1 0 0 1 0 0 1 0 0 1 0 0 1 0 0 1 0 0 1 0 0 1 0 0 1 0 0 1 0 0 1 0 0 1 0 0 1 0 0 1 0 0 1 0.1112048 0.7027389 0.7027031 0.1333353 0.6707926 0.7295609 0.3718116 0.5566192 0.7429207 0.3319758 0.651759 0.6819108 0.5219205 0.5220636 0.674573 0.5565174 0.3719624 0.7429215 0.6516687 0.3321521 0.6819112 0.670756 0.133518 0.729561 0.7027059 0.1113979 0.7027055 0.6707924 -0.1333355 0.729561 0.7027364 -0.1112066 0.7027053 0.5566198 -0.371812 0.7429201 0.6517583 -0.3319767 0.6819111 0.5220645 -0.5219201 0.6745724 0.371964 -0.5565171 0.7429209 0.3321536 -0.651669 0.6819102 0.1335158 -0.670757 0.7295605 0.1113965 -0.7027058 0.7027058 -0.08208155 -0.7047344 0.7047071 -0.1304406 -0.6562405 0.7431916 -0.2462339 -0.6785275 0.692076 -0.378347 -0.5664014 0.7321496 -0.3765549 -0.5743879 0.7268322 -0.5068947 -0.5070312 0.6971207 -0.5676146 -0.3849807 0.7277386 -0.5742884 -0.3767074 0.7268317 -0.6784602 -0.2464185 0.6920763 -0.6562041 -0.1306192 0.7431923 -0.7047118 -0.0822727 0.7047074 -0.6707924 0.1333333 0.7295613 -0.7027366 0.1112042 0.7027055 -0.5566173 0.3718118 0.7429221 -0.6517584 0.3319755 0.6819114 -0.5220622 0.5219191 0.6745751 -0.3719623 0.5565161 0.7429225 -0.3321518 0.6516681 0.6819118 -0.1335182 0.6707558 0.7295612 -0.1113958 0.7027088 0.7027028 -0.1949556 -0.9808121 0 -0.1950145 -0.9808004 4.68934e-5 -0.8313936 -0.555684 0 -0.5554588 -0.8315441 0 -0.5554583 -0.8315445 -4.85689e-7 -0.8313936 -0.555684 0 -0.9807589 -0.1952227 0 -0.9807589 -0.1952227 0 -0.980812 0.1949559 0 -0.980812 0.1949559 0 -0.8315442 0.5554587 0 -0.8315442 0.5554587 0 -0.555684 0.8313936 0 -0.555684 0.8313936 0 -0.1951657 0.9807703 4.81153e-5 -0.1952261 0.9807583 0 0.1949586 0.9808114 6.31396e-7 0.1949579 0.9808117 0 0.5554571 0.8315452 0 0.5554571 0.8315452 0 0.8314276 0.5556332 4.6975e-5 0.8313941 0.5556833 0 0.9807702 0.1951661 4.68973e-5 0.9807584 0.1952258 -5.99017e-7 0.9807995 -0.1950186 4.68929e-5 0.9808114 -0.1949589 -5.82828e-7 0.8315113 -0.5555078 4.70787e-5 0.8315452 -0.5554571 -4.53311e-7 0.5556333 -0.8314275 4.80076e-5 0.5556851 -0.8313929 -5.50449e-7 0.1952232 -0.9807588 0 0.1952224 -0.980759 6.15206e-7 -0.5350556 0.8446801 -0.01520073 -0.3324717 0.9431132 -1.20576e-5 -0.5065756 0.8621955 -1.7817e-6 -0.1128168 0.9936158 0 -0.3324465 0.9431222 0 0.04646438 0.9989199 0 -0.1128168 0.9936158 0 0.1392687 0.9902545 -4.88526e-4 0.04926043 0.9987859 5.21863e-4 0.2308614 0.9729863 -9.17448e-4 0.1475566 0.9890531 9.79209e-4 0.6945637 0.7194312 0 0.6945614 0.7194334 -1.16146e-6 -0.50872 0.4911367 0.7070988 -0.50872 0.4911367 0.7070988 -0.5177958 0.4816482 0.7070379 -0.5187306 0.4802588 0.7072978 -0.5381685 0.4580572 0.7075014 -0.5354745 0.4622401 0.7068247 -0.5567233 0.4350951 0.7076379 -0.5523709 0.4421587 0.7066697 -0.6945621 -0.7194328 0 -0.6945996 -0.7193965 -1.75982e-5 -0.7074046 0.7068089 -7.28926e-5 -0.7084009 0.7058101 -5.46465e-4 -0.5390152 -0.4557188 0.7083665 -0.4996855 -0.4997799 0.7074845 -0.536069 -0.4623012 0.7063339 -0.499343 -0.5004611 0.7072448 -0.4557473 -0.5392391 0.7081776 -0.4609721 -0.5369582 0.7065272 0.7186503 -0.6953716 -3.80092e-4 0.7194384 -0.6945562 0 -0.862877 -0.5054141 -3.74917e-5 -0.9639246 -0.2661752 -7.1952e-5 -0.8629698 -0.5052555 5.79177e-5 -0.9999607 -0.008857965 -4.36816e-5 -0.963983 -0.265964 4.18036e-5 -0.9684954 0.2490313 -2.8787e-5 -0.999962 -0.00871998 2.79714e-5 -0.8717003 0.4900394 -1.6107e-5 -0.9684756 0.249108 1.2366e-5 -0.8716484 0.4901316 3.88626e-5 0.5087206 -0.4911346 0.7070997 0.5087206 -0.4911346 0.7070997 0 0 1 0 0 1 0.6945561 0.7194386 1.62148e-6 0.6946654 0.7193329 -5.22554e-5 0.9839753 0.1782675 0.003647387 0.986487 0.1638164 -0.00273478 0.9978195 -0.0659765 -0.001858711 0.9984539 -0.05551689 0.00278896 0.9563328 -0.2922784 -9.48269e-4 0.9581509 -0.2862574 0.001893699 0.8641697 -0.5029711 -0.01519227 0.8809803 -0.4731524 6.94242e-4 0.9809548 -0.1942357 0 0.8327637 -0.5536286 0 0 0 1 0.09801727 0.9951847 0 0.2902841 0.9569405 0 0.4713966 0.8819213 0 0.6343932 0.7730105 0 0.4713968 -0.8819212 0 0.2902851 -0.9569402 0 0.09801733 -0.9951847 0 -0.09801733 -0.9951847 0 -0.290284 -0.9569405 0 -0.4713965 -0.8819214 0 -0.6343922 -0.7730114 1.59676e-7 -0.7730087 -0.6343954 -2.37288e-7 -0.8819214 -0.4713966 0 -0.9569402 -0.290285 0 -0.9951847 -0.09801733 0 -0.9951847 0.09801733 0 -0.9569405 0.2902841 0 -0.8819216 0.4713962 0 -0.7730038 0.6344014 -1.49021e-6 -0.6343923 0.7730113 0 -0.4713965 0.8819214 0 -0.290285 0.9569402 0 -0.09801733 0.9951847 0 0 0 1 0 0 1 -1.87775e-7 0 1 -1.87775e-7 0 1 0.7730105 0.6343932 0 0.6343932 -0.7730105 0 -0.8460808 0.4522393 0.2821823 -0.146932 -0.9711799 0.187672 0.4509744 -0.892195 0.02470111 -0.2810254 -0.1502113 0.9478719 -0.1207769 -0.2259578 0.9666209 -0.08853256 -0.2918534 0.9523568 -0.08853262 -0.2918533 0.9523568 -0.08853387 -0.2918509 0.9523575 -0.0892567 0.2942398 0.9515546 -0.04146343 0.4209849 0.9061195 0.07193303 0.7303469 0.6792784 -0.4222401 -0.9064841 0 -0.1447026 -0.9894751 0 0.0213989 -0.9997711 0 -0.7100324 -0.704169 0 0.999483 0.0321508 2.86407e-4 0.5643801 -0.8039815 -0.1873204 0.3107084 -0.9465706 -0.08639675 -0.1667004 -0.9735783 0.1560648 0.4551059 -0.8900657 0.02572572 0.1581993 -0.9874071 -2.87034e-4 0.3147377 -0.9479914 0.04746097 0.7047825 -0.7033041 0.09297889 0.875279 -0.4452185 0.1888577 0.2917572 -0.9436555 0.1561797 0.2812449 -0.9384811 0.2003864 0.6300444 -0.7059218 0.3236023 0.2738903 -0.9339255 0.2297112 -0.4766785 -0.8790485 0.007160544 -0.8421849 -0.489139 0.2268648 0.4172208 -0.894676 0.1596296 0.305482 -0.947589 0.09357273 0.3147377 -0.9479914 0.04746097 -0.840526 -0.5102161 0.1821966 -0.4479534 -0.884667 0.1292362 0.2901949 -0.9566453 0.02483296 0 0 1 0 0 1 0.995167 -0.09801554 0.005966782 0 0 1 0 0 1 0 0 1 0.6340966 0.772648 0.03060102 -0.3879908 -0.9215623 -0.01364201 0.2137848 0.974613 0.06652468 0.3932815 0.9185969 0.03885215 0.5237426 0.8508525 0.04175698 -0.02566808 0.06118273 0.9977965 0 0 1 0 0 1 0 0 1 0 0 1 0 1 0 0 1 0 -0.09801793 0 -0.9951847 -0.2902868 0 -0.9569396 -0.4714007 0 -0.8819191 -0.6343963 0 -0.7730081 -0.7730141 0 -0.6343888 -0.8819236 0 -0.4713923 -0.9569413 0 -0.2902813 -0.9951847 0 -0.09801805 -0.9951847 0 0.09801805 -0.9569413 0 0.2902813 -0.8819237 0 0.471392 -0.773014 0 0.6343891 -0.6343966 0 0.7730078 -0.4714003 0 0.8819193 -0.2902874 0 0.9569396 -0.09801793 0 0.9951847 0.09801793 0 0.9951847 0.2902874 0 0.9569396 0.4714003 0 0.8819193 0.6343966 0 0.7730078 0.773014 0 0.6343891 0.8819237 0 0.471392 0.9569413 0 0.2902813 0.9951847 0 0.09801805 0.9951847 0 -0.09801805 0.9569413 0 -0.2902813 0.8819243 0 -0.471391 0.7730141 0 -0.6343888 0.6343963 0 -0.7730081 0.4714007 0 -0.8819191 0.2902868 0 -0.9569396 0.09801793 0 -0.9951847 0.09801918 0 -0.9951846 0.09801912 0 -0.9951846 0.2902866 0 -0.9569398 0.2902867 0 -0.9569398 0.4713984 0 -0.8819203 0.4713985 0 -0.8819203 0.6343969 0 -0.7730075 0.6343968 0 -0.7730075 0.7730144 0 -0.6343885 0.7730144 0 -0.6343885 0.8819225 0 -0.4713943 0.8819225 0 -0.4713943 0.956942 0 -0.2902791 0.956942 0 -0.2902791 0.9951847 0 -0.09801805 0.9951847 0 -0.09801805 0.9951847 0 0.09801793 0.9951847 0 0.09801787 0.956942 0 0.2902795 0.9569419 0 0.2902795 0.8819225 0 0.4713943 0.8819225 0 0.4713943 0.7730144 0 0.6343885 0.7730144 0 0.6343885 0.6343969 0 0.7730075 0.6343968 0 0.7730075 0.4713984 0 0.8819203 0.4713985 0 0.8819203 0.2902878 0 0.9569393 0.2902878 0 0.9569394 0.09801852 0 0.9951846 0.09801852 0 0.9951846 -0.09801852 0 0.9951846 -0.09801852 0 0.9951846 -0.2902878 0 0.9569393 -0.2902878 0 0.9569394 -0.4713984 0 0.8819203 -0.4713985 0 0.8819203 -0.6343969 0 0.7730075 -0.6343968 0 0.7730075 -0.7730144 0 0.6343885 -0.7730144 0 0.6343885 -0.8819225 0 0.4713943 -0.8819225 0 0.4713943 -0.956942 0 0.2902795 -0.9569419 0 0.2902795 -0.9951847 0 0.09801793 -0.9951847 0 0.09801787 -0.9951847 0 -0.09801805 -0.9951847 0 -0.09801805 -0.956942 0 -0.2902791 -0.956942 0 -0.2902791 -0.8819225 0 -0.4713943 -0.8819225 0 -0.4713943 -0.7730144 0 -0.6343885 -0.7730144 0 -0.6343885 -0.6343969 0 -0.7730075 -0.6343968 0 -0.7730075 -0.4713984 0 -0.8819203 -0.4713985 0 -0.8819203 -0.2902866 0 -0.9569398 -0.2902867 0 -0.9569398 -0.09801918 0 -0.9951846 -0.09801912 0 -0.9951846 0.956942 0 0.2902795 0.956942 0 0.2902795 0.956942 0 0.2902793 0.9553658 -0.05737042 0.2898011 0.9569416 -0.1495063 0.2488182 0.9569419 -0.1495065 0.2488177 0.9569416 -0.1495063 0.2488182 0.9564036 -0.1781604 0.2314108 0.9569414 -0.2442641 0.1568384 0.9569414 -0.2442641 0.1568383 0.9569415 -0.2442638 0.1568382 0.9540413 -0.2855564 0.09090059 0.956941 -0.2902765 -0.001883327 0.6343969 0 -0.7730075 0.6343969 0 -0.7730075 0.6343969 0 -0.7730075 0.6240954 0.1794797 -0.760455 0.6343955 0.3981312 -0.6625963 0.6343966 0.3981319 -0.662595 0.6343959 0.3981313 -0.6625959 0.6292504 0.5038524 -0.5917572 0.6343939 0.650467 -0.4176566 0.6343944 0.6504678 -0.4176546 0.6343935 0.6504672 -0.4176568 0.6197722 0.7508062 -0.2284131 0.6343917 0.7729955 0.005014419 -0.956942 0 -0.2902791 -0.956942 0 -0.2902791 -0.956942 0 -0.2902791 -0.9526666 0.06790196 -0.2963368 -0.9569419 0.1495064 -0.2488176 -0.9569418 0.149506 -0.2488178 -0.956942 0.1495062 -0.2488172 -0.9529912 0.1942099 -0.232573 -0.9569415 0.244264 -0.1568377 -0.9569413 0.2442638 -0.1568389 -0.9569416 0.2442637 -0.1568381 -0.9530631 0.289471 -0.08875471 -0.956941 0.2902768 0.001882672 -0.6343969 0 0.7730075 -0.6343969 0 0.7730075 -0.6343964 0 0.7730078 -0.6069798 -0.1316533 0.7837365 -0.6343961 -0.398132 0.6625953 -0.6343953 -0.3981313 0.6625965 -0.6343954 -0.3981323 0.6625958 -0.6066284 -0.4638952 0.6456031 -0.6343935 -0.6504673 0.4176567 -0.6343948 -0.6504675 0.4176545 -0.6343933 -0.6504677 0.4176564 -0.6140477 -0.7492403 0.2481624 -0.6343921 -0.7729953 -0.005012512 0.4713985 0 0.8819203 0.4713985 0 0.8819203 0.471399 0 0.8819201 0.4682815 -0.1148179 0.8760874 0.4713976 -0.4542254 0.755952 0.4713987 -0.4542264 0.7559509 0.4713987 -0.4542261 0.755951 0.4709953 -0.4892835 0.7340062 0.471395 -0.7421137 0.4765021 0.4713966 -0.7421141 0.4764996 0.4713953 -0.7421137 0.4765017 0.4612882 -0.8374841 0.2929739 0.471394 -0.8819042 -0.00571984 -0.2902866 0 -0.9569397 -0.2902866 0 -0.9569397 -0.2902866 0 -0.9569397 -0.2779416 0.22458 -0.9339767 -0.290286 0.4928634 -0.8202559 -0.2902869 0.4928642 -0.8202551 -0.2902869 0.4928646 -0.8202549 -0.2792597 0.6271379 -0.7271259 -0.2902859 0.8052396 -0.5170333 -0.2902846 0.8052406 -0.5170324 -0.2902861 0.805239 -0.5170339 -0.2785003 0.9192403 -0.2782712 -0.2902828 0.9569208 0.006206393 -0.8819226 0 0.4713944 -0.8819226 0 0.4713944 -0.8819224 0 0.4713946 -0.8694866 -0.09592443 0.484553 -0.8819217 -0.2427883 0.4040642 -0.881922 -0.2427886 0.4040634 -0.8819217 -0.2427883 0.4040642 -0.8696171 -0.3011919 0.3912154 -0.8819212 -0.396668 0.2546948 -0.881921 -0.3966685 0.2546949 -0.8819211 -0.3966682 0.2546948 -0.8718817 -0.4666439 0.1485459 -0.8819198 -0.4713896 -0.003058493 0.4713985 0 -0.8819203 0.4713985 0 -0.8819203 0.4713985 0 -0.8819203 0.4613323 0.2055525 -0.8630879 0.4713976 0.4542267 -0.7559514 0.4713966 0.4542254 -0.7559527 0.4713966 0.4542269 -0.7559518 0.466251 0.5755658 -0.671814 0.4713962 0.7421141 -0.4765 0.4713947 0.7421147 -0.4765006 0.4713965 0.7421138 -0.4765001 0.4573304 0.8509693 -0.258264 0.4713945 0.8819039 0.005723118 -0.2902878 0 0.9569394 -0.2902878 0 0.9569394 -0.2902872 0 0.9569396 -0.2679497 -0.1251946 0.955264 -0.290286 -0.4928634 0.8202559 -0.2902864 -0.4928646 0.8202549 -0.2902861 -0.4928644 0.8202552 -0.2678066 -0.5343977 0.8016849 -0.2902854 -0.8052392 0.5170342 -0.2902854 -0.8052405 0.5170321 -0.2902857 -0.8052393 0.5170338 -0.2749044 -0.9075422 0.317482 -0.2902834 -0.9569206 -0.006206333 -0.956942 0 0.2902795 -0.956942 0 0.2902795 -0.956942 0 0.2902795 -0.9520874 -0.06251579 0.2993683 -0.9569419 -0.1495064 0.2488175 -0.9569417 -0.1495062 0.248818 -0.9569419 -0.1495064 0.2488175 -0.9522233 -0.1894722 0.2395227 -0.9569412 -0.2442643 0.1568388 -0.9569413 -0.2442643 0.1568385 -0.9569413 -0.2442642 0.1568386 -0.9528756 -0.2894231 0.09089845 -0.956941 -0.2902767 -0.001883387 -0.09801912 0 -0.9951845 -0.09801912 0 -0.9951845 -0.09801912 0 -0.9951845 -0.09354078 0.2330195 -0.9679628 -0.09801852 0.512561 -0.8530378 -0.09801858 0.512562 -0.8530373 -0.09801858 0.512562 -0.8530373 -0.09402 0.6505308 -0.7536378 -0.09801805 0.8374208 -0.5376976 -0.09801888 0.8374223 -0.5376952 -0.09801846 0.8374212 -0.5376969 -0.09373825 0.9529174 -0.2883776 -0.09801775 0.9951637 0.0064556 0.2902878 0 0.9569394 0.2902878 0 0.9569394 0.2902878 0 0.9569394 0.2884905 -0.1111068 0.9510145 0.2902879 -0.492865 0.8202543 0.2902864 -0.4928631 0.8202559 0.2902866 -0.4928646 0.8202549 0.290126 -0.5210983 0.8026728 0.2902864 -0.8052404 0.5170316 0.2902848 -0.8052395 0.517034 0.2902861 -0.8052401 0.5170323 0.2834426 -0.9028815 0.3232109 0.2902834 -0.9569206 -0.006206333 -0.9951846 0 -0.09801799 -0.9951846 0 -0.09801805 -0.9951846 0 -0.09801805 -0.9946576 0.02256447 -0.1007324 -0.9951846 0.05048346 -0.08401769 -0.9951846 0.05048358 -0.08401775 -0.9951846 0.05048352 -0.08401799 -0.9946904 0.06541299 -0.07944947 -0.9951846 0.08248013 -0.05295926 -0.9951846 0.08248013 -0.05295926 -0.9951846 0.08248025 -0.05295944 -0.9947168 0.0980975 -0.03025668 -0.9951846 0.09801715 6.35963e-4 0.956942 0 -0.2902791 0.956942 0 -0.2902791 0.956942 0 -0.2902791 0.9549254 0.06488668 -0.2896673 0.9569417 0.1495062 -0.248818 0.9569419 0.1495065 -0.2488172 0.956942 0.1495063 -0.2488173 0.95605 0.1863644 -0.2263551 0.9569416 0.2442638 -0.1568375 0.9569413 0.244264 -0.1568388 0.9569414 0.2442638 -0.1568381 0.9538295 0.2870067 -0.08852308 0.956941 0.2902767 0.001882612 0.9951847 0 0.09801787 0.9951847 0 0.09801787 0.9951846 0 0.09801793 0.9949763 -0.02046442 0.09799742 0.9951846 -0.05048358 0.08401757 0.9951847 -0.05048334 0.08401769 0.9951846 -0.05048346 0.08401763 0.9951052 -0.06130886 0.07750403 0.9951846 -0.08248025 0.05295926 0.9951846 -0.08248007 0.05295926 0.9951846 -0.08248019 0.0529595 0.9948285 -0.09690225 0.03043371 0.9951845 -0.09801715 -6.35722e-4 -0.4713985 0 0.8819203 -0.471399 6.84552e-7 0.8819201 -0.471399 0 0.8819201 -0.4427808 -0.1325422 0.8867794 -0.4713976 -0.4542254 0.7559521 -0.4713976 -0.4542254 0.7559521 -0.4713987 -0.4542264 0.7559509 -0.4424017 -0.5098986 0.7377561 -0.4713969 -0.7421141 0.4764992 -0.471395 -0.7421137 0.4765021 -0.4713966 -0.7421141 0.4764996 -0.4510142 -0.8449776 0.2874003 -0.4713941 -0.8819042 -0.00571984 0.7730144 0 -0.6343885 0.7730144 0 -0.6343885 0.7730144 0 -0.6343885 0.7647011 0.1462638 -0.627566 0.7730137 0.3267366 -0.5437767 0.7730136 0.3267375 -0.5437762 0.7730136 0.3267368 -0.5437766 0.7689872 0.4124036 -0.4884485 0.7730119 0.5338231 -0.3427617 0.7730124 0.5338243 -0.3427586 0.7730123 0.5338228 -0.3427611 0.7609602 0.6205343 -0.1894115 0.7730102 0.6343803 0.004114806 0.8819226 0 0.4713944 0.8819226 0 0.4713944 0.8819226 0 0.4713944 0.87861 -0.08659064 0.4696238 0.8819221 -0.2427886 0.4040634 0.8819217 -0.2427882 0.4040642 0.8819221 -0.2427886 0.4040634 0.8809465 -0.2828224 0.3794004 0.8819215 -0.3966684 0.2546933 0.8819211 -0.3966678 0.2546957 0.8819212 -0.3966683 0.2546945 0.8752022 -0.4602113 0.1490858 0.8819198 -0.4713897 -0.003057241 -0.7730144 0 -0.6343885 -0.7730144 0 -0.6343885 -0.7730144 0 -0.6343885 -0.757606 0.1499313 -0.6352587 -0.7730136 0.3267366 -0.5437768 -0.7730135 0.3267375 -0.5437763 -0.773013 0.3267372 -0.5437772 -0.7590719 0.422041 -0.4956727 -0.7730124 0.533823 -0.3427609 -0.7730125 0.5338237 -0.3427593 -0.7730114 0.5338239 -0.3427616 -0.7586011 0.6233476 -0.1896372 -0.7730099 0.6343806 0.004115223 0.09801912 0 -0.9951845 0.09801912 0 -0.9951845 0.09801912 0 -0.9951845 0.09532767 0.2327272 -0.9678589 0.09801852 0.512561 -0.8530378 0.09801858 0.512562 -0.8530372 0.09801888 0.5125623 -0.8530371 0.09660857 0.6500669 -0.7537107 0.09801888 0.8374214 -0.5376968 0.09801846 0.8374221 -0.5376957 0.09801793 0.837421 -0.5376976 0.09431934 0.9528404 -0.2884426 0.09801715 0.9951638 0.006454408 -0.8819226 0 -0.4713944 -0.8819226 0 -0.4713944 -0.8819226 0 -0.4713944 -0.8718969 0.1111508 -0.4769081 -0.8819218 0.2427881 -0.4040641 -0.8819221 0.2427879 -0.4040637 -0.8819221 0.2427884 -0.4040634 -0.8727674 0.3149078 -0.3729747 -0.8819209 0.3966684 -0.2546954 -0.8819214 0.3966673 -0.2546954 -0.8819214 0.3966683 -0.2546938 -0.8726687 0.46704 -0.1425589 -0.8819203 0.4713886 0.003058493 -0.9951847 0 0.09801787 -0.9951847 0 0.09801787 -0.9951847 0 0.09801787 -0.9946351 -0.02197211 0.101086 -0.9951846 -0.05048346 0.08401793 -0.9951846 -0.0504834 0.08401781 -0.9951846 -0.05048352 0.08401769 -0.9946603 -0.0648995 0.08024376 -0.9951846 -0.08248007 0.05295926 -0.9951846 -0.08248007 0.05295944 -0.9951846 -0.08248007 0.05295908 -0.9947095 -0.09809792 0.03049427 -0.9951845 -0.09801715 -6.35841e-4 -0.6343969 0 -0.7730075 -0.6343969 0 -0.7730075 -0.6343969 0 -0.7730075 -0.6161342 0.1824803 -0.7662112 -0.6343962 0.398132 -0.6625952 -0.6343954 0.3981315 -0.6625962 -0.6343961 0.3981318 -0.6625955 -0.6179776 0.5115084 -0.5970451 -0.6343947 0.6504672 -0.4176549 -0.6343938 0.6504671 -0.4176567 -0.6343951 0.6504674 -0.4176542 -0.6171458 0.7529366 -0.2285116 -0.6343917 0.7729955 0.005011558 -0.4713985 0 -0.8819203 -0.4713984 0 -0.8819203 -0.4713984 0 -0.8819203 -0.4541159 0.207605 -0.8664173 -0.4713976 0.4542264 -0.7559514 -0.4713973 0.4542265 -0.7559517 -0.4713973 0.4542267 -0.7559515 -0.4559229 0.5804694 -0.6746775 -0.4713944 0.7421135 -0.4765027 -0.4713964 0.7421151 -0.4764984 -0.4713937 0.7421137 -0.4765031 -0.4549641 0.8522463 -0.2582324 -0.4713945 0.881904 0.005720913 0.09801852 0 0.9951846 0.09801852 0 0.9951846 0.09801852 0 0.9951846 0.09742188 -0.1101686 0.9891268 0.09801799 -0.5125623 0.8530371 0.09801799 -0.5125607 0.8530381 0.09801799 -0.5125623 0.8530371 0.09797352 -0.5381668 0.8371247 0.09801578 -0.837421 0.5376979 0.09801793 -0.8374225 0.5376952 0.09801757 -0.8374218 0.5376963 0.09558886 -0.9362008 0.3382172 0.09801715 -0.9951638 -0.006454408 0.6343969 0 0.7730076 0.6343969 6.01332e-7 0.7730075 0.6343969 0 0.7730075 0.6302046 -0.1147738 0.7678993 0.6343954 -0.3981312 0.6625964 0.6343954 -0.3981312 0.6625964 0.6343954 -0.3981323 0.6625958 0.6336253 -0.4398645 0.6364261 0.6343948 -0.6504675 0.4176545 0.6343948 -0.6504662 0.4176564 0.6343949 -0.6504673 0.4176547 0.6230634 -0.7405096 0.2518678 0.6343924 -0.7729949 -0.005013465 0.8819226 0 -0.4713944 0.8819226 0 -0.4713944 0.8819226 0 -0.4713944 0.8768223 0.1073898 -0.4686684 0.881922 0.2427886 -0.4040635 0.8819217 0.2427883 -0.4040642 0.881922 0.2427887 -0.4040635 0.8795484 0.3049756 -0.3652184 0.8819212 0.3966677 -0.2546954 0.8819211 0.3966688 -0.2546941 0.8819211 0.3966678 -0.2546955 0.8743213 0.464026 -0.1422749 0.8819199 0.4713893 0.003057658 0.9951846 0 -0.09801805 0.9951846 0 -0.09801805 0.9951846 0 -0.09801805 0.9949589 0.02130043 -0.09799581 0.9951846 0.05048334 -0.08401781 0.9951846 0.05048346 -0.08401793 0.9951846 0.05048358 -0.08401787 0.995091 0.06223338 -0.07694733 0.9951846 0.08248013 -0.05295926 0.9951846 0.08248007 -0.05295944 0.9951846 0.08248019 -0.0529592 0.9948202 0.09706789 -0.03017413 0.9951845 0.09801709 6.35837e-4 -0.7730144 0 0.6343885 -0.7730146 5.21564e-7 0.6343882 -0.7730146 0 0.6343882 -0.7520331 -0.1195173 0.6481989 -0.7730138 -0.3267375 0.5437761 -0.7730137 -0.3267366 0.5437766 -0.7730138 -0.3267375 0.5437761 -0.7519452 -0.3939935 0.5285333 -0.7730124 -0.5338228 0.3427608 -0.7730124 -0.5338236 0.3427596 -0.7730126 -0.5338228 0.3427606 -0.7567554 -0.621881 0.201458 -0.773011 -0.6343793 -0.004115998 0.2902866 0 -0.9569398 0.2902867 0 -0.9569397 0.2902867 0 -0.9569397 0.2829436 0.2234954 -0.932734 0.290287 0.4928643 -0.8202549 0.290287 0.4928643 -0.8202551 0.2902869 0.4928645 -0.8202549 0.2864729 0.6248639 -0.7262771 0.2902846 0.805239 -0.5170348 0.2902861 0.8052412 -0.5170305 0.2902852 0.8052387 -0.517035 0.2801327 0.9187136 -0.2783722 0.2902834 0.9569206 0.006207525 0.7730144 0 0.6343885 0.7730141 4.56369e-7 0.6343888 0.7730141 0 0.6343888 0.7686618 -0.1059657 0.6308172 0.7730135 -0.3267382 0.5437758 0.7730136 -0.3267366 0.5437768 0.7730135 -0.3267375 0.5437763 0.7719645 -0.3709278 0.5162202 0.7730115 -0.5338247 0.34276 0.7730116 -0.5338236 0.3427616 0.7730116 -0.5338244 0.3427601 0.7629868 -0.6136307 0.2032452 0.7730102 -0.6343803 -0.004115223 -0.09801852 0 0.9951846 -0.09801912 7.74202e-7 0.9951845 -0.09801912 0 0.9951845 -0.08938109 -0.1155772 0.9892689 -0.09801954 -0.5125615 0.8530375 -0.09801822 -0.5125621 0.8530372 -0.09801822 -0.5125623 0.8530371 -0.08940255 -0.5423394 0.8353893 -0.09801691 -0.8374209 0.5376977 -0.09801691 -0.8374226 0.5376952 -0.09801834 -0.8374208 0.5376977 -0.09219706 -0.9374837 0.3355952 -0.09801715 -0.9951638 -0.006454408 -1.87775e-7 0 1 1.87775e-7 0 -1 0.008838057 0.003221452 -0.9999558 -0.009806632 -0.007863223 -0.999921 0.00329864 -0.002070307 -0.9999924 1 0 0 0 -1 0 -1 0 0 0 1 0 0 0 1 0 -0.08715528 0.9961948 1 0 0 0.08715462 0 0.9961948 0 1 0 0 1 0 0 1 0 0 1 0 0 1 0 0 1 0 0 1 0 0 1 0 0 1 0 0 1 0 0 1 0 0 1 0 0 1 0 0 1 0 0 1 0 0 1 0 0 1 0 0 1 0 0 1 0 0 1 0 0 1 0 0 1 0 0 1 0 0 1 0 0 1 0 0 1 0 0 1 0 0 1 0 0 1 0 0 1 0 0 1 0 0 1 0 0 1 0 0 1 0 0 1 0 0.9961947 0 0.08715558 0 -0.2588213 0.9659253 0 -0.4226155 0.906309 0 -0.5735781 0.8191509 0 -0.7071068 0.7071068 0 -0.8191509 0.573578 0 -0.9063071 0.4226199 0.4226169 0 0.9063085 0 0.08715528 0.9961948 0 0.2588213 0.9659252 0 0.4226156 0.9063091 0 0.5735781 0.8191509 0 0.7071068 0.7071068 0 0.8191509 0.573578 0 0.906307 0.4226198 0 0.9659267 0.2588162 0 0.9961947 0.08715558 0 -0.9659267 0.2588162 0.2588213 0 0.9659252 0.5735781 0 0.8191509 0.7071086 0 0.707105 0.8191475 0 0.5735828 0.9063098 0 0.422614 0.9659266 0 0.2588162 -0.2588195 0 0.9659257 -0.9961947 0 0.08715558 -0.9659283 0 0.2588096 -0.9063071 0 0.4226198 -0.8191543 0 0.5735733 -0.7071086 0 0.707105 -0.5735781 0 0.8191509 -0.4226169 0 0.9063084 0 0 1 0 0 1 0 0 1 0 0 1 0 0 1 0 0 1 0 0 1 0 0 1 0 0 1 0 0 1 0 0 1 0 0 1 0 0 1 0 0 1 0 0 1 0 0 1 0 0 1 0 0 1 0 0 1 0 0 1 0 0 1 0 0 1 0 0 1 0 0 1 0 0 1 0 0 1 0 0 1 0 0 1 0 0 1 0 0 1 0 0 1 0 0 1 0 0 1 0 0 1 0 0 1 0 0 1 0 0 1 0 0 1 0 0 1 0 0 1 0 0 1 0 0 1 0 0 1 0 0 1 0 0 1 0 0 1 -0.08715587 0 0.9961947 0.007014632 0.08015257 0.996758 0.01842451 0.06875467 0.9974634 0.02772861 0.0594539 0.9978459 0.03589707 0.05128514 0.9980387 0.04359257 0.04359358 0.9980978 0.05128675 0.03589475 0.9980387 0.05945241 0.02773016 0.997846 0.06875514 0.01842343 0.9974634 0.08015251 0.007014632 0.996758 0.0209012 0.2389002 0.9708192 0.05515962 0.2058656 0.9770245 0.08321261 0.1784598 0.9804223 0.107912 0.1540793 0.9821479 0.1310425 0.1310425 0.9826778 0.1540766 0.1079164 0.9821478 0.1784639 0.08320784 0.9804219 0.2058607 0.05516451 0.9770252 0.2389068 0.0208944 0.9708177 0.03439188 0.3931814 0.9188175 0.09171694 0.3422711 0.9351142 0.1391288 0.2983871 0.9442502 0.1809322 0.2583823 0.9489479 0.2199353 0.21993 0.9503995 0.258384 0.1809297 0.9489479 0.298383 0.1391374 0.9442501 0.3422687 0.09172517 0.9351142 0.3931922 0.03437936 0.9188133 0.04722589 0.5397059 0.840528 0.1278256 0.477133 0.8694853 0.1956991 0.4196547 0.8863361 0.2556558 0.3651094 0.8951733 0.3112309 0.3112156 0.8979311 0.3651011 0.2556655 0.8951739 0.4196634 0.195687 0.8863348 0.4771243 0.1278318 0.8694892 0.5396876 0.04725092 0.8405383 0.05899709 0.6744806 0.7359316 0.1629307 0.6080756 0.7769798 0.2524321 0.5413309 0.8020217 0.331937 0.4740541 0.8155308 0.4049293 0.404919 0.8198004 0.4740554 0.3319379 0.8155297 0.541331 0.2524322 0.8020216 0.6080655 0.1629474 0.7769842 0.6744824 0.0589962 0.73593 0.0693652 0.7925498 0.6058493 0.1957075 0.7304586 0.6543155 0.3076659 0.659804 0.6855658 0.4079265 0.582555 0.7030119 0.498923 0.4989359 0.7086175 0.5825738 0.4079006 0.7030113 0.6597908 0.3076792 0.6855725 0.7304459 0.1957216 0.6543254 0.792542 0.06937652 0.6058582 0.07773506 0.8883867 0.452467 0.2241765 0.8366979 0.4996813 0.3578909 0.7674837 0.5318675 0.4788336 0.6838554 0.5505091 0.5874391 0.5874547 0.556608 0.6838682 0.4788159 0.5505085 0.7674748 0.3579027 0.5318722 0.8366926 0.2241913 0.4996836 0.8883925 0.07771885 0.4524585 0.08366954 0.956318 0.2800988 0.2456265 0.9167001 0.3151643 0.3974139 0.8522453 0.3402062 0.5361732 0.7657364 0.3551986 0.6596466 0.6596466 0.3601841 0.7657384 0.5361746 0.3551923 0.8522374 0.3974379 0.3401978 0.9167076 0.2456152 0.3151513 0.9563217 0.08365142 0.2800914 0.08675664 0.9916709 0.09519582 0.2572928 0.9601959 0.1087399 0.4196258 0.8999055 0.1186783 0.5691073 0.8127453 0.1247476 0.7014 0.7014 0.1267917 0.8127628 0.5690808 0.1247543 0.899901 0.4196327 0.1186869 0.9601913 0.2573058 0.1087492 0.991667 0.08679336 0.09520226 0.08714205 0.9961959 9.81424e-6 0.2588324 0.9659222 2.56052e-5 0.4226185 0.9063077 3.74021e-5 0.5735759 0.8191525 4.45964e-5 0.7071166 0.707097 4.71789e-5 0.819146 0.5735851 4.47612e-5 0.9063077 0.4226185 3.75841e-5 0.9659222 0.2588324 2.57176e-5 0.9961959 0.08714205 9.80331e-6 1.87652e-7 0 -1 1.87758e-7 0 -1 1.87692e-7 0 -1 1.87711e-7 0 -1 1.88232e-7 0 -1 1.88467e-7 0 -1 1.8769e-7 0 -1 1.87419e-7 0 -1 1.87731e-7 0 -1 1.8768e-7 0 -1 1.87827e-7 0 -1 1.87842e-7 0 -1 1.87355e-7 0 -1 1.87801e-7 0 -1 1.8768e-7 0 -1 1.87817e-7 0 -1 1.87689e-7 0 -1 1.87419e-7 0 -1 1.87985e-7 0 -1 1.87631e-7 0 -1 1.87728e-7 0 -1 1.87763e-7 0 -1 1.87745e-7 0 -1 1.87758e-7 0 -1 1.87671e-7 0 -1 1.87715e-7 0 -1 1.88467e-7 0 -1 1.88232e-7 0 -1 0.007012605 -0.08015406 0.9967578 0.01842248 -0.06875604 0.9974634 0.0277239 -0.05945742 0.9978458 0.03591006 -0.05127537 0.9980388 0.04359376 -0.04359173 0.9980978 0.05127471 -0.03591108 0.9980387 0.05945712 -0.02772378 0.9978458 0.0687561 -0.01842218 0.9974634 0.08015334 -0.007012784 0.9967579 0.02089709 -0.2389034 0.9708185 0.05516415 -0.2058627 0.9770248 0.08321344 -0.1784597 0.9804221 0.107901 -0.1540893 0.9821476 0.1310421 -0.1310453 0.9826775 0.1540939 -0.1078956 0.9821475 0.1784543 -0.08322083 0.9804226 0.2058591 -0.0551685 0.9770253 0.2389104 -0.02088946 0.9708169 0.03440386 -0.3931734 0.9188205 0.09169888 -0.3422834 0.9351114 0.1391429 -0.2983763 0.9442515 0.180926 -0.2583857 0.9489482 0.2199369 -0.2199261 0.9504001 0.2583811 -0.1809338 0.9489479 0.2983831 -0.1391345 0.9442505 0.3422827 -0.0917049 0.9351112 0.3931636 -0.03442239 0.918824 0.04720914 -0.5397154 0.8405228 0.1278426 -0.4771226 0.8694885 0.1956939 -0.4196581 0.8863357 0.2556539 -0.3651107 0.8951733 0.3112277 -0.3112198 0.8979308 0.3651098 -0.2556532 0.8951739 0.4196586 -0.1956942 0.8863354 0.4771103 -0.1278545 0.8694935 0.5397117 -0.04720795 0.8405253 0.05903035 -0.6744661 0.7359422 0.1629197 -0.6080814 0.7769776 0.2524242 -0.5413357 0.802021 0.331946 -0.474048 0.8155307 0.4049189 -0.4049294 0.8198004 0.4740639 -0.3319253 0.8155298 0.5413282 -0.2524368 0.8020221 0.6080735 -0.1629322 0.7769812 0.6744633 -0.0590403 0.735944 0.06934964 -0.7925544 0.6058449 0.1957113 -0.730457 0.6543162 0.3076755 -0.6597987 0.6855666 0.4079107 -0.5825655 0.7030124 0.4989228 -0.4989361 0.7086175 0.5825768 -0.4078959 0.7030115 0.6597881 -0.3076843 0.6855728 0.7304456 -0.1957225 0.6543256 0.7925546 -0.06933468 0.6058464 0.07772624 -0.8883883 0.4524652 0.2241891 -0.8366937 0.4996827 0.3578888 -0.7674846 0.5318674 0.4788377 -0.6838527 0.5505087 0.5874477 -0.5874477 0.5566064 0.6838538 -0.4788385 0.5505069 0.7674723 -0.357908 0.5318723 0.8366971 -0.2241778 0.4996821 0.8883941 -0.07770967 0.4524567 0.08366382 -0.9563185 0.2800984 0.245637 -0.9166973 0.3151643 0.3974039 -0.8522498 0.3402066 0.536185 -0.7657288 0.3551971 0.6596467 -0.6596467 0.3601841 0.765747 -0.5361613 0.3551939 0.8522489 -0.3974121 0.3401991 0.916698 -0.2456507 0.3151518 0.9563167 -0.0836994 0.2800945 0.08674627 -0.9916717 0.09519678 0.2572976 -0.9601947 0.1087393 0.4196318 -0.8999027 0.1186774 0.5690952 -0.8127534 0.12475 0.7014099 -0.7013905 0.1267893 0.812747 -0.5691044 0.1247499 0.8999016 -0.4196313 0.1186871 0.9601935 -0.2572973 0.1087502 0.9916707 -0.08674621 0.09520667 0.08717083 -0.9961934 9.63312e-6 0.2588275 -0.9659236 2.56375e-5 0.422622 -0.9063061 3.73777e-5 0.5735709 -0.8191559 4.46347e-5 0.7071068 -0.7071068 4.7179e-5 0.8191494 -0.5735801 4.47992e-5 0.9063096 -0.4226145 3.76123e-5 0.9659299 -0.2588041 2.59018e-5 0.9961963 -0.0871368 9.83612e-6 0 -1 0 -0.007012605 0.08015418 0.9967578 -0.01842254 0.06875628 0.9974634 -0.0277239 0.05945742 0.9978458 -0.03591024 0.05127567 0.9980387 -0.04359304 0.04359304 0.9980978 -0.05127638 0.03590941 0.9980387 -0.05945736 0.02772438 0.9978458 -0.06875687 0.01842236 0.9974634 -0.08015441 0.007012844 0.9967578 -0.02089649 0.2389053 0.970818 -0.05516427 0.2058632 0.9770247 -0.08321583 0.178458 0.9804223 -0.1079012 0.1540895 0.9821476 -0.1310383 0.1310477 0.9826776 -0.1540974 0.1078917 0.9821473 -0.1784582 0.08321595 0.9804223 -0.2058594 0.05516856 0.9770253 -0.2389034 0.02089703 0.9708185 -0.03440147 0.3931739 0.9188203 -0.09170377 0.3422785 0.9351128 -0.1391376 0.2983782 0.9442517 -0.1809269 0.2583822 0.9489489 -0.2199373 0.2199265 0.9503999 -0.25838 0.180933 0.9489485 -0.2983693 0.139145 0.9442534 -0.342276 0.09170144 0.9351139 -0.393187 0.03438323 0.9188154 -0.04722762 0.5397056 0.8405281 -0.1278432 0.4771252 0.8694871 -0.1956953 0.4196622 0.8863334 -0.2556592 0.3651115 0.8951715 -0.311227 0.311227 0.8979285 -0.3651042 0.2556652 0.8951727 -0.4196713 0.1956835 0.8863317 -0.4771187 0.1278567 0.8694885 -0.5397199 0.04721033 0.8405199 -0.0590139 0.6744698 0.7359402 -0.1629181 0.6080754 0.7769826 -0.2524216 0.54133 0.8020257 -0.3319487 0.4740368 0.8155361 -0.4049089 0.4049299 0.8198052 -0.4740507 0.3319298 0.8155357 -0.5413224 0.2524341 0.8020269 -0.6080757 0.1629128 0.7769836 -0.6744847 0.05899041 0.7359283 -0.06934988 0.7925572 0.6058412 -0.1957126 0.7304617 0.6543105 -0.3076784 0.6598048 0.6855593 -0.4079147 0.5825713 0.7030052 -0.4989356 0.4989356 0.7086089 -0.5825675 0.4079254 0.7030021 -0.6598129 0.3076685 0.685556 -0.7304608 0.1957265 0.6543074 -0.792568 0.06933587 0.6058288 -0.07772612 0.8883867 0.4524685 -0.2241885 0.8366916 0.4996865 -0.3578877 0.7674822 0.5318717 -0.4788361 0.6838502 0.5505132 -0.5874446 0.5874446 0.5566127 -0.6838502 0.4788361 0.5505132 -0.7674906 0.3578764 0.5318672 -0.8366807 0.2242156 0.4996926 -0.8883915 0.07770794 0.4524621 -0.08365744 0.9563204 0.2800942 -0.2456544 0.9166931 0.3151631 -0.3973882 0.8522579 0.3402045 -0.536185 0.7657288 0.3551971 -0.6596273 0.6596637 0.3601884 -0.7657278 0.5361843 0.3552006 -0.8522489 0.3974035 0.3402093 -0.9167034 0.2456152 0.3151636 -0.9563266 0.08362549 0.2800827 -0.08674627 0.9916715 0.09519904 -0.2572792 0.960199 0.1087446 -0.4196318 0.8999027 0.1186776 -0.5690953 0.8127536 0.1247488 -0.7014099 0.7013905 0.1267893 -0.8127545 0.5690959 0.1247402 -0.8999037 0.4196323 0.1186681 -0.9602056 0.2572615 0.1087282 -0.9916691 0.08678352 0.09518915 -0.9961926 0.08717936 5.82041e-6 -0.9659321 0.2587957 2.15953e-5 -0.9063076 0.4226185 3.34921e-5 -0.8191525 0.5735759 4.10622e-5 -0.7071166 0.707097 4.38975e-5 -0.5735759 0.8191525 4.20478e-5 -0.4226185 0.9063076 3.53802e-5 -0.258814 0.9659271 2.44349e-5 -0.08714205 0.9961959 9.4645e-6 0 -0.9961947 0.08715558 -0.007014632 -0.08015263 0.996758 -0.01842457 -0.06875473 0.9974634 -0.02772945 -0.0594533 0.9978459 -0.03589648 -0.0512858 0.9980387 -0.04359352 -0.04359245 0.9980978 -0.05128538 -0.03589725 0.9980387 -0.05945384 -0.02772915 0.9978458 -0.06875592 -0.01842367 0.9974634 -0.08015298 -0.007014691 0.996758 -0.02090138 -0.2389017 0.9708189 -0.05515986 -0.2058665 0.9770243 -0.08321279 -0.1784602 0.9804221 -0.1079101 -0.154083 0.9821475 -0.1310437 -0.1310437 0.9826775 -0.1540856 -0.1079078 0.9821474 -0.1784596 -0.08321404 0.9804221 -0.2058665 -0.05515891 0.9770243 -0.2388998 -0.02090185 0.9708192 -0.03439068 -0.3931811 0.9188176 -0.09171652 -0.3422697 0.9351147 -0.1391358 -0.2983795 0.9442515 -0.1809304 -0.2583797 0.948949 -0.219922 -0.2199379 0.9504008 -0.2583933 -0.1809146 0.9489483 -0.2983766 -0.1391345 0.9442526 -0.3422611 -0.09172308 0.9351173 -0.3931813 -0.03439188 0.9188176 -0.04722279 -0.5397083 0.8405267 -0.1278337 -0.477131 0.8694852 -0.1956943 -0.4196629 0.8863333 -0.255661 -0.3651103 0.8951714 -0.3112336 -0.3112183 0.8979293 -0.3651031 -0.2556669 0.8951728 -0.4196557 -0.1957071 0.8863339 -0.4771338 -0.1278321 0.8694838 -0.539727 -0.04719775 0.840516 -0.0590201 -0.6744671 0.7359421 -0.1629284 -0.6080668 0.7769871 -0.2524284 -0.5413244 0.8020274 -0.3319371 -0.4740453 0.8155359 -0.4049195 -0.4049195 0.8198052 -0.4740377 -0.3319461 0.8155366 -0.5413365 -0.2524134 0.8020239 -0.6080582 -0.1629455 0.7769904 -0.6744812 -0.05899822 0.7359309 -0.06931817 -0.7925699 0.6058283 -0.1957214 -0.7304589 0.6543112 -0.3076781 -0.6598036 0.6855607 -0.4079185 -0.5825696 0.7030043 -0.4989356 -0.4989356 0.7086089 -0.5825586 -0.4079329 0.7030051 -0.659814 -0.3076635 0.6855573 -0.7304559 -0.1957243 0.6543135 -0.7925701 -0.06931817 0.6058281 -0.07773494 -0.8883853 0.4524697 -0.2241761 -0.8366966 0.4996837 -0.3578903 -0.7674823 0.5318697 -0.4788328 -0.6838544 0.550511 -0.5874461 -0.5874461 0.5566096 -0.683848 -0.4788441 0.550509 -0.7674899 -0.3578779 0.5318672 -0.8366919 -0.2241911 0.4996849 -0.8883924 -0.07771885 0.4524587 -0.0836696 -0.9563189 0.2800955 -0.2456268 -0.9167011 0.3151612 -0.3974148 -0.8522471 0.3402006 -0.5361732 -0.7657364 0.3551986 -0.6596466 -0.6596466 0.3601841 -0.7657384 -0.5361746 0.3551923 -0.8522409 -0.3974311 0.3401968 -0.9167051 -0.2456243 0.3151515 -0.9563221 -0.08364987 0.2800908 -0.08675658 -0.9916706 0.09519869 -0.2573108 -0.9601907 0.1087427 -0.4195938 -0.8999197 0.1186832 -0.5691074 -0.8127455 0.1247465 -0.7014004 -0.7014004 0.1267868 -0.8127634 -0.5690813 0.1247486 -0.899905 -0.4196256 0.1186817 -0.9601926 -0.2573061 0.1087365 -0.9916676 -0.08679342 0.09519523 -0.9961895 -0.08721512 5.59547e-6 -0.9659298 -0.2588041 2.15407e-5 -0.9063096 -0.4226144 3.35203e-5 -0.8191494 -0.5735802 4.10288e-5 -0.7071068 -0.7071068 4.3809e-5 -0.5735894 -0.8191429 4.19425e-5 -0.4226069 -0.9063131 3.54612e-5 -0.2588275 -0.9659236 2.43477e-5 -0.08717769 -0.9961928 9.24014e-6 -1 0 -4.0133e-6 1.36346e-4 -1 0 1 1.35352e-4 -3.15967e-7 -1.36159e-4 1 -1.20989e-7 -1 -1.35973e-4 0 -0.5376856 -0.8431451 6.21511e-4 -0.3340129 -0.9425684 3.21648e-4 -0.1131862 -0.9935739 -1.61126e-7 0.1239664 -0.9922865 1.42669e-7 0.3640241 -0.9313895 2.04425e-4 0.5817546 -0.8133643 4.00764e-4 0.7638016 -0.6454509 5.91463e-4 0.8990004 -0.4379473 7.7404e-4 0.979058 -0.2035795 9.49433e-4 0.2002494 -0.9797449 0 -0.5487406 -0.8359927 0 -0.1884872 -0.9820756 0 0.5587222 -0.8293549 0 -0.6643421 -0.7474287 0 0 0 1 0 0 1 -0.678992 0.2397205 0.6939048 -0.5649103 0.3773528 0.7338128 -0.3848828 0.5685468 0.7270624 0.9895577 -0.1441106 -0.002793133 0.252143 -0.9676895 -0.001054286 0 0 1 0 0 1 0.3887538 -0.8825551 0.2645125 -0.3742914 -0.8128939 0.446217 0 0 1 -0.2063698 -0.8856033 0.4160749 0 0 1 0 0 1 -0.2462362 -0.6785264 0.6920763 -0.3783429 -0.5664007 0.7321522 -0.5662956 -0.3784987 0.7321531 -0.6784599 -0.2464193 0.6920764 0.2308475 0.9729895 -9.1653e-4 0 0 1 0 0 1 0 0 1 0 0 1 0 0 1 0 0 1 0 0 1 0 0 1 0 0 1 0 0 1 0 0 1 0 0 1 0 0 1 0 0 1 0 0 1 0 0 1 0 0 1 0 0 1 0 0 1 0 0 1 0 0 1 0 0 1 0 0 1 0 0 1 0 0 1 0 0 1 0 0 1 0 0 1 0 0 1 0 0 1 0 0 1 0 0 1 0 0 1 0 0 1 0 0 1 0 0 1 0 0 1 0 0 1 0 0 1 0 0 1 0 0 1 0 0 1 0 0 1 0 0 1 0 0 1 0 0 1 0 0 1 0 0 1 0 0 1 0 0 1 0 0 1 0 0 1 0 0 1 0 0 1 0 0 1 0 0 1 0 0 1 0 0 1 0 0 1 0 0 1 0 0 1 0 0 1 0 0 1 0 0 1 0 0 1 0 0 1 2.77618e-4 0.002002298 0.999998 0 0 1 0 0 1 0 0 1 0 0 1 0 0 1 0 0 1 0 0 1 0 0 1 0 0 1 0 0 1 0 0 1 0 0 1 0 0 1 0 0 1 0 0 1 0 0 1 0 0 1 0 0 1 0 0 1 0 0 1 0 0 1 0 0 1 0 0 1 0 0 1 0 0 1 0 0 1 0 0 1 0 0 1 0 0 1 0 0 1 0 0 1 0 0 1 0 0 1 0 0 1 0 0 1 0 0 1 0 0 1 0 0 1 0 0 1 0 0 1 0 0 1 0 0 1 0 0 1 0 0 1 0 0 1 0 0 1 0 0 1 0 0 1 0 0 1 0 0 1 0 0 1 0 0 1 0 0 1 0 0 1 0 0 1 0 0 1 0 0 1 0 0 1 0 0 1 0 0 1 0 0 1 0 0 1 0 0 1 0 0 1 0 0 1 0 0 1 0 0 1 0 0 1 0 0 1 0 0 1 0 0 1 0 0 1 0 0 1 0 0 1 0 0 1 0 0 1 0 0 1 0 0 1 0 0 1 0 0 1 0 0 1 0 0 1 0 0 1 0 0 1 0 0 1 0 0 1 0 0 1 0 0 1 0 0 1 0 0 1 0 0 1 0 0 1 0 0 1 0 0 1 0 0 1 0 0 1 0 0 1 0 0 1 0 0 1 0 0 1 0 0 1 0 0 1 0 0 1 0 0 1 0 0 1 0 0 1 0 0 1 0 0 1 0 0 1 0 0 1 0 0 1 0 0 1 0 0 1 0 0 1 0 0 1 0 0 1 0 0 1 0 0 1 0 0 1 0 0 1 0 0 1 0.986487 0.1638167 -0.002735018 0.9831737 -0.1826526 -0.002747356 0.8327637 -0.5536286 0 0 0 1 0 0 1 0 0 1 0 0 1 0 0 1 0 0 1 0 0 1 0 0 1 0 0 1 0 0 1 0 0 1 0 0 1 0 0 1 0 0 1 0 0 1 0 0 1 0 0 1 0 0 1 0 0 1 0 0 1 0 0 1 0 0 1 0 0 1 0 0 1 0 0 1 0 0 1 0 0 1 0 0 1 0 0 1 0 0 1 0 0 1 0 0 1 0.09801727 0.9951847 0 0.2902841 0.9569405 0 0.4713966 0.8819213 0 0.6343932 0.7730105 0 0.4713968 -0.8819212 0 0.2902851 -0.9569402 0 0.09801733 -0.9951847 0 -0.09801733 -0.9951847 0 -0.290284 -0.9569405 0 -0.4713965 -0.8819214 0 -0.6343922 -0.7730114 -6.24122e-6 -0.6343938 -0.7730101 -4.43297e-7 -0.6343933 -0.7730105 0 -0.6343937 -0.7730101 0 -0.6343934 -0.7730104 -1.34228e-6 -0.6343932 -0.7730104 0 -0.6343932 -0.7730104 0 -0.6343912 -0.7730121 2.04622e-7 -0.6343946 -0.7730094 -1.49814e-7 -0.7773877 -0.6290217 0 -0.7730104 -0.6343934 -8.66909e-7 -0.750669 -0.6539105 -0.09432393 -0.7730103 -0.6343935 0 -0.773009 -0.634392 0.001962125 -0.7730108 -0.6343929 0 -0.7730168 -0.6343857 -4.74299e-5 -0.7730126 -0.6343907 -8.67494e-6 -0.7730078 -0.6343966 1.41484e-5 -0.7040782 -0.7100397 -0.01083904 -0.8819214 -0.4713966 0 -0.9569402 -0.290285 0 -0.9951847 -0.09801733 0 -0.9951847 0.09801733 0 -0.9569405 0.2902841 0 -0.8819216 0.4713962 0 -0.7730093 0.6343947 -4.04594e-5 -0.77301 0.6343938 9.02678e-6 -0.7730103 0.6343934 0 -0.7730107 0.634393 0 -0.7730104 0.6343933 -2.77961e-7 -0.7730104 0.6343933 0 -0.7730104 0.6343933 -1.44156e-7 -0.7730102 0.6343936 0 -0.7730107 0.634393 0 -0.634384 0.7730181 -3.57544e-5 -0.6343938 0.7730101 0 -0.6343934 0.7730104 0 -0.6343911 0.7730122 0 -0.6343934 0.7730104 0 -0.6343935 0.7730104 -1.52088e-6 -0.6343933 0.7730104 2.81035e-7 -0.6343957 0.7730084 -1.87698e-7 -0.4713965 0.8819214 0 -0.290285 0.9569402 0 -0.09801733 0.9951847 0 0 0 1 0 0 1 0 0 1 0 0 1 0 0 1 0 0 1 0 0 1 0 0 1 0 0 1 0 0 1 0 0 1 0 0 1 0 0 1 0 0 1 0 0 1 0 0 1 0 0 1 0 0 1 0 0 1 0 0 1 0 0 1 0 0 1 0 0 1 0 0 1 0 0 1 0 0 1 0 0 1 0 0 1 0 0 1 0 0 1 0 0 1 0 0 1 0 0 1 0 0 1 0 0 1 0 0 1 0 0 1 0 0 1 0 0 1 0 0 1 0 0 1 0 0 1 0 0 1 0 0 1 0.7730106 0.6343933 0 0.6343932 -0.7730107 0 -0.3895828 0.2082362 0.8971415 -0.2934897 -0.3576184 0.8865511 -0.7979912 0.2420674 0.551918 -0.341909 -0.2805977 0.896863 -0.9951847 -0.09801727 0 -0.9569404 -0.2902843 0 -0.9913271 0.09763741 0.0879628 -0.8428732 -0.4505248 0.2942655 -0.9951848 0.0980162 0 -0.9951847 -0.09801727 0 -0.9951845 0.09801959 0 -0.9951848 0.09801656 0 -0.9951847 0.09801727 5.92391e-7 -0.9569404 0.2902845 0 -0.9569405 -0.2902843 0 -0.2962281 0.3609551 0.8842853 -0.7948767 -0.2411235 0.5568038 -0.3444372 0.2826725 0.8952426 -0.9910746 -0.09761238 0.09079021 -0.9569405 0.2902843 -1.28085e-7 0.4030585 -0.9150078 0.01745223 0.4030559 -0.9150089 0.01745301 0.4030569 -0.9150084 0.01745247 0.4030584 -0.9150078 0.01745235 0.4030591 -0.9150075 0.01745265 -0.2585946 0.4837966 0.8361038 -0.08853256 -0.2918532 0.9523569 -0.08853644 -0.2918444 0.9523593 -0.08853125 -0.291857 0.9523559 -0.08852958 -0.2918603 0.952355 -0.08853518 -0.2918476 0.9523584 -0.0885353 -0.2918476 0.9523584 -0.08853095 -0.291857 0.9523559 -0.08853387 -0.2918509 0.9523575 -0.08853101 -0.2918568 0.9523559 -0.08853232 -0.2918534 0.9523569 0.07193356 0.7303484 0.6792767 0.07193303 0.7303469 0.6792784 0.07193303 0.7303469 0.6792784 0.07193082 0.7303424 0.6792834 0.07193303 0.7303468 0.6792786 0.07193076 0.7303422 0.6792835 -0.4222401 -0.9064841 0 -0.1447026 -0.9894751 0 0.02363282 -0.9997204 -7.94312e-4 0.3225063 -0.9465502 0.005681693 0.3204697 -0.9471073 0.0169447 -0.1542886 -0.9879096 0.01515442 0.320729 -0.9470438 0.01552379 0.3149772 -0.9479732 0.04621797 0.9684829 -0.1530764 0.1964906 0.956368 0.1011225 0.2741065 -0.9356717 -0.3056793 0.1762911 0.9524095 0.1953498 0.2339971 0.403058 -0.915008 0.01745313 0.4239333 -0.8876224 0.1800199 0.277211 -0.9360705 0.2166244 -0.6905115 -0.6945126 0.202104 -0.919514 -0.3608189 0.1558967 0.4675668 -0.8835132 0.0280295 0.6457585 -0.7632193 0.02218711 -0.2874886 -0.947724 -0.1384538 0.7726619 -0.634109 0.02999323 0.6342031 -0.7727778 0.02451401 -0.09783691 -0.9933532 -0.06064152 0.09801602 -0.9951714 -0.005160689 0.4712051 -0.881563 0.02850216 0 0 1 0 0 1 0.80199 0.5969545 0.02138662 0.7727126 0.6341506 0.02771717 0.8728039 -0.4875608 0.02231627 0.997266 0.06512469 -0.03491932 0.8814976 0.47117 0.03099709 0.7715434 -0.6354618 0.03015381 0.8816417 -0.471247 0.02518278 0.9568048 0.2902444 0.01681637 0.9949027 0.09798949 -0.02380353 0.9565371 -0.2901631 0.02901911 0 0 1 0 0 1 0 0 1 0 0 1 0 0 1 0 0 1 0 0 1 0 0 1 0 0 1 0 0 1 0 0 1 0 0 1 0 0 1 0 0 1 0.6823545 0.7304999 0.02760785 0.6281506 0.7775157 0.02993685 0.5707693 0.8206579 0.02725905 0.5187394 0.8544754 0.02795106 0.4732524 0.8804032 0.03037136 0.4264425 0.9038515 0.03462743 -0.1323103 -0.990912 -0.02423489 -0.4712284 -0.8816065 -0.02671992 -0.2902083 -0.9566875 -0.02298438 -0.6159316 -0.7867093 -0.04143476 -0.01753193 0.9966217 0.08023625 0.2094102 0.9731672 0.09535664 0.1951723 0.9638091 0.1816036 0.1951727 0.9638089 0.1816036 -0.01737755 0.9878512 0.1544287 0.1995071 0.9673282 0.1564384 -0.01746469 0.9928081 0.1184368 -0.01737743 0.9878511 0.1544287 0.4046653 0.9115592 0.07284122 0.3991835 0.9069529 0.1344954 0.2171328 0.9751696 0.04356062 0.2137848 0.974613 0.06652468 0.4811334 0.0986858 0.8710751 0.3786256 0.1485733 0.9135472 0.2716208 0.1648792 0.9481756 0.1583089 0.1592262 0.9744666 0.06574213 0.1298347 0.9893538 0.01584851 0.1014782 0.9947115 -0.01240092 0.0774011 0.9969229 -0.03186506 0.06231963 0.9975475 -0.06261682 0.06248545 0.9960796 -0.1071161 0.05448549 0.9927525 -0.1752454 0.02769893 0.9841351 -0.2550438 -0.02696728 0.9665534 -0.3361315 -0.1098124 0.9353914 -0.4024541 -0.2337444 0.8850955 0 0 1 0 0 1 0 0 1 0 0 1 0 0 1 0 0 1 0 0 1 0 0 1 0 0 1 0 0 1 0 0 1 0 0 1 0 0 1 0 0 1 0 0 1 0 0 1 0 0 1 0 0 1 0 0 1 0 0 1 0 0 1 0 0 1 0 0 1 0 0 1 0 0 1 0 0 1 0 0 1 0 0 1 0 0 1 0 0 1 0 0 1 0 0 1 0 0 1 0 0 1 0 0 1 0 0 1 0 0 1 0 0 1 0 0 1 0 0 1 0 0 1 0 0 1 0 0 1 0 0 1 0 0 1 0 0 1 0 0 1 0 0 1 0 0 1 0 0 1 0 0 1 0 0 1 0 0 1 0 0 1 0 0 1 0 0 1 0 0 1 0 1 0 0 1 0 0 1 0 0 1 0 0 1 0 0 1 0 0 1 0 0 1 0 0 1 0 0 1 0 0 1 0 0 1 0 0 1 0 0 1 0 0 1 0 0 1 0 0 1 0 0 1 0 0 1 0 0 1 0 0 1 0 0 1 0 0 1 0 0 1 0 0 1 0 0 1 0 0 1 0 0 1 0 0 1 0 0 1 0 0 1 0 0 1 0 0 1 0 0 1 0 0 1 0 0 1 0 0 1 0 0 1 0 0 1 0 0 1 0 0 1 0 0 1 0 0 1 0 0 1 0 0 1 0 0 1 0 0 1 0 0 1 0 0 1 0 0 1 0 0 1 0 0 1 0 0 1 0 0 1 0 0 1 0 0 1 0 0 1 0 0 1 0 0 1 0 0 1 0 0 1 0 0 1 0 -0.09801793 0 -0.9951847 -0.2902868 0 -0.9569396 -0.4714007 0 -0.8819191 -0.6343963 0 -0.7730081 -0.7730141 0 -0.6343888 -0.8819236 0 -0.4713923 -0.9569413 0 -0.2902813 -0.9951847 0 -0.09801805 -0.9951847 0 0.09801805 -0.9569413 0 0.2902813 -0.8819237 0 0.471392 -0.773014 0 0.6343891 -0.6343966 0 0.7730078 -0.4714003 0 0.8819193 -0.2902874 0 0.9569396 -0.09801793 0 0.9951847 0.09801793 0 0.9951847 0.2902874 0 0.9569396 0.4714003 0 0.8819193 0.6343966 0 0.7730078 0.773014 0 0.6343891 0.8819237 0 0.471392 0.9569413 0 0.2902813 0.9951847 0 0.09801805 0.9951847 0 -0.09801805 0.9569413 0 -0.2902813 0.8682432 0 -0.4961389 0.88192 0.002873361 -0.4713903 0.7730141 0 -0.6343888 0.6343963 0 -0.7730081 0.4714007 0 -0.8819191 0.2902868 0 -0.9569396 0.09801793 0 -0.9951847 0.09801918 0 -0.9951846 0.09801912 0 -0.9951846 0.2902866 0 -0.9569398 0.2902867 0 -0.9569398 0.4713984 0 -0.8819203 0.4713985 0 -0.8819203 0.6343969 0 -0.7730075 0.6343968 0 -0.7730075 0.7730144 0 -0.6343885 0.7730144 0 -0.6343885 0.8819225 0 -0.4713943 0.8819225 0 -0.4713943 0.956942 0 -0.2902791 0.956942 0 -0.2902791 0.9951847 0 -0.09801805 0.9951847 0 -0.09801805 0.9951847 0 0.09801793 0.9951847 0 0.09801787 0.956942 0 0.2902795 0.9569419 0 0.2902795 0.8819225 0 0.4713943 0.8819225 0 0.4713943 0.7730144 0 0.6343885 0.7730144 0 0.6343885 0.6343969 0 0.7730075 0.6343968 0 0.7730075 0.4713984 0 0.8819203 0.4713985 0 0.8819203 0.2902878 0 0.9569393 0.2902878 0 0.9569394 0.09801852 0 0.9951846 0.09801852 0 0.9951846 -0.09801852 0 0.9951846 -0.09801852 0 0.9951846 -0.2902878 0 0.9569393 -0.2902878 0 0.9569394 -0.4713984 0 0.8819203 -0.4713985 0 0.8819203 -0.6343969 0 0.7730075 -0.6343968 0 0.7730075 -0.7730144 0 0.6343885 -0.7730144 0 0.6343885 -0.8819225 0 0.4713943 -0.8819225 0 0.4713943 -0.956942 0 0.2902795 -0.9569419 0 0.2902795 -0.9951847 0 0.09801793 -0.9951847 0 0.09801787 -0.9951847 0 -0.09801805 -0.9951847 0 -0.09801805 -0.956942 0 -0.2902791 -0.956942 0 -0.2902791 -0.8819225 0 -0.4713943 -0.8819225 0 -0.4713943 -0.7730144 0 -0.6343885 -0.7730144 0 -0.6343885 -0.6343969 0 -0.7730075 -0.6343968 0 -0.7730075 -0.4713984 0 -0.8819203 -0.4713985 0 -0.8819203 -0.2902866 0 -0.9569398 -0.2902867 0 -0.9569398 -0.09801918 0 -0.9951846 -0.09801912 0 -0.9951846 0.956942 0 0.2902795 0.956942 2.25812e-7 0.2902793 0.956942 0 0.2902793 0.9520873 -0.06251597 0.2993685 0.9569419 -0.1495066 0.2488173 0.9569416 -0.1495063 0.2488182 0.9569419 -0.1495065 0.2488177 0.9522233 -0.1894721 0.2395226 0.9569414 -0.244264 0.1568382 0.9569414 -0.2442641 0.1568384 0.9569413 -0.2442638 0.1568387 0.9528753 -0.2894237 0.09089821 0.9569408 -0.2902768 -0.001882672 0.6343969 0 -0.7730076 0.6343969 0 -0.7730075 0.6343969 0 -0.7730075 0.6161338 0.1824805 -0.7662115 0.6343964 0.398132 -0.6625951 0.6343955 0.3981309 -0.6625964 0.6343966 0.3981318 -0.6625949 0.6179772 0.5115088 -0.5970452 0.6343949 0.6504672 -0.4176549 0.6343939 0.6504678 -0.4176555 0.6343944 0.6504673 -0.4176552 0.6171459 0.7529365 -0.2285116 0.6343924 0.7729949 0.005016326 -0.956942 0 -0.2902791 -0.956942 0 -0.2902791 -0.956942 0 -0.2902791 -0.9549254 0.06488674 -0.2896674 -0.9569418 0.1495063 -0.2488176 -0.956942 0.1495063 -0.2488171 -0.9569419 0.149506 -0.2488177 -0.9560499 0.186365 -0.2263554 -0.9569414 0.2442641 -0.1568384 -0.9569416 0.2442637 -0.156838 -0.9569414 0.2442637 -0.1568383 -0.9538294 0.2870072 -0.08852314 -0.956941 0.2902764 0.001883387 -0.6343969 0 0.7730076 -0.6343964 6.01332e-7 0.7730078 -0.6343964 0 0.7730078 -0.630204 -0.1147739 0.7678996 -0.6343953 -0.3981313 0.6625964 -0.6343953 -0.3981313 0.6625964 -0.6343954 -0.3981323 0.6625958 -0.6336251 -0.4398646 0.6364262 -0.6343948 -0.6504675 0.4176545 -0.6343933 -0.6504673 0.4176571 -0.6343941 -0.6504678 0.4176551 -0.6230621 -0.7405107 0.2518682 -0.6343924 -0.7729949 -0.005013465 0.4713985 0 0.8819203 0.471399 6.86056e-7 0.8819201 0.471399 0 0.8819201 0.4427808 -0.1325422 0.8867794 0.4713976 -0.4542254 0.755952 0.4713976 -0.4542254 0.755952 0.4713985 -0.4542264 0.7559509 0.4424017 -0.5098986 0.7377561 0.4713969 -0.7421141 0.4764992 0.471395 -0.7421137 0.4765021 0.4713966 -0.7421141 0.4764996 0.4510142 -0.8449776 0.2874003 0.4713941 -0.8819042 -0.00571984 -0.2902866 0 -0.9569398 -0.2902866 0 -0.9569397 -0.2902866 0 -0.9569397 -0.2829436 0.2234954 -0.932734 -0.2902869 0.4928643 -0.820255 -0.2902869 0.4928642 -0.8202551 -0.2902869 0.4928646 -0.8202549 -0.2864729 0.6248639 -0.7262771 -0.2902846 0.805239 -0.5170348 -0.2902861 0.8052412 -0.5170305 -0.2902852 0.8052387 -0.517035 -0.2801327 0.9187136 -0.2783722 -0.2902834 0.9569206 0.006207525 -0.8819226 0 0.4713944 -0.8819224 3.66704e-7 0.4713946 -0.8819224 0 0.4713946 -0.8786098 -0.08659106 0.4696241 -0.881922 -0.2427886 0.4040634 -0.8819217 -0.2427883 0.4040643 -0.881922 -0.2427886 0.4040634 -0.8809463 -0.2828229 0.3794004 -0.8819211 -0.3966681 0.2546955 -0.8819211 -0.3966685 0.2546945 -0.8819209 -0.3966683 0.2546955 -0.8752016 -0.4602125 0.1490857 -0.8819198 -0.4713896 -0.003058493 0.4713985 0 -0.8819203 0.4713985 0 -0.8819203 0.4713985 0 -0.8819203 0.4541164 0.2076049 -0.866417 0.4713975 0.4542265 -0.7559515 0.4713977 0.4542264 -0.7559515 0.4713966 0.4542269 -0.7559518 0.4559233 0.5804692 -0.6746773 0.4713943 0.7421136 -0.4765027 0.4713962 0.7421151 -0.4764984 0.4713947 0.7421133 -0.4765028 0.454964 0.8522464 -0.2582325 0.4713935 0.8819044 0.005720913 -0.2902878 0 0.9569394 -0.2902872 7.44415e-7 0.9569396 -0.2902872 0 0.9569396 -0.2884897 -0.1111079 0.9510146 -0.2902864 -0.4928638 0.8202555 -0.2902862 -0.4928644 0.8202552 -0.2902864 -0.4928646 0.8202549 -0.2901257 -0.5210993 0.8026722 -0.2902854 -0.8052392 0.5170342 -0.2902857 -0.8052406 0.5170317 -0.2902854 -0.8052392 0.5170342 -0.283441 -0.9028828 0.3232089 -0.2902834 -0.9569206 -0.006206333 -0.956942 0 0.2902795 -0.956942 0 0.2902795 -0.956942 0 0.2902795 -0.9553658 -0.05737042 0.2898013 -0.9569417 -0.1495062 0.248818 -0.9569419 -0.1495064 0.2488175 -0.9569417 -0.1495062 0.248818 -0.9564037 -0.1781603 0.2314108 -0.9569413 -0.2442643 0.1568385 -0.9569413 -0.2442643 0.1568384 -0.9569414 -0.2442642 0.1568384 -0.954041 -0.285557 0.09090083 -0.9569409 -0.2902767 -0.001883387 -0.09801912 0 -0.9951845 -0.09801912 0 -0.9951845 -0.09801912 0 -0.9951845 -0.09532773 0.2327272 -0.9678589 -0.09801852 0.512561 -0.8530378 -0.09801852 0.512562 -0.8530373 -0.09801888 0.5125623 -0.8530371 -0.09660851 0.6500669 -0.7537107 -0.09801888 0.8374214 -0.5376968 -0.09801846 0.8374221 -0.5376957 -0.09801793 0.837421 -0.5376975 -0.09431928 0.9528404 -0.2884426 -0.09801715 0.9951638 0.006454408 0.2902878 0 0.9569394 0.2902878 0 0.9569394 0.2902878 0 0.9569394 0.2679488 -0.1251946 0.9552643 0.2902861 -0.4928634 0.8202559 0.2902878 -0.4928644 0.8202546 0.2902864 -0.4928644 0.8202551 0.2678046 -0.534398 0.8016854 0.2902842 -0.8052394 0.5170344 0.2902864 -0.8052402 0.5170319 0.2902848 -0.8052396 0.517034 0.2749032 -0.9075424 0.3174821 0.2902835 -0.9569206 -0.006206333 -0.9951846 0 -0.09801799 -0.9951846 0 -0.09801805 -0.9951846 0 -0.09801805 -0.9949588 0.02130043 -0.09799575 -0.9951846 0.0504834 -0.08401787 -0.9951846 0.05048352 -0.08401799 -0.9951846 0.05048358 -0.08401781 -0.9950911 0.06223326 -0.07694721 -0.9951846 0.08248013 -0.05295926 -0.9951846 0.08248019 -0.0529595 -0.9951846 0.08248019 -0.0529592 -0.9948202 0.09706789 -0.03017413 -0.9951845 0.09801721 6.35842e-4 0.956942 0 -0.2902791 0.956942 0 -0.2902791 0.956942 0 -0.2902791 0.9526666 0.06790214 -0.2963372 0.9569419 0.1495063 -0.2488175 0.9569417 0.1495062 -0.248818 0.956942 0.1495063 -0.2488173 0.9529908 0.1942108 -0.2325739 0.9569413 0.244264 -0.1568388 0.9569416 0.2442638 -0.1568375 0.9569413 0.2442639 -0.1568388 0.9530628 0.2894716 -0.08875477 0.956941 0.2902766 0.001882851 0.9951847 0 0.09801787 0.9951846 0 0.09801793 0.9951846 0 0.09801793 0.9946351 -0.02197211 0.1010859 0.9951846 -0.05048346 0.08401793 0.9951847 -0.05048334 0.08401769 0.9951846 -0.05048346 0.08401763 0.9946603 -0.0648995 0.08024382 0.9951846 -0.08248025 0.05295932 0.9951846 -0.08248013 0.05295944 0.9951846 -0.08248013 0.05295914 0.9947095 -0.09809768 0.03049421 0.9951845 -0.09801709 -6.35841e-4 -0.4713985 0 0.8819203 -0.4713985 0 0.8819203 -0.471399 0 0.8819201 -0.4682815 -0.1148179 0.8760875 -0.4713976 -0.4542254 0.755952 -0.4713987 -0.4542264 0.7559509 -0.4713984 -0.4542262 0.7559511 -0.4709953 -0.4892835 0.7340062 -0.471395 -0.7421137 0.4765021 -0.4713966 -0.7421141 0.4764996 -0.4713952 -0.7421137 0.4765017 -0.4612882 -0.8374841 0.2929739 -0.471394 -0.8819042 -0.00571984 0.7730144 0 -0.6343885 0.7730144 0 -0.6343885 0.7730144 0 -0.6343885 0.7576057 0.1499314 -0.635259 0.7730137 0.3267366 -0.5437767 0.7730137 0.3267375 -0.5437762 0.7730136 0.3267368 -0.5437766 0.7590713 0.4220414 -0.4956731 0.7730122 0.533823 -0.3427609 0.7730119 0.5338243 -0.3427597 0.7730124 0.5338228 -0.3427609 0.7586011 0.6233476 -0.1896372 0.7730103 0.6343802 0.004115223 0.8819226 0 0.4713944 0.8819226 0 0.4713944 0.8819226 0 0.4713944 0.8694865 -0.09592449 0.4845533 0.8819217 -0.2427882 0.4040642 0.881922 -0.2427886 0.4040634 0.8819217 -0.2427882 0.4040642 0.8696166 -0.3011925 0.3912161 0.8819209 -0.3966685 0.2546952 0.8819215 -0.3966677 0.2546944 0.8819211 -0.3966683 0.2546949 0.8718816 -0.4666439 0.1485459 0.8819201 -0.4713891 -0.003058493 -0.7730144 0 -0.6343885 -0.7730144 0 -0.6343885 -0.7730144 0 -0.6343885 -0.764701 0.146264 -0.6275662 -0.7730135 0.3267366 -0.5437768 -0.7730131 0.326737 -0.5437774 -0.7730133 0.3267375 -0.5437766 -0.7689867 0.4124042 -0.4884489 -0.7730126 0.5338229 -0.3427605 -0.7730113 0.5338236 -0.3427619 -0.7730126 0.5338239 -0.3427588 -0.7609601 0.6205345 -0.1894115 -0.7730102 0.6343803 0.004115998 0.09801912 0 -0.9951845 0.09801912 0 -0.9951845 0.09801912 0 -0.9951845 0.09354078 0.2330195 -0.9679628 0.09801852 0.512561 -0.8530378 0.09801852 0.512562 -0.8530373 0.09801852 0.512562 -0.8530373 0.09402 0.6505308 -0.7536378 0.09801805 0.8374208 -0.5376976 0.09801888 0.8374223 -0.5376952 0.09801846 0.8374212 -0.5376969 0.09373825 0.9529174 -0.2883776 0.09801775 0.9951637 0.0064556 -0.8819226 0 -0.4713944 -0.8819226 0 -0.4713944 -0.8819226 0 -0.4713944 -0.8768225 0.1073896 -0.4686682 -0.8819221 0.2427885 -0.4040632 -0.8819221 0.2427878 -0.4040637 -0.8819222 0.2427884 -0.4040632 -0.8795489 0.3049749 -0.3652179 -0.8819214 0.3966683 -0.2546938 -0.8819214 0.3966673 -0.2546954 -0.881921 0.3966684 -0.2546949 -0.8743216 0.4640253 -0.1422748 -0.88192 0.4713892 0.003057301 -0.9951847 0 0.09801787 -0.9951847 0 0.09801787 -0.9951847 0 0.09801787 -0.9949762 -0.02046436 0.09799736 -0.9951846 -0.05048352 0.08401769 -0.9951846 -0.0504834 0.08401781 -0.9951846 -0.05048352 0.08401769 -0.9951052 -0.06130886 0.07750409 -0.9951846 -0.08248007 0.05295932 -0.9951846 -0.08248001 0.0529592 -0.9951846 -0.08248007 0.05295932 -0.9948286 -0.09690195 0.03043377 -0.9951845 -0.09801709 -6.35961e-4 -0.6343969 0 -0.7730075 -0.6343969 0 -0.7730075 -0.6343969 0 -0.7730075 -0.6240953 0.1794797 -0.7604551 -0.6343954 0.3981313 -0.6625964 -0.634396 0.398132 -0.6625953 -0.6343956 0.3981314 -0.6625961 -0.6292497 0.5038529 -0.5917577 -0.6343938 0.6504672 -0.4176566 -0.6343951 0.6504673 -0.4176543 -0.6343937 0.6504671 -0.4176568 -0.6197719 0.7508065 -0.2284132 -0.6343928 0.7729946 0.005014419 -0.4713985 0 -0.8819203 -0.4713985 0 -0.8819203 -0.4713985 0 -0.8819203 -0.4613324 0.2055523 -0.8630878 -0.4713978 0.4542266 -0.7559512 -0.4713978 0.4542257 -0.7559518 -0.4713971 0.4542265 -0.7559518 -0.4662519 0.5755652 -0.6718139 -0.4713963 0.7421141 -0.4764999 -0.4713937 0.7421143 -0.4765022 -0.4713963 0.7421146 -0.4764993 -0.4573307 0.8509691 -0.258264 -0.4713931 0.8819047 0.005717635 0.09801852 0 0.9951846 0.09801852 0 0.9951846 0.09801852 0 0.9951846 0.08938199 -0.115576 0.989269 0.09801852 -0.5125629 0.8530367 0.09801799 -0.5125607 0.8530381 0.09801799 -0.5125623 0.8530371 0.08940464 -0.5423382 0.8353897 0.09801828 -0.8374224 0.5376952 0.09801578 -0.8374212 0.5376975 0.09801793 -0.837422 0.5376958 0.09219831 -0.9374828 0.3355973 0.09801715 -0.9951638 -0.006454408 0.6343969 0 0.7730076 0.6343969 6.01332e-7 0.7730075 0.6343969 0 0.7730075 0.6069801 -0.1316533 0.7837363 0.6343969 -0.3981326 0.6625942 0.6343954 -0.3981313 0.6625964 0.6343954 -0.3981323 0.6625958 0.6066283 -0.4638953 0.6456031 0.6343948 -0.6504675 0.4176545 0.6343948 -0.6504662 0.4176564 0.6343949 -0.6504673 0.4176547 0.6140478 -0.7492402 0.2481616 0.6343929 -0.7729946 -0.005014419 0.8819226 0 -0.4713944 0.8819226 0 -0.4713944 0.8819226 0 -0.4713944 0.8718973 0.1111506 -0.4769076 0.8819217 0.2427883 -0.4040643 0.881922 0.2427886 -0.4040634 0.8819217 0.2427884 -0.4040642 0.8727681 0.3149068 -0.3729739 0.881921 0.3966677 -0.2546958 0.8819212 0.3966688 -0.2546937 0.8819211 0.3966678 -0.2546956 0.8726688 0.4670398 -0.1425589 0.8819199 0.4713894 0.003057599 0.9951846 0 -0.09801805 0.9951846 0 -0.09801805 0.9951846 0 -0.09801805 0.9946576 0.02256447 -0.1007323 0.9951846 0.05048334 -0.08401781 0.9951846 0.05048358 -0.08401769 0.9951846 0.05048358 -0.08401787 0.9946904 0.06541281 -0.07944929 0.9951846 0.08248013 -0.05295902 0.9951846 0.08248007 -0.05295944 0.9951846 0.08248019 -0.05295926 0.9947168 0.09809738 -0.03025668 0.9951845 0.09801715 6.35719e-4 -0.7730144 0 0.6343885 -0.7730144 0 0.6343885 -0.7730147 0 0.6343882 -0.7686626 -0.1059654 0.6308164 -0.7730138 -0.3267375 0.5437761 -0.7730137 -0.3267366 0.5437766 -0.7730138 -0.3267375 0.5437761 -0.7719649 -0.3709275 0.51622 -0.7730124 -0.5338228 0.3427608 -0.7730126 -0.5338236 0.3427593 -0.7730127 -0.5338228 0.3427603 -0.7629888 -0.6136282 0.2032451 -0.7730101 -0.6343802 -0.004113674 0.2902866 0 -0.9569397 0.2902866 0 -0.9569397 0.2902866 0 -0.9569397 0.2779416 0.22458 -0.9339767 0.290286 0.4928634 -0.8202559 0.2902869 0.4928642 -0.8202551 0.2902869 0.4928646 -0.8202549 0.2792597 0.6271378 -0.7271259 0.2902859 0.8052396 -0.5170333 0.2902846 0.8052405 -0.5170324 0.2902861 0.805239 -0.5170339 0.2785003 0.9192403 -0.2782711 0.2902828 0.9569208 0.006206393 0.7730144 0 0.6343885 0.7730144 0 0.6343885 0.7730141 0 0.6343888 0.7520332 -0.1195169 0.6481989 0.7730131 -0.3267378 0.5437767 0.7730135 -0.3267366 0.5437768 0.7730135 -0.3267375 0.5437763 0.751946 -0.3939926 0.5285329 0.7730121 -0.5338247 0.3427587 0.7730115 -0.5338236 0.3427618 0.7730116 -0.5338244 0.3427603 0.7567552 -0.6218808 0.2014587 0.7730099 -0.6343805 -0.004114449 -0.09801852 0 0.9951846 -0.09801852 0 0.9951846 -0.09801912 0 0.9951845 -0.09742265 -0.1101686 0.9891267 -0.09801876 -0.5125623 0.8530371 -0.09801954 -0.5125607 0.853038 -0.09801822 -0.5125623 0.8530371 -0.09797376 -0.5381667 0.8371247 -0.09801691 -0.8374209 0.5376977 -0.09801691 -0.8374226 0.5376952 -0.09801691 -0.8374219 0.5376963 -0.09559035 -0.9362007 0.3382171 -0.09801715 -0.9951638 -0.006454408 -0.002911984 5.47824e-4 -0.9999956 0.002752542 7.36582e-4 -0.999996 0.003599107 0.001135349 -0.9999929 -0.003926575 8.70335e-4 -0.9999919 -0.005275785 0.0012694 -0.9999853 0.004666328 0.001598775 -0.9999879 0.006195902 0.002216339 -0.9999784 -0.007384955 0.001855313 -0.999971 0 0 -1 -0.01153409 0.002952575 -0.9999291 0.002003014 3.52291e-4 -0.999998 1.87767e-7 -5.59967e-4 -0.9999998 2.17472e-7 0 -1 -7.51696e-4 0.003688037 -0.999993 0.001149952 0.00397849 -0.9999915 -8.14745e-4 0.004015386 -0.9999916 0.001259863 -6.17919e-5 -0.9999992 4.57478e-4 -5.44856e-4 -0.9999998 -7.83233e-4 0.003854632 -0.9999922 -5.236e-4 -0.001177012 -0.9999992 -0.001873254 -0.002097189 -0.999996 -7.18523e-4 0.003506422 -0.9999937 -0.004195928 -0.003750443 -0.9999842 0.001088321 0.003760099 -0.9999923 -0.002052247 2.52732e-4 -0.9999979 -0.001250624 -4.4469e-5 -0.9999992 0.001029193 0.003545105 -0.9999932 1.87767e-7 -3.77923e-4 -1 9.63129e-4 0.00329864 -0.9999941 -4.40975e-4 -3.67516e-4 -0.9999998 4.79649e-4 -7.60186e-4 -0.9999997 0.006239593 -0.003513514 -0.9999744 0.001624643 -0.001277506 -0.9999979 1 0 0 1 0 0 1 0 0 0 -1 0 -1 0 0 0 1 0 0 0 1</float_array>
          <technique_common>
            <accessor source="#Cube_002-mesh-normals-array" count="3476" stride="3">
              <param name="X" type="float"/>
              <param name="Y" type="float"/>
              <param name="Z" type="float"/>
            </accessor>
          </technique_common>
        </source>
        <source id="Cube_002-mesh-map-0">
          <float_array id="Cube_002-mesh-map-0-array" count="20856">0 0 0 0 0 0 0 0 0 0 0 0 0 0 0 0 0 0 0 0 0 0 0 0 0 0 0 0 0 0 0 0 0 0 0 0 0 0 0 0 0 0 0 0 0 0 0 0 0 0 0 0 0 0 0 0 0 0 0 0 0 0 0 0 0 0 0 0 0 0 0 0 0 0 0 0 0 0 0 0 0 0 0 0 0 0 0 0 0 0 0 0 0 0 0 0 0 0 0 0 0 0 0 0 0 0 0 0 0 0 0 0 0 0 0 0 0 0 0 0 0 0 0 0 0 0 0 0 0 0 0 0 0 0 0 0 0 0 0 0 0 0 0 0 0 0 0 0 0 0 0 0 0 0 0 0 0 0 0 0 0 0 0 0 0 0 0 0 0 0 0 0 0 0 0 0 0 0 0 0 0 0 0 0 0 0 0 0 0 0 0 0 0 0 0 0 0 0 0 0 0 0 0 0 0 0 0 0 0 0 0 0 0 0 0 0 0 0 0 0 0 0 0 0 0 0 0 0 0 0 0 0 0 0 0 0 0 0 0 0 0 0 0 0 0 0 0 0 0 0 0 0 0 0 0 0 0 0 0 0 0 0 0 0 0 0 0 0 0 0 0 0 0 0 0 0 0 0 0 0 0 0 0 0 0 0 0 0 0 0 0 0 0 0 0 0 0 0 0 0 0 0 0 0 0 0 0 0 0 0 0 0 0 0 0 0 0 0 0 0 0 0 0 0 0 0 0 0 0 0 0 0 0 0 0 0 0 0 0 0 0 0 0 0 0 0 0 0 0 0 0 0 0 0 0 0 0 0 0 0 0 0 0 0 0 0 0 0 0 0 0 0 0 0 0 0 0 0 0 0 0 0 0 0 0 0 0 0 0 0 0 0 0 0 0 0 0 0 0 0 0 0 0 0 0 0 0 0 0 0 0 0 0 0 0 0 0 0 0 0 0 0 0 0 0 0 0 0 0 0 0 0 0 0 0 0 0 0 0 0 0 0 0 0 0 0 0 0 0 0 0 0 0 0 0 0 0 0 0 0 0 0 0 0 0 0 0 0 0 0 0 0 0 0 0 0 0 0 0 0 0 0 0 0 0 0 0 0 0 0 0 0 0 0 0 0 0 0 0 0 0 0 0 0 0 0 0 0 0 0 0 0 0 0 0 0 0 0 0 0 0 0 0 0 0 0 0 0 0 0 0 0 0 0 0 0 0 0 0 0 0 0 0 0 0 0 0 0 0 0 0 0 0 0 0 0 0 0 0 0 0 0 0 0 0 0 0 0 0 0 0 0 0 0 0 0 0 0 0 0 0 0 0 0 0 0 0 0 0 0 0 0 0 0 0 0 0 0 0 0 0 0 0 0 0 0 0 0 0 0 0 0 0 0 0 0 0 0 0 0 0 0 0 0 0 0 0 0 0 0 0 0 0 0 0 0 0 0 0 0 0 0 0 0 0 0 0 0 0 0 0 0 0 0 0 0 0 0 0 0 0 0 0 0 0 0 0 0 0 0 0 0 0 0 0 0 0 0 0 0 0 0 0 0 0 0 0 0 0 0 0 0 0 0 0 0 0 0 0 0 0 0 0 0 0 0 0 0 0 0 0 0 0 0 0 0 0 0 0 0 0 0 0 0 0 0 0 0 0 0 0 0 0 0 0 0 0 0 0 0 0 0 0 0 0 0 0 0 0 0 0 0 0 0 0 0 0 0 0 0 0 0 0 0 0 0 0 0 0 0 0 0 0 0 0 0 0 0 0 0 0 0 0 0 0 0 0 0 0 0 0 0 0 0 0 0 0 0 0 0 0 0 0 0 0 0 0 0 0 0 0 0 0 0 0 0 0 0 0 0 0 0 0 0 0 0 0 0 0 0 0 0 0 0 0 0 0 0 0 0 0 0 0 0 0 0 0 0 0 0 0 0 0 0 0 0 0 0 0 0 0 0 0 0 0 0 0 0 0 0 0 0 0 0 0 0 0 0 0 0 0 0 0 0 0 0 0 0 0 0 0 0 0 0 0 0 0 0 0 0 0 0 0 0 0 0 0 0 0 0 0 0 0 0 0 0 0 0 0 0 0 0 0 0 0 0 0 0 0 0 0 0 0 0 0 0 0 0 0 0 0 0 0 0 0 0 0 0 0 0 0 0 0 0 0 0 0 0 0 0 0 0 0 0 0 0 0 0 0 0 0 0 0 0 0 0 0 0 0 0 0 0 0 0 0 0 0 0 0 0 0 0 0 0 0 0 0 0 0 0 0 0 0 0 0 0 0 0 0 0 0 0 0 0 0 0 0 0 0 0 0 0 0 0 0 0 0 0 0 0 0 0 0 0 0 0 0 0 0 0 0 0 0 0 0 0 0 0 0 0 0 0 0 0 0 0 0 0 0 0 0 0 0 0 0 0 0 0 0 0 0 0 0 0 0 0 0 0 0 0 0 0 0 0 0 0 0 0 0 0 0 0 0 0 0 0 0 0 0 0 0 0 0 0 0 0 0 0 0 0 0 0 0 0 0 0 0 0 0 0 0 0 0 0 0 0 0 0 0 0 0 0 0 0 0 0 0 0 0 0 0 0 0 0 0 0 0 0 0 0 0 0 0 0 0 0 0 0 0 0 0 0 0 0 0 0 0 0 0 0 0 0 0 0 0 0 0 0 0 0 0 0 0 0 0 0 0 0 0 0 0 0 0 0 0 0 0 0 0 0 0 0 0 0 0 0 0 0 0 0 0 0 0 0 0 0 0 0 0 0 0 0 0 0 0 0 0 0 0 0 0 0 0 0 0 0 0 0 0 0 0 0 0 0 0 0 0 0 0 0 0 0 0 0 0 0 0 0 0 0 0 0 0 0 0 0 0 0 0 0 0 0 0 0 0 0 0 0 0 0 0 0 0 0 0 0 0 0 0 0 0 0 0 0 0 0 0 0 0 0 0 0 0 0 0 0 0 0 0 0 0 0 0 0 0 0 0 0 0 0 0 0 0 0 0 0 0 0 0 0 0 0 0 0 0 0 0 0 0 0 0 0 0 0 0 0 0 0 0 0 0 0 0 0 0 0 0 0 0 0 0 0 0 0 0 0 0 0 0 0 0 0 0 0 0 0 0 0 0 0 0 0 0 0 0 0 0 0 0 0 0 0 0 0 0 0 0 0 0 0 0 0 0 0 0 0 0 0 0 0 0 0 0 0 0 0 0 0 0 0 0 0 0 0 0 0 0 0 0 0 0 0 0 0 0 0 0 0 0 0 0 0 0 0 0 0 0 0 0 0 0 0 0 0 0 0 0 0 0 0 0 0 0 0 0 0 0 0 0 0 0 0 0 0 0 0 0 0 0 0 0 0 0 0 0 0 0 0 0 0 0 0 0 0 0 0 0 0 0 0 0 0 0 0 0 0 0 0 0 0 0 0 0 0 0 0 0 0 0 0 0 0 0 0 0 0 0 0 0 0 0 0 0 0 0 0 0 0 0 0 0 0 0 0 0 0 0 0 0 0 0 0 0 0 0 0 0 0 0 0 0 0 0 0 0 0 0 0 0 0 0 0 0 0 0 0 0 0 0 0 0 0 0 0 0 0 0 0 0 0 0 0 0 0 0 0 0 0 0 0 0 0 0 0 0 0 0 0 0 0 0 0 0 0 0 0 0 0 0 0 0 0 0 0 0 0 0 0 0 0 0 0 0 0 0 0 0 0 0 0 0 0 0 0 0 0 0 0 0 0 0 0 0 0 0 0 0 0 0 0 0 0 0 0 0 0 0 0 0 0 0 0 0 0 0 0 0 0 0 0 0 0 0 0 0 0 0 0 0 0 0 0 0 0 0 0 0 0 0 0 0 0 0 0 0 0 0 0 0 0 0 0 0 0 0 0 0 0 0 0 0 0 0 0 0 0 0 0 0 0 0 0 0 0 0 0 0 0 0 0 0 0 0 0 0 0 0 0 0 0 0 0 0 0 0 0 0 0 0 0 0 0 0 0 0 0 0 0 0 0 0 0 0 0 0 0 0 0 0 0 0 0 0 0 0 0 0 0 0 0 0 0 0 0 0 0 0 0 0 0 0 0 0 0 0 0 0 0 0 0 0 0 0 0 0 0 0 0 0 0 0 0 0 0 0 0 0 0 0 0 0 0 0 0 0 0 0 0 0 0 0 0 0 0 0 0 0 0 0 0 0 0 0 0 0 0 0 0 0 0 0 0 0 0 0 0 0 0 0 0 0 0 0 0 0 0 0 0 0 0 0 0 0 0 0 0 0 0 0 0 0 0 0 0 0 0 0 0 0 0 0 0 0 0 0 0 0 0 0 0 0 0 0 0 0 0 0 0 0 0 0 0 0 0 0 0 0 0 0 0 0 0 0 0 0 0 0 0 0 0 0 0 0 0 0 0 0 0 0 0 0 0 0 0 0 0 0 0 0 0 0 0 0 0 0 0 0 0 0 0 0 0 0 0 0 0 0 0 0 0 0 0 0 0 0 0 0 0 0 0 0 0 0 0 0 0 0 0 0 0 0 0 0 0 0 0 0 0 0 0 0 0 0 0 0 0 0 0 0 0 0 0 0 0 0 0 0 0 0 0 0 0 0 0 0 0 0 0 0 0 0 0 0 0 0 0 0 0 0 0 0 0 0 0 0 0 0 0 0 0 0 0 0 0 0 0 0 0 0 0 0 0 0 0 0 0 0 0 0 0 0 0 0 0 0 0 0 0 0 0 0 0 0 0 0 0 0 0 0 0 0 0 0 0 0 0 0 0 0 0 0 0 0 0 0 0 0 0 0 0 0 0 0 0 0 0 0 0 0 0 0 0 0 0 0 0 0 0 0 0 0 0 0 0 0 0 0 0 0 0 0 0 0 0 0 0 0 0 0 0 0 0 0 0 0 0 0 0 0 0 0 0 0 0 0 0 0 0 0 0 0 0 0 0 0 0 0 0 0 0 0 0 0 0 0 0 0 0 0 0 0 0 0 0 0 0 0 0 0 0 0 0 0 0 0 0 0 0 0 0 0 0 0 0 0 0 0 0 0 0 0 0 0 0 0 0 0 0 0 0 0 0 0 0 0 0 0 0 0 0 0 0 0 0 0 0 0 0 0 0 0 0 0 0 0 0 0 0 0 0 0 0 0 0 0 0 0 0 0 0 0 0 0 0 0 0 0 0 0 0 0 0 0 0 0 0 0 0 0 0 0 0 0 0 0 0 0 0 0 0 0 0 0 0 0 0 0 0 0 0 0 0 0 0 0 0 0 0 0 0 0 0 0 0 0 0 0 0 0 0 0 0 0 0 0 0 0 0 0 0 0 0 0 0 0 0 0 0 0 0 0 0 0 0 0 0 0 0 0 0 0 0 0 0 0 0 0 0 0 0 0 0 0 0 0 0 0 0 0 0 0 0 0 0 0 0 0 0 0 0 0 0 0 0 0 0 0 0 0 0 0 0 0 0 0 0 0 0 0 0 0 0 0 0 0 0 0 0 0 0 0 0 0 0 0 0 0 0 0 0 0 0 0 0 0 0 0 0 0 0 0 0 0 0 0 0 0 0 0 0 0 0 0 0 0 0 0 0 0 0 0 0 0 0 0 0 0 0 0 0 0 0 0 0 0 0 0 0 0 0 0 0 0 0 0 0 0 0 0 0 0 0 0 0 0 0 0 0 0 0 0 0 0 0 0 0 0 0 0 0 0 0 0 0 0 0 0 0 0 0 0 0 0 0 0 0 0 0 0 0 0 0 0 0 0 0 0 0 0 0 0 0 0 0 0 0 0 0 0 0 0 0 0 0 0 0 0 0 0 0 0 0 0 0 0 0 0 0 0 0 0 0 0 0 0 0 0 0 0 0 0 0 0 0 0 0 0 0 0 0 0 0 0 0 0 0 0 0 0 0 0 0 0 0 0 0 0 0 0 0 0 0 0 0 0 0 0 0 0 0 0 0 0 0 0 0 0 0 0 0 0 0 0 0 0 0 0 0 0 0 0 0 0 0 0 0 0 0 0 0 0 0 0 0 0 0 0 0 0 0 0 0 0 0 0 0 0 0 0 0 0 0 0 0 0 0 0 0 0 0 0 0 0 0 0 0 0 0 0 0 0 0 0 0 0 0 0 0 0 0 0 0 0 0 0 0 0 0 0 0 0 0 0 0 0 0 0 0 0 0 0 0 0 0 0 0 0 0 0 0 0 0 0 0 0 0 0 0 0 0 0 0 0 0 0 0 0 0 0 0 0 0 0 0 0 0 0 0 0 0 0 0 0 0 0 0 0 0 0 0 0 0 0 0 0 0 0 0 0 0 0 0 0 0 0 0 0 0 0 0 0 0 0 0 0 0 0 0 0 0 0 0 0 0 0 0 0 0 0 0 0 0 0 0 0 0 0 0 0 0 0 0 0 0 0 0 0 0 0 0 0 0 0 0 0 0 0 0 0 0 0 0 0 0 0 0 0 0 0 0 0 0 0 0 0 0 0 0 0 0 0 0 0 0 0 0 0 0 0 0 0 0 0 0 0 0 0 0 0 0 0 0 0 0 0 0 0 0 0 0 0 0 0 0 0 0 0 0 0 0 0 0 0 0 0 0 0 0 0 0 0 0 0 0 0 0 0 0 0 0 0 0 0 0 0 0 0 0 0 0 0 0 0 0 0 0 0 0 0 0 0 0 0 0 0 0 0 0 0 0 0 0 0 0 0 0 0 0 0 0 0 0 0 0 0 0 0 0 0 0 0 0 0 0 0 0 0 0 0 0 0 0 0 0 0 0 0 0 0 0 0 0 0 0 0 0 0 0 0 0 0 0 0 0 0 0 0 0 0 0 0 0 0 0 0 0 0 0 0 0 0 0 0 0 0 0 0 0 0 0 0 0 0 0 0 0 0 0 0 0 0 0 0 0 0 0 0 0 0 0 0 0 0 0 0 0 0 0 0 0 0 0 0 0 0 0 0 0 0 0 0 0 0 0 0 0 0 0 0 0 0 0 0 0 0 0 0 0 0 0 0 0 0 0 0 0 0 0 0 0 0 0 0 0 0 0 0 0 0 0 0 0 0 0 0 0 0 0 0 0 0 0 0 0 0 0 0 0 0 0 0 0 0 0 0 0 0 0 0 0 0 0 0 0 0 0 0 0 0 0 0 0 0 0 0 0 0 0 0 0 0 0 0 0 0 0 0 0 0 0 0 0 0 0 0 0 0 0 0 0 0 0 0 0 0 0 0 0 0 0 0 0 0 0 0 0 0 0 0 0 0 0 0 0 0 0 0 0 0 0 0 0 0 0 0 0 0 0 0 0 0 0 0 0 0 0 0 0 0 0 0 0 0 0 0 0 0 0 0 0 0 0 0 0 0 0 0 0 0 0 0 0 0 0 0 0 0 0 0 0 0 0 0 0 0 0 0 0 0 0 0 0 0 0 0 0 0 0 0 0 0 0 0 0 0 0 0 0 0 0 0 0 0 0 0 0 0 0 0 0 0 0 0 0 0 0 0 0 0 0 0 0 0 0 0 0 0 0 0 0 0 0 0 0 0 0 0 0 0 0 0 0 0 0 0 0 0 0 0 0 0 0 0 0 0 0 0 0 0 0 0 0 0 0 0 0 0 0 0 0 0 0 0 0 0 0 0 0 0 0 0 0 0 0 0 0 0 0 0 0 0 0 0 0 0 0 0 0 0 0 0 0 0 0 0 0 0 0 0 0 0 0 0 0 0 0 0 0 0 0 0 0 0 0 0 0 0 0 0 0 0 0 0 0 0 0 0 0 0 0 0 0 0 0 0 0 0 0 0 0 0 0 0 0 0 0 0 0 0 0 0 0 0 0 0 0 0 0 0 0 0 0 0 0 0 0 0 0 0 0 0 0 0 0 0 0 0 0 0 0 0 0 0 0 0 0 0 0 0 0 0 0 0 0 0 0 0 0 0 0 0 0 0 0 0 0 0 0 0 0 0 0 0 0 0 0 0 0 0 0 0 0 0 0 0 0 0 0 0 0 0 0 0 0 0 0 0 0 0 0 0 0 0 0 0 0 0 0 0 0 0 0 0 0 0 0 0 0 0 0 0 0 0 0 0 0 0 0 0 0 0 0 0 0 0 0 0 0 0 0 0 0 0 0 0 0 0 0 0 0 0 0 0 0 0 0 0 0 0 0 0 0 0 0 0 0 0 0 0 0 0 0 0 0 0 0 0 0 0 0 0 0 0 0 0 0 0 0 0 0 0 0 0 0 0 0 0 0 0 0 0 0 0 0 0 0 0 0 0 0 0 0 0 0 0 0 0 0 0 0 0 0 0 0 0 0 0 0 0 0 0 0 0 0 0 0 0 0 0 0 0 0 0 0 0 0 0 0 0 0 0 0 0 0 0 0 0 0 0 0 0 0 0 0 0 0 0 0 0 0 0 0 0 0 0 0 0 0 0 0 0 0 0 0 0 0 0 0 0 0 0 0 0 0 0 0 0 0 0 0 0 0 0 0 0 0 0 0 0 0 0 0 0 0 0 0 0 0 0 0 0 0 0 0 0 0 0 0 0 0 0 0 0 0 0 0 0 0 0 0 0 0 0 0 0 0 0 0 0 0 0 0 0 0 0 0 0 0 0 0 0 0 0 0 0 0 0 0 0 0 0 0 0 0 0 0 0 0 0 0 0 0 0 0 0 0 0 0 0 0 0 0 0 0 0 0 0 0 0 0 0 0 0 0 0 0 0 0 0 0 0 0 0 0 0 0 0 0 0 0 0 0 0 0 0 0 0 0 0 0 0 0 0 0 0 0 0 0 0 0 0 0 0 0 0 0 0 0 0 0 0 0 0 0 0 0 0 0 0 0 0 0 0 0 0 0 0 0 0 0 0 0 0 0 0 0 0 0 0 0 0 0 0 0 0 0 0 0 0 0 0 0 0 0 0 0 0 0 0 0 0 0 0 0 0 0 0 0 0 0 0 0 0 0 0 0 0 0 0 0 0 0 0 0 0 0 0 0 0 0 0 0 0 0 0 0 0 0 0 0 0 0 0 0 0 0 0 0 0 0 0 0 0 0 0 0 0 0 0 0 0 0 0 0 0 0 0 0 0 0 0 0 0 0 0 0 0 0 0 0 0 0 0 0 0 0 0 0 0 0 0 0 0 0 0 0 0 0 0 0 0 0 0 0 0 0 0 0 0 0 0 0 0 0 0 0 0 0 0 0 0 0 0 0 0 0 0 0 0 0 0 0 0 0 0 0 0 0 0 0 0 0 0 0 0 0 0 0 0 0 0 0 0 0 0 0 0 0 0 0 0 0 0 0 0 0 0 0 0 0 0 0 0 0 0 0 0 0 0 0 0 0 0 0 0 0 0 0 0 0 0 0 0 0 0 0 0 0 0 0 0 0 0 0 0 0 0 0 0 0 0 0 0 0 0 0 0 0 0 0 0 0 0 0 0 0 0 0 0 0 0 0 0 0 0 0 0 0 0 0 0 0 0 0 0 0 0 0 0 0 0 0 0 0 0 0 0 0 0 0 0 0 0 0 0 0 0 0 0 0 0 0 0 0 0 0 0 0 0 0 0 0 0 0 0 0 0 0 0 0 0 0 0 0 0 0 0 0 0 0 0 0 0 0 0 0 0 0 0 0 0 0 0 0 0 0 0 0 0 0 0 0 0 0 0 0 0 0 0 0 0 0 0 0 0 0 0 0 0 0 0 0 0 0 0 0 0 0 0 0 0 0 0 0 0 0 0 0 0 0 0 0 0 0 0 0 0 0 0 0 0 0 0 0 0 0 0 0 0 0 0 0 0 0 0 0 0 0 0 0 0 0 0 0 0 0 0 0 0 0 0 0 0 0 0 0 0 0 0 0 0 0 0 0 0 0 0 0 0 0 0 0 0 0 0 0 0 0 0 0 0 0 0 0 0 0 0 0 0 0 0 0 0 0 0 0 0 0 0 0 0 0 0 0 0 0 0 0 0 0 0 0 0 0 0 0 0 0 0 0 0 0 0 0 0 0 0 0 0 0 0 0 0 0 0 0 0 0 0 0 0 0 0 0 0 0 0 0 0 0 0 0 0 0 0 0 0 0 0 0 0 0 0 0 0 0 0 0 0 0 0 0 0 0 0 0 0 0 0 0 0 0 0 0 0 0 0 0 0 0 0 0 0 0 0 0 0 0 0 0 0 0 0 0 0 0 0 0 0 0 0 0 0 0 0 0 0 0 0 0 0 0 0 0 0 0 0 0 0 0 0 0 0 0 0 0 0 0 0 0 0 0 0 0 0 0 0 0 0 0 0 0 0 0 0 0 0 0 0 0 0 0 0 0 0 0 0 0 0 0 0 0 0 0 0 0 0 0 0 0 0 0 0 0 0 0 0 0 0 0 0 0 0 0 0 0 0 0 0 0 0 0 0 0 0 0 0 0 0 0 0 0 0 0 0 0 0 0 0 0 0 0 0 0 0 0 0 0 0 0 0 0 0 0 0 0 0 0 0 0 0 0 0 0 0 0 0 0 0 0 0 0 0 0 0 0 0 0 0 0 0 0 0 0 0 0 0 0 0 0 0 0 0 0 0 0 0 0 0 0 0 0 0 0 0 0 0 0 0 0 0 0 0 0 0 0 0 0 0 0 0 0 0 0 0 0 0 0 0 0 0 0 0 0 0 0 0 0 0 0 0 0 0 0 0 0 0 0 0 0 0 0 0 0 0 0 0 0 0 0 0 0 0 0 0 0 0 0 0 0 0 0 0 0 0 0 0 0 0 0 0 0 0 0 0 0 0 0 0 0 0 0 0 0 0 0 0 0 0 0 0 0 0 0 0 0 0 0 0 0 0 0 0 0 0 0 0 0 0 0 0 0 0 0 0 0 0 0 0 0 0 0 0 0 0 0 0 0 0 0 0 0 0 0 0 0 0 0 0 0 0 0 0 0 0 0 0 0 0 0 0 0 0 0 0 0 0 0 0 0 0 0 0 0 0 0 0 0 0 0 0 0 0 0 0 0 0 0 0 0 0 0 0 0 0 0 0 0 0 0 0 0 0 0 0 0 0 0 0 0 0 0 0 0 0 0 0 0 0 0 0 0 0 0 0 0 0 0 0 0 0 0 0 0 0 0 0 0 0 0 0 0 0 0 0 0 0 0 0 0 0 0 0 0 0 0 0 0 0 0 0 0 0 0 0 0 0 0 0 0 0 0 0 0 0 0 0 0 0 0 0 0 0 0 0 0 0 0 0 0 0 0 0 0 0 0 0 0 0 0 0 0 0 0 0 0 0 0 0 0 0 0 0 0 0 0 0 0 0 0 0 0 0 0 0 0 0 0 0 0 0 0 0 0 0 0 0 0 0 0 0 0 0 0 0 0 0 0 0 0 0 0 0 0 0 0 0 0 0 0 0 0 0 0 0 0 0 0 0 0 0 0 0 0 0 0 0 0 0 0 0 0 0 0 0 0 0 0 0 0 0 0 0 0 0 0 0 0 0 0 0 0 0 0 0 0 0 0 0 0 0 0 0 0 0 0 0 0 0 0 0 0 0 0 0 0 0 0 0 0 0 0 0 0 0 0 0 0 0 0 0 0 0 0 0 0 0 0 0 0 0 0 0 0 0 0 0 0 0 0 0 0 0 0 0 0 0 0 0 0 0 0 0 0 0 0 0 0 0 0 0 0 0 0 0 0 0 0 0 0 0 0 0 0 0 0 0 0 0 0 0 0 0 0 0 0 0 0 0 0 0 0 0 0 0 0 0 0 0 0 0 0 0 0 0 0 0 0 0 0 0 0 0 0 0 0 0 0 0 0 0 0 0 0 0 0 0 0 0 0 0 0 0 0 0 0 0 0 0 0 0 0 0 0 0 0 0 0 0 0 0 0 0 0 0 0 0 0 0 0 0 0 0 0 0 0 0 0 0 0 0 0 0 0 0 0 0 0 0 0 0 0 0 0 0 0 0 0 0 0 0 0 0 0 0 0 0 0 0 0 0 0 0 0 0 0 0 0 0 0 0 0 0 0 0 0 0 0 0 0 0 0 0 0 0 0 0 0 0 0 0 0 0 0 0 0 0 0 0 0 0 0 0 0 0 0 0 0 0 0 0 0 0 0 0 0 0 0 0 0 0 0 0 0 0 0 0 0 0 0 0 0 0 0 0 0 0 0 0 0 0 0 0 0 0 0 0 0 0 0 0 0 0 0 0 0 0 0 0 0 0 0 0 0 0 0 0 0 0 0 0 0 0 0 0 0 0 0 0 0 0 0 0 0 0 0 0 0 0 0 0 0 0 0 0 0 0 0 0 0 0 0 0 0 0 0 0 0 0 0 0 0 0 0 0 0 0 0 0 0 0 0 0 0 0 0 0 0 0 0 0 0 0 0 0 0 0 0 0 0 0 0 0 0 0 0 0 0 0 0 0 0 0 0 0 0 0 0 0 0 0 0 0 0 0 0 0 0 0 0 0 0 0 0 0 0 0 0 0 0 0 0 0 0 0 0 0 0 0 0 0 0 0 0 0 0 0 0 0 0 0 0 0 0 0 0 0 0 0 0 0 0 0 0 0 0 0 0 0 0 0 0 0 0 0 0 0 0 0 0 0 0 0 0 0 0 0 0 0 0 0 0 0 0 0 0 0 0 0 0 0 0 0 0 0 0 0 0 0 0 0 0 0 0 0 0 0 0 0 0 0 0 0 0 0 0 0 0 0 0 0 0 0 0 0 0 0 0 0 0 0 0 0 0 0 0 0 0 0 0 0 0 0 0 0 0 0 0 0 0 0 0 0 0 0 0 0 0 0 0 0 0 0 0 0 0 0 0 0 0 0 0 0 0 0 0 0 0 0 0 0 0 0 0 0 0 0 0 0 0 0 0 0 0 0 0 0 0 0 0 0 0 0 0 0 0 0 0 0 0 0 0 0 0 0 0 0 0 0 0 0 0 0 0 0 0 0 0 0 0 0 0 0 0 0 0 0 0 0 0 0 0 0 0 0 0 0 0 0 0 0 0 0 0 0 0 0 0 0 0 0 0 0 0 0 0 0 0 0 0 0 0 0 0 0 0 0 0 0 0 0 0 0 0 0 0 0 0 0 0 0 0 0 0 0 0 0 0 0 0 0 0 0 0 0 0 0 0 0 0 0 0 0 0 0 0 0 0 0 0 0 0 0 0 0 0 0 0 0 0 0 0 0 0 0 0 0 0 0 0 0 0 0 0 0 0 0 0 0 0 0 0 0 0 0 0 0 0 0 0 0 0 0 0 0 0 0 0 0 0 0 0 0 0 0 0 0 0 0 0 0 0 0 0 0 0 0 0 0 0 0 0 0 0 0 0 0 0 0 0 0 0 0 0 0 0 0 0 0 0 0 0 0 0 0 0 0 0 0 0 0 0 0 0 0 0 0 0 0 0 0 0 0 0 0 0 0 0 0 0 0 0 0 0 0 0 0 0 0 0 0 0 0 0 0 0 0 0 0 0 0 0 0 0 0 0 0 0 0 0 0 0 0 0 0 0 0 0 0 0 0 0 0 0 0 0 0 0 0 0 0 0 0 0 0 0 0 0 0 0 0 0 0 0 0 0 0 0 0 0 0 0 0 0 0 0 0 0 0 0 0 0 0 0 0 0 0 0 0 0 0 0 0 0 0 0 0 0 0 0 0 0 0 0 0 0 0 0 0 0 0 0 0 0 0 0 0 0 0 0 0 0 0 0 0 0 0 0 0 0 0 0 0 0 0 0 0 0 0 0 0 0 0 0 0 0 0 0 0 0 0 0 0 0 0 0 0 0 0 0 0 0 0 0 0 0 0 0 0 0 0 0 0 0 0 0 0 0 0 0 0 0 0 0 0 0 0 0 0 0 0 0 0 0 0 0 0 0 0 0 0 0 0 0 0 0 0 0 0 0 0 0 0 0 0 0 0 0 0 0 0 0 0 0 0 0 0 0 0 0 0 0 0 0 0 0 0 0 0 0 0 0 0 0 0 0 0 0 0 0 0 0 0 0 0 0 0 0 0 0 0 0 0 0 0 0 0 0 0 0 0 0 0 0 0 0 0 0 0 0 0 0 0 0 0 0 0 0 0 0 0 0 0 0 0 0 0 0 0 0 0 0 0 0 0 0 0 0 0 0 0 0 0 0 0 0 0 0 0 0 0 0 0 0 0 0 0 0 0 0 0 0 0 0 0 0 0 0 0 0 0 0 0 0 0 0 0 0 0 0 0 0 0 0 0.9495527 0.1166631 0.9197056 0.08029437 0 0 0 0 0 0 0 0 0 0 0 0 0 0 0 0 0 0 0 0 0 0 0 0 0 0 0 0 0 0 0 0 0 0 0 0 0 0 0 0 0 0 0 0 0 0 0 0 0 0 0 0 0 0 0 0 0 0 0 0 0 0 0 0 0 0 0 0 0 0 0 0 0 0 0 0 0 0 0 0 0 0 0 0 0 0 0 0 0 0 0 0 0 0 0 0 0 0 0 0 0 0 0 0 0 0 0 0 0 0 0 0 0 0 0 0 0 0 0 0 0 0 0 0 0 0 0 0 0 0 0 0 0 0 0 0 0 0 0 0 0 0 0 0 0 0 0 0 0 0 0 0 0 0 0 0 0 0 0 0 0 0 0 0 0 0 0 0 0 0 0 0 0 0 0 0 0 0 0 0 0 0 0 0 0 0 0 0 0 0 0 0 0 0 0 0 0 0 0 0 0 0 0 0 0 0 0 0 0 0 0 0 0 0 0 0 0 0 0 0 0 0 0 0 0 0 0 0 0 0 0 0 0 0 0 0 0 0 0 0 0 0 0 0 0 0 0 0 0 0 0 0 0 0 0 0 0 0 0 0 0 0 0 0 0 0 0 0 0 0 0 0 0 0 0 0 0 0 0 0 0 0 0 0 0 0 0 0 0 0 0 0 0 0 0 0 0 0 0 0 0 0 0 0 0 0 0 0 0 0 0 0 0 0 0 0 0 0 0 0 0 0 0 0 0 0 0 0 0 0 0 0 0 0 0 0 0 0 0 0 0 0 0 0 0 0 0 0 0 0 0 0 0 0 0 0 0 0 0 0 0 0 0 0 0 0 0 0 0 0 0 0 0 0 0 0 0 0 0 0 0 0 0 0 0 0 0 0 0 0 0 0 0 0 0 0 0 0 0 0 0 0 0 0 0 0 0 0 0 0 0 0 0 0 0 0 0 0 0 0 0 0 0 0 0 0 0 0 0 0 0 0 0 0 0 0 0 0 0 0 0 0 0 0 0 0 0 0 0 0 0 0 0 0 0 0 0 0 0 0 0 0 0 0 0 0 0 0 0 0 0 0 0 0 0 0 0 0 0 0 0 0 0 0 0 0 0 0 0 0 0 0 0 0 0 0 0 0 0 0 0 0 0 0 0 0 0 0 0 0 0 0 0 0 0 0 0 0 0 0 0 0 0 0 0 0 0 0 0 0 0 0 0 0 0 0 0 0 0 0 0 0 0 0 0 0 0 0 0 0 0 0 0 0 0 0 0 0 0 0 0 0 0 0 0 0 0 0 0 0 0 0 0 0 0 0 0 0 0 0 0 0 0 0 0 0 0 0 0 0 0 0 0 0 0 0 0 0 0 0 0 0 0 0 0 0 0 0 0 0 0 0 0 0 0 0 0 0 0 0 0 0 0 0 0 0 0 0 0 0 0 0 0 0 0 0 0 0 0 0 0 0 0 0 0 0 0 0 0 0 0 0 0 0 0 0 0 0 0 0 0 0 0 0 0 0 0 0 0 0 0 0 0 0 0 0 0 0 0 0 0 0 0 0 0 0 0 0 0 0 0 0 0 0 0 0 0 0 0 0 0 0 0 0 0 0 0 0 0 0 0 0 0 0 0 0 0 0 0 0 0 0 0 0 0 0 0 0 0 0 0 0 0 0 0 0 0 0 0 0 0 0 0 0 0 0 0 0 0 0 0 0 0 0 0 0 0 0 0 0 0 0 0 0 0 0 0 0 0 0 0 0 0 0 0 0 0 0 0 0 0 0 0 0 0 0 0 0 0 0 0 0 0 0 0 0 0 0 0 0 0 0 0 0 0 0 0 0 0 0 0 0 0 0 0 0 0 0 0 0 0 0 0 0 0 0 0 0 0 0 0 0 0 0 0 0 0 0 0 0 0 0 0 0 0 0 0 0 0 0 0 0 0 0 0 0 0 0 0 0 0 0 0 0 0 0 0 0 0 0 0 0 0 0 0 0 0 0 0 0 0 0 0 0 0 0 0 0 0 0 0 0 0 0 0 0 0.5802944 0.4197056 0.5282689 0.341844 0.8193328 0.4785597 0.96875 0.5 1 0.9964644 1 0.5 0.9375 0.5 0.96875 0.9964644 0.96875 0.5 0.90625 0.5 0.9375 0.9964644 0.9375 0.5 0.90625 0.5 0.875 0.9964644 0.90625 0.9964644 0.59375 0.5 0.5625 0.9964644 0.59375 0.9964644 0.5625 0.5 0.53125 0.9964644 0.5625 0.9964644 0.53125 0.5 0.5 0.9964644 0.53125 0.9964644 0.5 0.5 0.46875 0.9964644 0.5 0.9964644 0.46875 0.5 0.4375 0.9964644 0.46875 0.9964644 0.4375 0.5 0.40625 0.9964644 0.4375 0.9964644 0.375 0.5 0.382442 0.9478536 0.383646 0.9478536 0.3668833 0.9478536 0.3682066 0.9478536 0.375 0.5 0.3125 0.5 0.34375 0.9964644 0.34375 0.5 0.3125 0.5 0.28125 0.9964644 0.3125 0.9964644 0.28125 0.5 0.25 0.9964644 0.28125 0.9964644 0.25 0.5 0.21875 0.9964644 0.25 0.9964644 0.21875 0.5 0.1875 0.9964644 0.21875 0.9964644 0.15625 0.5 0.1875 0.9964644 0.1875 0.5 0.125 0.5 0.1356871 0.9478536 0.1363472 0.9478536 0.1201192 0.9478536 0.125 0.5 0.1191098 0.9478537 0.09375 0.5 0.0625 0.9964644 0.09375 0.9964644 0.0625 0.5 0.03125 0.9964644 0.0625 0.9964644 0 0.5 0.03125 0.9964644 0.03125 0.5 0.8917484 0.1221294 0.8843182 0.1221284 0.9197056 0.08029437 0.9818799 0.2645126 0.9824104 0.2698974 0.8843133 0.1596531 0 0 0 0 0 0 0 0 0 0 0 0 0.875 0.5 0 0 0.875 0.9964644 0.59375 0.5 0 0 0.9197056 0.08029437 0.9717311 0.1581559 0.9495527 0.1166631 0.9853885 0.2968217 0 0 0 0 0 0 0 0 0 0 0 0 0.9717311 0.341844 0.841844 0.02826887 0.9495527 0.3833369 0.841844 0.4717311 0.8833369 0.4495527 0.9495527 0.1166631 0.841844 0.4717311 0.9495527 0.1166631 0.8305885 0.4751454 0.8193328 0.4785597 0.8305885 0.4751454 0.9495527 0.1166631 0.8466615 0.3823438 0.8338 0.4155539 0.8193328 0.4785597 0.841844 0.02826887 0.7968217 0.01461154 0.9495527 0.3833369 0.7968217 0.01461154 0.75 0.00999999 0.9495527 0.3833369 0.75 0.00999999 0.773571 0.1199616 0.8087674 0.1726366 0 0 0 0 0 0 0 0 0 0 0 0 0 0 0 0 0 0 0 0 0 0 0 0 0 0 0 0 0 0 0 0 0 0 0 0 0 0 0 0 0 0 0 0 0 0 0 0 0 0 0.8852457 0.2827136 0 0 0 0 0.8723843 0.3159237 0 0 0.8595228 0.3491338 0 0 0.8466615 0.3823438 0 0 0.8981071 0.2495035 0 0 0 0 0.9109686 0.2162934 0 0 0 0 0.9109686 0.2162934 0.9238299 0.1830833 0 0 0.9238299 0.1830833 0.9366913 0.1498732 0 0 0 0 0.9366913 0.1498732 0 0 0.9366913 0.1498732 0.9495527 0.1166631 0 0 0 0 0.9366913 0.1498732 0 0 0 0 0 0 0 0 0 0 0 0 0.8209387 0.448764 0.8338 0.4155539 0 0 0.8338 0.4155539 0.8466615 0.3823438 0 0 0.8209387 0.448764 0 0 0 0 0.8338 0.4155539 0 0 0 0 0.658156 0.4717311 0.7031784 0.4853885 0 0 0 0 0 0 0 0 0 0 0 0 0 0 0.51 0.25 0.5146116 0.2968217 0 0 0 0 0 0 0 0 0 0 0 0 0 0 0 0 0 0 0 0 0.6166632 0.05044728 0.5802944 0.08029437 0 0 0 0 0 0 0 0 0 0 0.8087674 0.1726366 0.773571 0.1199616 0 0 0 0 0 0 0 0 0 0 0 0 0 0 0 0 0 0 0 0 0 0 0 0 0 0 0 0 0 0 0 0 0 0 0 0 0 0 0 0 0 0 0 0 0 0 0 0 0.1558063 0.7220588 0.1518002 0.7220588 0.21875 0.7220588 0 0.7220588 0.03125 0.7220477 0.03125 0.7220588 0.03125 0.7220588 0.0625 0.7220476 0.0625 0.7220588 0.0625 0.7220588 0.09375 0.7220476 0.09375 0.7220588 0.09375 0.7220588 0.125 0.7220476 0.125 0.7220588 0.125 0.7220588 0.15625 0.7220476 0.15625 0.7220588 0.15625 0.7220588 0.1875 0.7220476 0.1875 0.7220588 0.1875 0.7220588 0.21875 0.7220476 0.21875 0.7220588 0.21875 0.7220588 0.25 0.7220476 0.25 0.7220588 0.25 0.7220588 0.28125 0.7220476 0.28125 0.7220588 0.28125 0.7220588 0.3125 0.7220475 0.3125 0.7220588 0.3125 0.7220588 0.34375 0.7220476 0.34375 0.7220588 0.34375 0.7220588 0.375 0.7220476 0.375 0.7220588 0.40625 0.7220588 0.375 0.7220476 0.40625 0.7220478 0.4375 0.7220588 0.40625 0.7220478 0.4375 0.7220477 0.46875 0.7220588 0.4375 0.7220477 0.46875 0.7220475 0.5 0.7220588 0.46875 0.7220475 0.5 0.7220475 0.53125 0.7220588 0.5 0.7220475 0.53125 0.7220477 0.5625 0.7220588 0.53125 0.7220477 0.5625 0.7220478 0.59375 0.7220588 0.5625 0.7220478 0.59375 0.7220476 0.625 0.7220588 0.59375 0.7220476 0.625 0.7220476 0.625 0.7220588 0.65625 0.7220476 0.65625 0.7220588 0.65625 0.7220588 0.6875 0.7220476 0.6875 0.7220588 0.6875 0.7220588 0.71875 0.7220476 0.71875 0.7220588 0.71875 0.7220588 0.75 0.7220476 0.75 0.7220588 0.75 0.7220588 0.78125 0.7220476 0.78125 0.7220588 0.78125 0.7220588 0.8125 0.7220476 0.8125 0.7220588 0.8125 0.7220588 0.8125 0.7220476 0.8437485 0.7220476 0.84375 0.7220588 0.875 0.7220476 0.875 0.7220588 0.875 0.7220588 0.90625 0.7220478 0.90625 0.7220588 0.90625 0.7220588 0.9375001 0.7220477 0.9375 0.7220588 0.9375 0.7220588 0.9687501 0.7220475 0.96875 0.7220588 0.96875 0.7220588 1 0.7220475 1 0.7220588 0.96875 1 1 0.7220588 1 1 0.96875 0.7220588 1 0.7220588 0.96875 0.7220588 0.9375 1 0.96875 0.7220588 0.96875 1 0.9375 0.7220588 0.96875 0.7220588 0.9375 0.7220588 0.90625 1 0.9375 0.7220588 0.9375 1 0.90625 0.7220588 0.9375 0.7220588 0.90625 0.7220588 0.875 1 0.90625 0.7220588 0.90625 1 0.875 0.7220588 0.90625 0.7220588 0.875 0.7220588 0.875 1 0.84375 0.7220588 0.875 0.7220588 0.84375 0.7220588 0.875 0.7220588 0.84375 0.7220588 0.84375 1 0.8125 0.7220588 0.84375 0.7220588 0.8125 0.7220588 0.84375 0.7220588 0.8125 0.7220588 0.8125 1 0.78125 0.7220588 0.8125 0.7220588 0.78125 0.7220588 0.8125 0.7220588 0.78125 0.7220588 0.75 1 0.78125 0.7220588 0.78125 1 0.75 0.7220588 0.78125 0.7220588 0.75 0.7220588 0.71875 1 0.75 0.7220588 0.75 1 0.71875 0.7220588 0.75 0.7220588 0.71875 0.7220588 0.71875 1 0.6875 0.7220588 0.71875 0.7220588 0.6875 0.7220588 0.71875 0.7220588 0.6875 0.7220588 0.6875 1 0.65625 0.7220588 0.6875 0.7220588 0.65625 0.7220588 0.6875 0.7220588 0.65625 0.7220588 0.65625 1 0.625 0.7220588 0.65625 0.7220588 0.625 0.7220588 0.65625 0.7220588 0.625 0.7220588 0.625 1 0.59375 0.7220588 0.625 0.7220588 0.59375 0.7220588 0.625 0.7220588 0.59375 0.7220588 0.59375 1 0.5625 0.7220588 0.59375 0.7220588 0.5625 0.7220588 0.59375 0.7220588 0.5625 0.7220588 0.5625 1 0.53125 0.7220588 0.5625 0.7220588 0.53125 0.7220588 0.5625 0.7220588 0.53125 0.7220588 0.53125 1 0.5 0.7220588 0.53125 0.7220588 0.5 0.7220588 0.53125 0.7220588 0.5 0.7220588 0.5 1 0.46875 0.7220588 0.5 0.7220588 0.46875 0.7220588 0.5 0.7220588 0.46875 0.7220588 0.46875 1 0.4374998 0.7220588 0.46875 0.7220588 0.4375 0.7220588 0.46875 0.7220588 0.4374998 0.7220588 0.4375 1 0.40625 0.7220588 0.4374998 0.7220588 0.40625 0.7220588 0.4374998 0.7220588 0.40625 0.7220588 0.40625 1 0.3749999 0.7220588 0.40625 0.7220588 0.375 0.7220588 0.40625 0.7220588 0.3749999 0.7220588 0.34375 1 0.3749999 0.7220588 0.375 1 0.34375 0.7220588 0.3749999 0.7220588 0.34375 0.7220588 0.3125 1 0.34375 0.7220588 0.34375 1 0.3125 0.7220588 0.34375 0.7220588 0.3125 0.7220588 0.28125 1 0.3125 0.7220588 0.3125 1 0.28125 0.7220588 0.3125 0.7220588 0.28125 0.7220588 0.25 1 0.28125 0.7220588 0.28125 1 0.25 0.7220588 0.28125 0.7220588 0.25 0.7220588 0.21875 1 0.25 0.7220588 0.25 1 0.21875 0.7220588 0.25 0.7220588 0.21875 0.7220588 0.1875 1 0.21875 0.7220588 0.21875 1 0.1875 0.7220588 0.21875 0.7220588 0.1875 0.7220588 0.15625 1 0.1875 0.7220588 0.1875 1 0.15625 0.7220588 0.1875 0.7220588 0.15625 0.7220588 0.125 1 0.15625 0.7220588 0.15625 1 0.125 0.7220588 0.15625 0.7220588 0.1249999 0.7220588 0.09375 1 0.1249999 0.7220588 0.125 1 0.09375 0.7220588 0.1249999 0.7220588 0.09374988 0.7220588 0.0625 1 0.09374988 0.7220588 0.09375 1 0.0625 0.7220588 0.09374988 0.7220588 0.0625 0.7220588 0.03125 1 0.0625 0.7220588 0.0625 1 0.03125 0.7220588 0.0625 0.7220588 0.03125 0.7220588 0 1 0.03125 0.7220588 0.03125 1 0 0.7220588 0.03125 0.7220588 0 0.7220588 0.71875 1 0.6875 1 0.6875 1 0.71875 1 0.6875 1 0.6875 1 0.71875 1 0.6875 1 0.6875 1 0.71875 1 0.6875 1 0.6875 1 0.6875 1 0.71875 1 0.6875 1 0.6875 1 0.71875 1 0.6875 1 0.6875 1 0.71875 1 0.6875 1 0.71875 1 0.6875001 1 0.6875 1 0.6875001 1 0.71875 1 0.6875001 1 0.6875001 1 0.71875 1 0.6875001 1 0.6875001 1 0.71875 1 0.6875001 1 0.71875 1 0.6875001 1 0.6875001 1 0.6875001 1 0.71875 1 0.6875001 1 0.90625 1 0.875 1 0.875 1 0.90625 1 0.875 1 0.875 1 0.90625 1 0.875 1 0.875 1 0.90625 1 0.875 1 0.875 1 0.875 1 0.90625 1 0.875 1 0.875 1 0.90625 1 0.875 1 0.875 1 0.90625 1 0.875 1 0.90625 1 0.875 1 0.875 1 0.875 1 0.90625 1 0.875 1 0.875 1 0.90625 1 0.8749999 1 0.8749999 1 0.90625 1 0.8749999 1 0.90625 1 0.8749999 1 0.8749999 1 0.8749999 1 0.90625 1 0.8749999 1 0.21875 1 0.1875 1 0.1875 1 0.21875 1 0.1875 1 0.1875 1 0.21875 1 0.1875 1 0.1875 1 0.1875 1 0.21875 1 0.1875 1 0.21875 1 0.1875 1 0.1875 1 0.21875 1 0.1875 1 0.1875 1 0.21875 1 0.1875 1 0.1875 1 0.1875 1 0.21875 1 0.1875 1 0.21875 1 0.1875 1 0.1875 1 0.21875 1 0.1875 1 0.1875 1 0.21875 1 0.1875 1 0.1875 1 0.1875 1 0.21875 1 0.1875 1 0.21875 1 0.1875 1 0.1875 1 0.40625 1 0.375 1 0.375 1 0.40625 1 0.375 1 0.375 1 0.40625 1 0.375 1 0.375 1 0.375 1 0.40625 1 0.375 1 0.40625 1 0.375 1 0.375 1 0.40625 1 0.375 1 0.375 1 0.40625 1 0.375 1 0.375 1 0.375 1 0.40625 1 0.375 1 0.40625 1 0.375 1 0.375 1 0.40625 1 0.375 1 0.375 1 0.40625 1 0.375 1 0.375 1 0.375 1 0.40625 1 0.375 1 0.40625 1 0.375 1 0.375 1 0.59375 1 0.5625 1 0.5625 1 0.59375 1 0.5625 1 0.5625 1 0.59375 1 0.5625 1 0.5625 1 0.59375 1 0.5625 1 0.5625 1 0.5625 1 0.59375 1 0.5625 1 0.5625 1 0.59375 1 0.5625 1 0.59375 1 0.5625 1 0.5625 1 0.59375 1 0.5625 1 0.5625 1 0.5625 1 0.59375 1 0.5625 1 0.5625 1 0.59375 1 0.5625 1 0.5625 1 0.5937501 1 0.5625 1 0.5937501 1 0.5625 1 0.5625 1 0.5625 1 0.59375 1 0.5625 1 0.0625 1 0.03125 1 0.03125 1 0.0625 1 0.03125 1 0.03125 1 0.0625 1 0.03125 1 0.03125 1 0.03125 1 0.0625 1 0.03125 1 0.0625 1 0.03125 1 0.03125 1 0.0625 1 0.03125 1 0.03125 1 0.0625 1 0.03125 1 0.03125 1 0.03125 1 0.0625 1 0.03125 1 0.0625 1 0.03125 1 0.03125 1 0.0625 1 0.03125 1 0.03125 1 0.0625 1 0.03125 1 0.03125 1 0.03125 1 0.0625 1 0.03125 1 0.0625 1 0.03125 1 0.03125 1 0.34375 1 0.3125 1 0.3125 1 0.34375 1 0.3125 1 0.3125 1 0.34375 1 0.3125 1 0.3125 1 0.3125 1 0.34375 1 0.3125 1 0.34375 1 0.3125 1 0.3125 1 0.34375 1 0.3125 1 0.3125 1 0.34375 1 0.3125 1 0.3125 1 0.3125 1 0.34375 1 0.3125 1 0.34375 1 0.3125 1 0.3125 1 0.34375 1 0.3125 1 0.3125 1 0.34375 1 0.3125 1 0.3125 1 0.3125 1 0.34375 1 0.3125 1 0.34375 1 0.3125 1 0.3125 1 0.9375 1 0.90625 1 0.90625 1 0.9375 1 0.90625 1 0.90625 1 0.9375 1 0.90625 1 0.90625 1 0.9375 1 0.90625 1 0.90625 1 0.90625 1 0.9375 1 0.90625 1 0.90625 1 0.9375 1 0.90625 1 0.90625 1 0.9374999 1 0.90625 1 0.9374999 1 0.90625 1 0.90625 1 0.90625 1 0.9374998 1 0.90625 1 0.90625 1 0.9374998 1 0.90625 1 0.90625 1 0.9374999 1 0.90625 1 0.9374999 1 0.90625 1 0.90625 1 0.90625 1 0.9374999 1 0.90625 1 0.46875 1 0.4375 1 0.4375 1 0.46875 1 0.4375 1 0.4375 1 0.46875 1 0.4375 1 0.4375 1 0.4375 1 0.46875 1 0.4375 1 0.46875 1 0.4375 1 0.4375 1 0.46875 1 0.4375 1 0.4375 1 0.46875 1 0.4375 1 0.4375 1 0.4375 1 0.46875 1 0.4375 1 0.46875 1 0.4375 1 0.4375 1 0.4687499 1 0.4375 1 0.4375 1 0.4687499 1 0.4375 1 0.4375 1 0.4375 1 0.46875 1 0.4375 1 0.46875 1 0.4375 1 0.4375 1 0.3125 1 0.28125 1 0.28125 1 0.3125 1 0.28125 1 0.28125 1 0.3125 1 0.28125 1 0.28125 1 0.28125 1 0.3125 1 0.28125 1 0.3125 1 0.28125 1 0.28125 1 0.3125 1 0.28125 1 0.28125 1 0.3125 1 0.28125 1 0.28125 1 0.28125 1 0.3125 1 0.28125 1 0.3125 1 0.28125 1 0.28125 1 0.3125 1 0.28125 1 0.28125 1 0.3125 1 0.28125 1 0.28125 1 0.28125 1 0.3125 1 0.28125 1 0.3125 1 0.28125 1 0.28125 1 0.03125 1 0 1 0 1 0.03125 1 0 1 0 1 0.03125 1 0 1 0 1 0 1 0.03125 1 0 1 0.03125 1 0 1 0 1 0.03125 1 0 1 0 1 0.03125 1 0 1 0 1 0 1 0.03125 1 0 1 0.03125 1 0 1 0 1 0.03125 1 0 1 0 1 0.03125 1 0 1 0 1 0 1 0.03125 1 0 1 0.03125 1 0 1 0 1 0.5625 1 0.53125 1 0.53125 1 0.5625 1 0.53125 1 0.53125 1 0.5625 1 0.53125 1 0.53125 1 0.5625 1 0.53125 1 0.53125 1 0.53125 1 0.5625 1 0.53125 1 0.53125 1 0.5625 1 0.53125 1 0.53125 1 0.5625 1 0.53125 1 0.5625 1 0.53125 1 0.53125 1 0.53125 1 0.5625 1 0.53125 1 0.53125 1 0.5625 1 0.53125 1 0.53125 1 0.5625 1 0.53125 1 0.5625 1 0.53125 1 0.53125 1 0.53125 1 0.5625 1 0.53125 1 0.25 1 0.21875 1 0.21875 1 0.25 1 0.21875 1 0.21875 1 0.25 1 0.21875 1 0.21875 1 0.21875 1 0.25 1 0.21875 1 0.25 1 0.21875 1 0.21875 1 0.25 1 0.21875 1 0.21875 1 0.25 1 0.21875 1 0.21875 1 0.21875 1 0.25 1 0.21875 1 0.25 1 0.21875 1 0.21875 1 0.25 1 0.21875 1 0.21875 1 0.25 1 0.21875 1 0.21875 1 0.21875 1 0.25 1 0.21875 1 0.25 1 0.21875 1 0.21875 1 0.8125 1 0.7812501 1 0.78125 1 0.8125 1 0.7812501 1 0.7812501 1 0.8125 1 0.7812501 1 0.7812501 1 0.8125001 1 0.7812501 1 0.7812501 1 0.7812501 1 0.8125 1 0.7812501 1 0.7812501 1 0.8125 1 0.7812501 1 0.7812501 1 0.8125 1 0.7812501 1 0.8125 1 0.7812501 1 0.7812501 1 0.7812501 1 0.8125 1 0.7812501 1 0.7812501 1 0.8125 1 0.7812501 1 0.7812501 1 0.8125001 1 0.7812501 1 0.8125001 1 0.7812501 1 0.7812501 1 0.7812501 1 0.8125001 1 0.7812501 1 0.75 1 0.71875 1 0.71875 1 0.75 1 0.71875 1 0.71875 1 0.75 1 0.71875 1 0.71875 1 0.75 1 0.71875 1 0.71875 1 0.71875 1 0.75 1 0.71875 1 0.71875 1 0.75 1 0.71875 1 0.71875 1 0.75 1 0.71875 1 0.75 1 0.71875 1 0.71875 1 0.71875 1 0.75 1 0.71875 1 0.71875 1 0.75 1 0.71875 1 0.71875 1 0.75 1 0.71875 1 0.75 1 0.71875 1 0.71875 1 0.71875 1 0.75 1 0.71875 1 0.40625 1 0.4375 1 0.40625 1 0.40625 1 0.4375 1 0.40625 1 0.40625 1 0.4375 1 0.40625 1 0.40625 1 0.4375 1 0.40625 1 0.4375 1 0.40625 1 0.40625 1 0.4375 1 0.40625 1 0.40625 1 0.4375 1 0.40625 1 0.40625 1 0.40625 1 0.4375 1 0.40625 1 0.4375 1 0.40625 1 0.40625 1 0.4375 1 0.40625 1 0.40625 1 0.4375 1 0.40625 1 0.40625 1 0.40625 1 0.4375 1 0.40625 1 0.4375 1 0.40625 1 0.40625 1 0.875 1 0.84375 1 0.84375 1 0.875 1 0.84375 1 0.84375 1 0.875 1 0.84375 1 0.84375 1 0.875 1 0.84375 1 0.84375 1 0.84375 1 0.875 1 0.84375 1 0.84375 1 0.875 1 0.84375 1 0.84375 1 0.875 1 0.84375 1 0.875 1 0.84375 1 0.84375 1 0.84375 1 0.875 1 0.84375 1 0.84375 1 0.8749999 1 0.84375 1 0.84375 1 0.8749999 1 0.84375 1 0.8749999 1 0.84375 1 0.84375 1 0.84375 1 0.8749999 1 0.84375 1 0.6875 1 0.65625 1 0.65625 1 0.6875 1 0.65625 1 0.65625 1 0.6875 1 0.65625 1 0.65625 1 0.6875 1 0.65625 1 0.65625 1 0.65625 1 0.6875 1 0.65625 1 0.65625 1 0.6875 1 0.65625 1 0.65625 1 0.6875 1 0.65625 1 0.6875 1 0.65625 1 0.65625 1 0.65625 1 0.6875001 1 0.6562499 1 0.6562499 1 0.6875001 1 0.6562499 1 0.6562499 1 0.6875001 1 0.65625 1 0.6875001 1 0.65625 1 0.65625 1 0.65625 1 0.6875001 1 0.65625 1 0.15625 1 0.125 1 0.125 1 0.15625 1 0.125 1 0.125 1 0.15625 1 0.125 1 0.125 1 0.125 1 0.15625 1 0.125 1 0.15625 1 0.125 1 0.125 1 0.15625 1 0.125 1 0.125 1 0.15625 1 0.125 1 0.125 1 0.125 1 0.15625 1 0.125 1 0.15625 1 0.125 1 0.125 1 0.15625 1 0.125 1 0.125 1 0.15625 1 0.125 1 0.125 1 0.125 1 0.15625 1 0.125 1 0.15625 1 0.125 1 0.125 1 1 1 0.96875 1 0.96875 1 1 1 0.96875 1 0.96875 1 1 1 0.96875 1 0.96875 1 1 1 0.96875 1 0.96875 1 0.96875 1 1 1 0.9687501 1 0.9687501 1 1 1 0.96875 1 0.96875 1 1 1 0.96875 1 1 1 0.9687501 1 0.96875 1 0.9687501 1 1 1 0.96875 1 0.96875 1 1 1 0.96875 1 0.96875 1 1 1 0.96875 1 1 1 0.96875 1 0.96875 1 0.96875 1 1 1 0.96875 1 0.15625 1 0.1875 1 0.15625 1 0.15625 1 0.1875 1 0.15625 1 0.15625 1 0.1875 1 0.15625 1 0.15625 1 0.1875 1 0.15625 1 0.1875 1 0.15625 1 0.15625 1 0.1875 1 0.15625 1 0.15625 1 0.1875 1 0.15625 1 0.15625 1 0.15625 1 0.1875 1 0.15625 1 0.1875 1 0.15625 1 0.15625 1 0.1875 1 0.15625 1 0.15625 1 0.1875 1 0.15625 1 0.15625 1 0.15625 1 0.1875 1 0.15625 1 0.1875 1 0.15625 1 0.15625 1 0.25 1 0.28125 1 0.25 1 0.25 1 0.28125 1 0.25 1 0.25 1 0.28125 1 0.25 1 0.25 1 0.28125 1 0.25 1 0.28125 1 0.25 1 0.25 1 0.28125 1 0.25 1 0.25 1 0.28125 1 0.25 1 0.25 1 0.25 1 0.28125 1 0.25 1 0.28125 1 0.25 1 0.25 1 0.28125 1 0.25 1 0.25 1 0.28125 1 0.25 1 0.25 1 0.25 1 0.28125 1 0.25 1 0.28125 1 0.25 1 0.25 1 0.125 1 0.09375 1 0.09375 1 0.125 1 0.09375 1 0.09375 1 0.125 1 0.09375 1 0.09375 1 0.09375 1 0.125 1 0.09375 1 0.125 1 0.09375 1 0.09375 1 0.125 1 0.09375 1 0.09375 1 0.125 1 0.09375 1 0.09375 1 0.09375 1 0.125 1 0.09375 1 0.125 1 0.09375 1 0.09375 1 0.125 1 0.09375 1 0.09375 1 0.125 1 0.09375 1 0.09375 1 0.09375 1 0.125 1 0.09375 1 0.125 1 0.09375 1 0.09375 1 0.0625 1 0.09375 1 0.0625 1 0.0625 1 0.09375 1 0.0625 1 0.0625 1 0.09375 1 0.0625 1 0.0625 1 0.09375 1 0.0625 1 0.09375 1 0.0625 1 0.0625 1 0.0625 1 0.09375 1 0.0625 1 0.09375 1 0.0625 1 0.0625 1 0.0625 1 0.09375 1 0.0625 1 0.09375 1 0.0625 1 0.0625 1 0.09375 1 0.0625 1 0.0625 1 0.09375 1 0.0625 1 0.0625 1 0.0625 1 0.09375 1 0.0625 1 0.09375 1 0.0625 1 0.0625 1 0.53125 1 0.5 1 0.5 1 0.53125 1 0.5 1 0.5 1 0.53125 1 0.5 1 0.5 1 0.53125 1 0.5 1 0.5 1 0.5 1 0.53125 1 0.5 1 0.5 1 0.53125 1 0.5 1 0.5 1 0.53125 1 0.5 1 0.53125 1 0.5 1 0.5 1 0.5 1 0.53125 1 0.5 1 0.5 1 0.53125 1 0.5 1 0.5 1 0.53125 1 0.5 1 0.53125 1 0.5 1 0.5 1 0.5 1 0.53125 1 0.5 1 0.625 1 0.59375 1 0.59375 1 0.625 1 0.59375 1 0.59375 1 0.625 1 0.59375 1 0.59375 1 0.625 1 0.59375 1 0.59375 1 0.59375 1 0.625 1 0.59375 1 0.59375 1 0.625 1 0.59375 1 0.59375 1 0.625 1 0.59375 1 0.625 1 0.59375 1 0.59375 1 0.59375 1 0.625 1 0.59375 1 0.59375 1 0.625 1 0.59375 1 0.59375 1 0.625 1 0.5937501 1 0.625 1 0.59375 1 0.5937501 1 0.59375 1 0.625 1 0.59375 1 0.8125 1 0.84375 1 0.8125 1 0.8125 1 0.84375 1 0.8125 1 0.8125 1 0.84375 1 0.8125001 1 0.84375 1 0.8125001 1 0.8125001 1 0.8125001 1 0.84375 1 0.8125 1 0.8125 1 0.84375 1 0.8125 1 0.8125 1 0.84375 1 0.8125 1 0.84375 1 0.8125 1 0.8125 1 0.8125 1 0.84375 1 0.8125 1 0.8125 1 0.84375 1 0.8125 1 0.8125 1 0.84375 1 0.8125001 1 0.84375 1 0.8125001 1 0.8125001 1 0.8125001 1 0.84375 1 0.8125001 1 0.75 1 0.7812501 1 0.75 1 0.75 1 0.7812501 1 0.75 1 0.75 1 0.7812501 1 0.75 1 0.7812501 1 0.75 1 0.75 1 0.75 1 0.7812501 1 0.75 1 0.75 1 0.7812501 1 0.75 1 0.75 1 0.7812501 1 0.75 1 0.7812501 1 0.75 1 0.75 1 0.75 1 0.7812501 1 0.75 1 0.75 1 0.7812501 1 0.75 1 0.75 1 0.7812501 1 0.75 1 0.7812501 1 0.75 1 0.75 1 0.75 1 0.7812501 1 0.75 1 0.34375 1 0.375 1 0.34375 1 0.34375 1 0.375 1 0.34375 1 0.34375 1 0.375 1 0.34375 1 0.34375 1 0.375 1 0.34375 1 0.375 1 0.34375 1 0.34375 1 0.375 1 0.34375 1 0.34375 1 0.375 1 0.34375 1 0.34375 1 0.34375 1 0.375 1 0.34375 1 0.375 1 0.34375 1 0.34375 1 0.375 1 0.34375 1 0.34375 1 0.375 1 0.34375 1 0.34375 1 0.34375 1 0.375 1 0.34375 1 0.375 1 0.34375 1 0.34375 1 0.9375 1 0.96875 1 0.9375 1 0.9375 1 0.96875 1 0.9375 1 0.9375 1 0.96875 1 0.9375 1 0.96875 1 0.9375 1 0.9375 1 0.9375 1 0.9687501 1 0.9375 1 0.9375 1 0.96875 1 0.9375 1 0.9375 1 0.96875 1 0.9374999 1 0.96875 1 0.9374999 1 0.9374999 1 0.9374999 1 0.96875 1 0.9374998 1 0.9374998 1 0.96875 1 0.9374998 1 0.9374998 1 0.96875 1 0.9374999 1 0.96875 1 0.9374999 1 0.9374999 1 0.9374999 1 0.96875 1 0.9374999 1 0.625 1 0.65625 1 0.625 1 0.625 1 0.65625 1 0.625 1 0.625 1 0.65625 1 0.625 1 0.65625 1 0.625 1 0.625 1 0.625 1 0.65625 1 0.625 1 0.625 1 0.65625 1 0.625 1 0.625 1 0.65625 1 0.625 1 0.65625 1 0.625 1 0.625 1 0.625 1 0.6562499 1 0.625 1 0.625 1 0.6562499 1 0.625 1 0.625 1 0.65625 1 0.625 1 0.65625 1 0.625 1 0.625 1 0.625 1 0.65625 1 0.625 1 0.46875 1 0.5 1 0.46875 1 0.46875 1 0.5 1 0.46875 1 0.46875 1 0.5 1 0.46875 1 0.46875 1 0.5 1 0.46875 1 0.46875 1 0.5 1 0.46875 1 0.46875 1 0.5 1 0.46875 1 0.46875 1 0.5 1 0.46875 1 0.46875 1 0.5 1 0.46875 1 0.46875 1 0.5 1 0.4687499 1 0.4687499 1 0.5 1 0.4687499 1 0.4687499 1 0.5 1 0.46875 1 0.46875 1 0.5 1 0.46875 1 0.5 1 0.46875 1 0.46875 1 0 0 0 0 0 0 0 0 0 0 0 0 0 0 0 0 0 0 0 0 0 0 0 0 0 0 0 0 0 0 0 0 0 0 0 0 0 0 0 0 0 0 0 0 0 0 0 0 0 0 0 0 0 0 0 0 0 0 0 0 0 0 0 0 0 0 0 0 0 0 0 0 0 0 0 0 0 0 0 0 0 0 0 0 0 0 0 0 0 0 0 0 0 0 0 0 0 0 0 0 0 0 0 0 0 0 0 0 0 0 0 0 0 0 0 0 0 0 0 0 0 0 0 0 0 0 0 0 0 0 0 0 0 0 0 0 0 0 0 0 0 0 0 0 0 0 0 0 0 0 0 0 0 0 0 0 0 0 0 0 0 0 0 0 0 0 0 0 0 0 0 0 0 0 0 0 0 0 0 0 0 0 0 0 0 0 0 0 0 0 0 0 0 0 0 0 0 0 0 0 0 0 0 0 0 0 0 0 0 0 0 0 0 0 0 0 0 0 0 0 0 0 0 0 0 0 0 0 0 0 0 0 0 0 0 0 0 0 0 0 0 0 0 0 0 0 0 0 0 0 0 0 0 0 0 0 0 0 0 0 0 0 0 0 0 0 0 0 0 0 0 0 0 0 0 0 0 0 0 0 0 0 0 0 0 0 0 0 0 0 0 0 0 0 0 0 0 0 0 0 0 0 0 0 0 0 0 0 0 0 0 0 0 0 0 0 0 0 0 0 0 0 0 0 0 0 0 0 0 0 0 0 0 0 0 0 0 0 0 0 0 0 0 0 0 0 0 0 0 0 0 0 0 0 0 0 0 0 0 0 0 0 0 0 0 0 0 0 0 0 0 0 0 0 0 0 0 0 0 0 0 0 0 0 0 0 0 0 0 0 0 0 0 0 0 0 0 0 0 0 0 0 0 0 0 0 0 0 0 0 0 0 0 0 0 0 0 0 0 0 0 0 0 0 0 0 0 0 0 0 0 0 0 0 0 0 0 0 0 0 0 0 0 0 0 0 0 0 0 0 0 0 0 0 0 0 0 0 0 0 0 0 0 0 0 0 0 0 0 0 0 0 0 0 0 0 0 0 0 0 0 0 0 0 0 0 0 0 0 0 0 0 0 0 0 0 0 0 0 0 0 0 0 0 0 0 0 0 0 0 0 0 0 0 0 0 0 0 0 0 0 0 0 0 0 0 0 0 0 0 0 0 0 0 0 0 0 0 0 0 0 0 0 0 0 0 0 0 0 0 0 0 0 0 0 0 0 0 0 0 0 0 0 0 0 0 0 0 0 0 0 0 0 0 0 0 0 0 0 0 0 0 0 0 0 0 0 0 0 0 0 0 0 0 0 0 0 0 0 0 0 0 0 0 0 0 0 0 0 0 0 0 0 0 0 0 0 0 0 0 0 0 0 0 0 0 0 0 0 0 0 0 0 0 0 0 0 0 0 0 0 0 0 0 0 0 0 0 0 0 0 0 0 0 0 0 0 0 0 0 0 0 0 0 0 0 0 0 0 0 0 0 0 0 0 0 0 0 0 0 0 0 0 0 0 0 0 0 0 0 0 0 0 0 0 0 0 0 0 0 0 0 0 0 0 0 0 0 0 0 0 0 0 0 0 0 0 0 0 0 0 0 0 0 0 0 0 0 0 0 0 0 0 0 0 0 0 0 0 0 0 0 0 0 0 0 0 0 0 0 0 0 0 0 0 0 0 0 0 0 0 0 0 0 0 0 0 0 0 0 0 0 0 0 0 0 0 0 0 0 0 0 0 0 0 0 0 0 0 0 0 0 0 0 0 0 0 0 0 0 0 0 0 0 0 0 0 0 0 0 0 0 0 0 0 0 0 0 0 0 0 0 0 0 0 0 0 0 0 0 0 0 0 0 0 0 0 0 0 0 0 0 0 0 0 0 0 0 0 0 0 0 0 0 0 0 0 0 0 0 0 0 0 0 0 0 0 0 0 0 0 0 0 0 0 0 0 0 0 0 0 0 0 0 0 0 0 0 0 0 0 0 0 0 0 0 0 0 0 0 0 0 0 0 0 0 0 0 0 0 0 0 0 0 0 0 0 0 0 0 0 0 0 0 0 0 0 0 0 0 0 0 0 0 0 0 0 0 0 0 0 0 0 0 0 0 0 0 0 0 0 0 0 0 0 0 0 0 0 0 0 0 0 0 0 0 0 0 0 0 0 0 0 0 0 0 0 0 0 0 0 0 0 0 0 0 0 0 0 0 0 0 0 0 0 0 0 0 0 0 0 0 0 0 0 0 0 0 0 0 0 0 0 0 0 0 0 0 0 0 0 0 0 0 0 0 0 0 0 0 0 0 0 0 0 0 0 0 0 0 0 0 0 0 0 0 0 0 0 0 0 0 0 0 0 0 0 0 0 0 0 0 0 0 0 0 0 0 0 0 0 0 0 0 0 0 0 0 0 0 0 0 0 0 0 0 0 0 0 0 0 0 0 0 0 0 0 0 0 0 0 0 0 0 0 0 0 0 0 0 0 0 0 0 0 0 0 0 0 0 0 0 0 0 0 0 0 0 0 0 0 0 0 0 0 0 0 0 0 0 0 0 0 0 0 0 0 0 0 0 0 0 0 0 0 0 0 0 0 0 0 0 0 0 0 0 0 0 0 0 0 0 0 0 0 0 0 0 0 0 0 0 0 0 0 0 0 0 0 0 0 0 0 0 0 0 0 0 0 0 0 0 0 0 0 0 0 0 0 0 0 0 0 0 0 0 0 0 0 0 0 0 0 0 0 0 0 0 0 0 0 0 0 0 0 0 0 0 0 0 0 0 0 0 0 0 0 0 0 0 0 0 0 0 0 0 0 0 0 0 0 0 0 0 0 0 0 0 0 0 0 0 0 0 0 0 0 0 0 0 0 0 0 0 0 0 0 0 0 0 0 0 0 0 0 0 0 0 0 0 0 0 0 0 0 0 0 0 0 0 0 0 0 0 0 0 0 0 0 0 0 0 0 0 0 0 0 0 0 0 0 0 0 0 0 0 0 0 0 0 0 0 0 0 0 0 0 0 0 0 0 0 0 0 0 0 0 0 0 0 0 0 0 0 0 0 0 0 0 0 0 0 0 0 0 0 0 0 0 0 0 0 0 0 0 0 0 0 0 0 0 0 0 0 0 0 0 0 0 0 0 0 0 0 0 0 0 0 0 0 0 0 0 0 0 0 0 0 0 0 0 0 0 0 0 0 0 0 0 0 0 0 0 0 0 0 0 0 0 0 0 0 0 0 0 0 0 0 0 0 0 0 0 0 0 0 0 0 0 0 0 0 0 0 0 0 0 0 0 0 0 0 0 0 0 0 0 0 0 0 0 0 0 0 0 0 0 0 0 0 0 0 0 0 0 0 0 0 0 0 0 0 0 0 0 0 0 0 0 0 0 0 0 0 0 0 0 0 0 0 0 0 0 0 0 0 0 0 0 0 0 0 0 0 0 0 0 0 0 0 0 0 0 0 0 0 0 0 0 0 0 0 0 0 0 0 0 0 0 0 0 0 0 0 0 0 0 0 0 0 0 0 0 0 0 0 0 0 0 0 0 0 0 0 0 0 0 0 0 0 0 0 0 0 0 0 0 0 0 0 0 0 0 0 0 0 0 0 0 0 0 0 0 0 0 0 0 0 0 0 0 0 0 0 0 0 0 0 0 0 0 0 0 0 0 0 0 0 0 0 0 0 0 0 0 0 0 0 0 0 0 0 0 0 0 0 0 0 0 0 0 0 0 0 0 0 0 0 0 0 0 0 0 0 0 0 0 0 0 0 0 0 0 0 0 0 0 0 0 0 0 0 0 0 0 0 0 0 0 0 0 0 0 0 0 0 0 0 0 0 0 0 0 0 0 0 0 0 0 0 0 0 0 0 0 0 0 0 0 0 0 0 0 0 0 0 0 0 0 0 0 0 0 0 0 0 0 0 0 0 0 0 0 0 0 0 0 0 0 0 0 0 0 0 0 0 0 0 0 0 0 0 0 0 0 0 0 0 0 0 0 0 0 0 0 0 0 0 0 0 0 0 0 0 0 0 0 0 0 0 0 0 0 0 0 0 0 0 0 0 0 0 0 0 0 0 0 0 0 0 0 0 0 0 0 0 0 0 0 0 0 0 0 0 0 0 0 0 0 0 0 0 0 0 0 0 0 0 0 0 0 0 0 0 0 0 0 0 0 0 0 0 0 0 0 0 0 0 0 0 0 0 0 0 0 0 0 0 0 0 0 0 0 0 0 0 0 0 0 0 0 0 0 0 0 0 0 0 0 0 0 0 0 0 0 0 0 0 0 0 0 0 0 0 0 0 0 0 0 0 0 0 0 0 0 0 0 0 0 0 0 0 0 0 0 0 0 0 0 0 0 0 0 0 0 0 0 0 0 0 0 0 0 0 0 0 0 0 0 0 0 0 0 0 0 0 0 0 0 0 0 0 0 0 0 0 0 0 0 0 0 0 0 0 0 0 0 0 0 0 0 0 0 0 0 0 0 0 0 0 0 0 0 0 0 0 0 0 0 0 0 0 0 0 0 0 0 0 0 0 0 0 0 0 0 0 0 0 0 0 0 0 0 0 0 0 0 0 0 0 0 0 0 0 0 0 0 0 0 0 0 0 0 0 0 0 0 0 0 0 0 0 0 0 0 0 0 0 0 0 0 0 0 0 0 0 0 0 0 0 0 0 0 0 0 0 0 0 0 0 0 0 0 0 0 0 0 0 0 0 0 0 0 0 0 0 0 0 0 0 0 0 0 0 0 0 0 0 0 0 0 0 0 0 0 0 0 0 0 0 0 0 0 0 0 0 0 0 0 0 0 0 0 0 0 0 0 0 0 0 0 0 0 0 0 0 0 0 0 0 0 0 0 0 0 0 0 0 0 0 0 0 0 0 0 0 0 0 0 0 0 0 0 0 0 0 0 0 0 0 0 0 0 0 0 0 0 0 0 0 0 0 0 0 0 0 0 0 0 0 0 0 0 0 0 0 0 0 0 0 0 0 0 0 0 0 0 0 0 0 0 0 0 0 0 0 0 0 0 0 0 0 0 0 0 0 0 0 0 0 0 0 0 0 0 0 0 0 0 0 0 0 0 0 0 0 0 0 0 0 0 0 0 0 0 0 0 0 0 0 0 0 0 0 0 0 0 0 0 0 0 0 0 0 0 0 0 0 0 0 0 0 0 0 0 0 0 0 0 0 0 0 0 0 0 0 0 0 0 0 0 0 0 0 0 0 0 0 0 0 0 0 0 0 0 0 0 0 0 0 0 0 0 0 0 0 0 0 0 0 0 0 0 0 0 0 0 0 0 0 0 0 0 0 0 0 0 0 0 0 0 0 0 0 0 0 0 0 0 0 0 0 0 0 0 0 0 0 0 0 0 0 0 0 0 0 0 0 0 0 0 0 0 0 0 0 0 0 0 0 0 0 0 0 0 0 0 0 0 0 0 0 0 0 0 0 0 0 0 0 0 0 0 0 0 0 0 0 0 0 0 0 0 0 0 0 0 0 0 0 0 0 0 0 0 0 0 0 0 0 0 0 0 0 0 0 0 0 0 0 0 0 0 0 0 0 0 0 0 0 0 0 0 0 0 0 0 0 0 0 0 0 0 0 0 0 0 0 0 0 0 0 0 0 0 0 0 0 0 0 0 0 0 0 0 0 0 0 0 0 0 0 0 0 0 0 0 0 0 0 0 0 0 0 0 0 0 0 0 0 0 0 0 0 0 0 0 0 0 0 0 0 0 0 0 0 0 0 0 0 0 0 0 0 0 0 0 0 0 0 0 0 0 0 0 0 0 0 0 0 0 0 0 0 0 0 0 0 0 0 0 0 0 0 0 0 0 0 0 0 0 0 0 0 0 0 0 0 0 0 0 0 0 0 0 0 0 0 0 0 0 0 0 0 0 0 0 0 0 0 0 0 0 0 0 0 0 0 0 0 0 0 0 0 0 0 0 0 0 0 0 0 0 0 0 0 0 0 0 0 0 0 0 0 0 0 0 0 0 0 0 0 0 0 0 0 0 0 0 0 0 0 0 0 0 0 0 0 0 0 0 0 0 0 0 0 0 0 0 0 0 0 0 0 0 0 0 0 0 0 0 0 0 0 0 0 0 0 0 0 0 0 0 0 0 0 0 0 0 0 0 0 0 0 0 0 0 0 0 0 0 0 0 0 0 0 0 0 0 0 0 0 0 0 0 0 0 0 0 0 0 0 0 0 0 0 0 0 0 0 0 0 0 0 0 0 0 0 0 0 0 0 0 0 0 0 0 0 0 0 0 0 0 0 0 0 0 0 0 0 0 0 0 0 0 0 0 0 0 0 0 0 0 0 0 0 0 0 0 0 0 0 0 0 0 0 0 0 0 0 0 0 0 0 0 0 0 0 0 0 0 0 0 0 0 0 0 0 0 0 0 0 0 0 0 0 0 0 0 0 0 0 0 0 0 0 0 0 0 0 0 0 0 0 0 0 0 0 0 0 0 0 0 0 0 0 0 0 0 0 0 0 0 0 0 0 0 0 0 0 0 0 0 0 0 0 0 0 0 0 0 0 0 0 0 0 0 0 0 0 0 0 0 0 0 0 0 0 0 0 0 0 0 0 0 0 0 0 0 0 0 0 0 0 0 0 0 0 0 0 0 0 0 0 0 0 0 0 0 0 0 0 0 0 0 0 0 0 0 0 0 0 0 0 0 0 0 0 0 0 0 0 0 0 0 0 0 0 0 0 0 0 0 0 0 0 0 0 0 0 0 0 0 0 0 0 0 0 0 0 0 0 0 0 0 0 0 0 0 0 0 0 0 0 0 0 0 0 0 0 0 0 0 0 0 0 0 0 0 0 0 0 0 0 0 0 0 0 0 0 0 0 0 0 0 0 0 0 0 0 0 0 0 0 0 0 0 0 0 0 0 0 0 0 0 0 0 0 0 0 0 0 0 0 0 0 0 0 0 0 0 0 0 0 0 0 0 0 0 0 0 0 0 0 0 0 0 0 0 0 0 0 0 0 0 0 0 0 0 0 0 0 0 0 0 0 0 0 0 0 0 0 0 0 0 0 0 0 0 0 0 0 0 0 0 0 0 0 0 0 0 0 0 0 0 0 0 0 0 0 0 0 0 0 0 0 0 0 0 0 0 0 0 0 0 0 0 0 0 0 0 0 0 0 0 0 0 0 0 0 0 0 0 0 0 0 0 0 0 0 0 0 0 0 0 0 0 0 0 0 0 0 0 0 0 0 0 0 0 0 0 0 0 0 0 0 0 0 0 0 0 0 0 0 0 0 0 0 0 0 0 0 0 0 0 0 0 0 0 0 0 0 0 0 0 0 0 0 0 0 0 0 0 0 0 0 0 0 0 0 0 0 0 0 0.9495527 0.1166631 0.9495527 0.1166631 0 0 0 0 0 0 0 0 0 0 0.9495527 0.1166631 0 0 0 0 0 0 0 0 0 0 0 0 0 0 0 0 0 0 0 0 0 0 0 0 0 0 0 0 0 0 0 0 0 0 0 0 0 0 0 0 0 0 0 0 0 0 0 0 0 0 0 0 0 0 0 0 0 0 0 0 0 0 0 0 0 0 0 0 0 0 0 0 0 0 0 0 0 0 0 0 0 0 0 0 0 0 0 0 0 0 0 0 0 0 0 0 0 0 0 0 0 0 0 0 0 0 0 0 0 0 0 0 0 0 0 0 0 0 0 0 0 0 0 0 0 0 0 0 0 0 0 0 0 0 0 0 0 0 0 0 0 0 0 0 0 0 0 0 0 0 0 0 0 0 0 0 0 0 0 0 0 0 0 0 0 0 0 0 0 0 0 0 0 0 0 0 0 0 0 0 0 0 0 0 0 0 0 0 0 0 0 0 0 0 0 0 0 0 0 0 0 0 0 0 0 0 0 0 0 0 0 0 0 0 0 0 0 0 0 0 0 0 0 0 0 0 0 0 0 0 0 0 0 0 0 0 0 0 0 0 0 0 0 0 0 0 0 0 0 0 0 0 0 0 0 0 0 0 0 0 0 0 0 0 0 0 0 0 0 0 0 0 0 0 0 0 0 0 0 0 0 0 0 0 0 0 0 0 0 0 0 0 0 0 0 0 0 0 0 0 0 0 0 0 0 0 0 0 0 0 0 0 0 0 0 0 0 0 0 0 0 0 0 0 0 0 0 0 0 0 0 0 0 0 0 0 0 0 0 0 0 0 0 0 0 0 0 0 0 0 0 0 0 0 0 0 0 0 0 0 0 0 0 0 0 0 0 0 0 0 0 0 0 0 0 0 0 0 0 0 0 0 0 0 0 0 0 0 0 0 0 0 0 0 0 0 0 0 0 0 0 0 0 0 0 0 0 0 0 0 0 0 0 0 0 0 0 0 0 0 0 0 0 0 0 0 0 0 0 0 0 0 0 0 0 0 0 0 0 0 0 0 0 0 0 0 0 0 0 0 0 0 0 0 0 0 0 0 0 0 0 0 0 0 0 0 0 0 0 0 0 0 0 0 0 0 0 0 0 0 0 0 0 0 0 0 0 0 0 0 0 0 0 0 0 0 0 0 0 0 0 0 0 0 0 0 0 0 0 0 0 0 0 0 0 0 0 0 0 0 0 0 0 0 0 0 0 0 0 0 0 0 0 0 0 0 0 0 0 0 0 0 0 0 0 0 0 0 0 0 0 0 0 0 0 0 0 0 0 0 0 0 0 0 0 0 0 0 0 0 0 0 0 0 0 0 0 0 0 0 0 0 0 0 0 0 0 0 0 0 0 0 0 0 0 0 0 0 0 0 0 0 0 0 0 0 0 0 0 0 0 0 0 0 0 0 0 0 0 0 0 0 0 0 0 0 0 0 0 0 0 0 0 0 0 0 0 0 0 0 0 0 0 0 0 0 0 0 0 0 0 0 0 0 0 0 0 0 0 0 0 0 0 0 0 0 0 0 0 0 0 0 0 0 0 0 0 0 0 0 0 0 0 0 0 0 0 0 0 0 0 0 0 0 0 0 0 0 0 0 0 0 0 0 0 0 0 0 0 0 0 0 0 0 0 0 0 0 0 0 0 0 0 0 0 0 0 0 0 0 0 0 0 0 0 0 0 0 0 0 0 0 0 0 0 0 0 0 0 0 0 0 0 0 0 0 0 0 0 0 0 0 0 0 0 0 0 0 0 0 0 0 0 0 0 0 0 0 0 0 0 0 0 0 0 0 0 0 0 0 0 0 0 0 0 0 0 0 0 0 0 0 0 0 0 0 0 0 0 0 0 0 0 0 0 0 0 0 0 0 0 0 0 0 0 0 0 0 0 0 0 0 0 0 0 0 0 0 0 0 0 0 0 0 0 0 0 0 0 0 0 0 0 0 0 0 0 0 0 0 0 0 0 0 0 0 0 0 0 0 0 0 0 0 0 0 0 0 0 0 0 0 0 0 0 0 0 0 0 0 0 0 0 0 0 0 0 0 0 0 0 0 0 0 0 0 0 0 0 0 0 0 0 0 0 0 0 0 0 0 0 0 0 0 0 0 0 0 0 0 0 0 0 0 0 0 0 0 0 0 0 0 0 0 0 0 0 0 0 0 0 0 0 0 0 0 0 0 0 0 0 0 0 0 0 0 0 0 0 0 0 0 0 0 0 0 0 0 0 0 0 0 0 0 0 0 0 0 0 0 0 0 0 0 0 0 0 0 0 0 0 0 0 0 0 0 0 0 0 0 0 0 0 0 0 0 0 0 0 0 0 0 0 0 0 0 0 0 0 0 0 0 0 0 0 0 0 0 0 0 0 0 0 0 0 0 0 0 0 0 0 0 0 0 0 0 0 0 0 0 0 0 0 0 0 0 0 0 0 0 0 0 0 0 0 0 0 0 0 0 0 0 0 0 0 0 0 0 0 0 0 0 0 0 0 0 0 0 0 0 0 0 0 0 0 0 0 0 0 0 0 0 0 0 0 0 0 0 0 0 0 0 0 0 0 0 0 0 0 0 0 0 0 0 0 0 0 0 0 0 0 0 0 0 0 0 0 0 0 0 0 0 0 0 0 0 0 0 0 0 0 0 0 0 0 0 0 0 0 0 0 0 0 0 0 0 0 0 0 0 0 0 0 0 0 0 0 0 0 0 0 0 0.7031784 0.01461154 0.75 0.00999999 0.7968217 0.01461154 0.7968217 0.01461154 0.841844 0.02826887 0.8833369 0.05044728 0.8833369 0.05044728 0.9197056 0.08029437 0.9495527 0.1166631 0.9495527 0.1166631 0.9717311 0.1581559 0.9853885 0.2031783 0.9853885 0.2031783 0.99 0.25 0.9853885 0.2968217 0.9853885 0.2968217 0.9717311 0.341844 0.8193328 0.4785597 0.9717311 0.341844 0.9495527 0.3833369 0.8193328 0.4785597 0.9495527 0.3833369 0.9197056 0.4197056 0.8193328 0.4785597 0.9197056 0.4197056 0.8833369 0.4495527 0.8193328 0.4785597 0.8833369 0.4495527 0.841844 0.4717311 0.8305885 0.4751454 0.8833369 0.4495527 0.8305885 0.4751454 0.8193328 0.4785597 0.9495527 0.1166631 0.9853885 0.2031783 0.8193328 0.4785597 0.9853885 0.2031783 0.9853885 0.2968217 0.8193328 0.4785597 0.7968217 0.01461154 0.8833369 0.05044728 0.8193328 0.4785597 0.8833369 0.05044728 0.9495527 0.1166631 0.8193328 0.4785597 0.658156 0.02826887 0.7031784 0.01461154 0.7968217 0.01461154 0.5802944 0.08029437 0.6166632 0.05044728 0.658156 0.02826887 0.5282689 0.1581559 0.5504473 0.1166631 0.5802944 0.08029437 0.51 0.25 0.5146116 0.2031783 0.5282689 0.1581559 0.5282689 0.341844 0.5146116 0.2968217 0.51 0.25 0.5802944 0.4197056 0.5504473 0.3833369 0.5282689 0.341844 0.658156 0.4717311 0.6166632 0.4495527 0.8193328 0.4785597 0.6166632 0.4495527 0.5802944 0.4197056 0.8193328 0.4785597 0.75 0.49 0.7031784 0.4853885 0.8080773 0.4819741 0.7031784 0.4853885 0.658156 0.4717311 0.8193328 0.4785597 0.8080773 0.4819741 0.7031784 0.4853885 0.8193328 0.4785597 0.8080773 0.4819741 0.7968217 0.4853885 0.75 0.49 0.658156 0.02826887 0.7968217 0.01461154 0.8193328 0.4785597 0.5282689 0.1581559 0.5802944 0.08029437 0.8193328 0.4785597 0.5802944 0.08029437 0.658156 0.02826887 0.8193328 0.4785597 0.5282689 0.341844 0.51 0.25 0.8193328 0.4785597 0.51 0.25 0.5282689 0.1581559 0.8193328 0.4785597 0.96875 0.5 0.96875 0.9964644 1 0.9964644 0.9375 0.5 0.9375 0.9964644 0.96875 0.9964644 0.90625 0.5 0.90625 0.9964644 0.9375 0.9964644 0.90625 0.5 0.875 0.5 0.875 0.9964644 0.59375 0.5 0.5625 0.5 0.5625 0.9964644 0.5625 0.5 0.53125 0.5 0.53125 0.9964644 0.53125 0.5 0.5 0.5 0.5 0.9964644 0.5 0.5 0.46875 0.5 0.46875 0.9964644 0.46875 0.5 0.4375 0.5 0.4375 0.9964644 0.4375 0.5 0.40625 0.5 0.40625 0.9964644 0.3750368 0.9565255 0.377388 0.9528118 0.3798805 0.9478536 0.377388 0.9528118 0.3793025 0.9496527 0.3798805 0.9478536 0.40625 0.5 0.375 0.5 0.383646 0.9478536 0.375 0.5 0.3750368 0.9565255 0.3798805 0.9478536 0.3836675 0.9964644 0.40625 0.9964644 0.3836782 0.9813157 0.40625 0.9964644 0.40625 0.5 0.383646 0.9478536 0.3836782 0.9813157 0.40625 0.9964644 0.383646 0.9478536 0.375 0.5 0.3798805 0.9478536 0.3811801 0.9478536 0.375 0.5 0.3811801 0.9478536 0.382442 0.9478536 0.34375 0.5 0.34375 0.9964644 0.3656249 0.9478536 0.34375 0.9964644 0.3656316 0.9964644 0.3656215 0.9567619 0.3656249 0.9478536 0.34375 0.9964644 0.3656215 0.9567619 0.375 0.9565472 0.375 0.5 0.3695688 0.9478537 0.375 0.5 0.34375 0.5 0.3656249 0.9478536 0.3695688 0.9478537 0.375 0.5 0.3682066 0.9478536 0.3720124 0.952568 0.3742485 0.9561033 0.375 0.9565472 0.3695688 0.9478537 0.3700332 0.9492993 0.3720124 0.952568 0.3695688 0.9478537 0.3720124 0.952568 0.375 0.9565472 0.3656249 0.9478536 0.3668833 0.9478536 0.375 0.5 0.3125 0.5 0.3125 0.9964644 0.34375 0.9964644 0.3125 0.5 0.28125 0.5 0.28125 0.9964644 0.28125 0.5 0.25 0.5 0.25 0.9964644 0.25 0.5 0.21875 0.5 0.21875 0.9964644 0.21875 0.5 0.1875 0.5 0.1875 0.9964644 0.15625 0.5 0.15625 0.9964644 0.1875 0.9964644 0.125322 0.9524552 0.1272674 0.9534832 0.1287201 0.9527801 0.125322 0.9524552 0.1287201 0.9527801 0.1322566 0.9478536 0.15625 0.5 0.125 0.5 0.1363472 0.9478536 0.125 0.5 0.125322 0.9524552 0.1322566 0.9478536 0.1363437 0.9964643 0.15625 0.9964644 0.1363488 0.9798666 0.15625 0.9964644 0.15625 0.5 0.1363472 0.9478536 0.1363488 0.9798666 0.15625 0.9964644 0.1363472 0.9478536 0.125 0.5 0.1322566 0.9478536 0.1339754 0.9478536 0.125 0.5 0.1339754 0.9478536 0.1356871 0.9478536 0.1228637 0.9478536 0.1233261 0.9493072 0.125 0.9522367 0.125 0.9522367 0.125 0.5 0.1228637 0.9478536 0.125 0.5 0.09375 0.5 0.1191098 0.9478537 0.1228637 0.9478536 0.125 0.5 0.1214849 0.9478536 0.09375 0.5 0.09375 0.9964644 0.1191098 0.9478537 0.09375 0.9964644 0.1190817 0.9964644 0.1190738 0.985322 0.09375 0.9964644 0.1190738 0.985322 0.1191098 0.9478537 0.1214849 0.9478536 0.125 0.5 0.1201192 0.9478536 0.09375 0.5 0.0625 0.5 0.0625 0.9964644 0.0625 0.5 0.03125 0.5 0.03125 0.9964644 0 0.5 0 0.9964644 0.03125 0.9964644 0.8843182 0.1221284 0.7968217 0.01461154 0.841844 0.02826887 0.841844 0.02826887 0.8833369 0.05044728 0.8843182 0.1221284 0.8833369 0.05044728 0.9197056 0.08029437 0.8843182 0.1221284 0.9197056 0.08029437 0.9495527 0.1166631 0.9155887 0.1221326 0.9155887 0.1221326 0.8917484 0.1221294 0.9197056 0.08029437 0.9866604 0.2839078 0.9853885 0.2968217 0.9824104 0.2698974 0.9853885 0.2968217 0.9717311 0.341844 0.9824104 0.2698974 0.9717311 0.341844 0.9495527 0.3833369 0.8843133 0.1596531 0.9495527 0.3833369 0.9197056 0.4197056 0.8843133 0.1596531 0.9717311 0.341844 0.8843133 0.1596531 0.9824104 0.2698974 0.9197056 0.4197056 0.8833369 0.4495527 0.8843133 0.1596531 0.8833369 0.4495527 0.841844 0.4717311 0.8843133 0.1596531 0.841844 0.4717311 0.7968217 0.4853885 0.8843133 0.1596531 0.7968217 0.4853885 0.75 0.49 0.8843133 0.1596531 0.75 0.49 0.7031784 0.4853885 0.8843133 0.1596531 0.7031784 0.4853885 0.658156 0.4717311 0.8843133 0.1596531 0.658156 0.4717311 0.6166632 0.4495527 0.8843133 0.1596531 0.6166632 0.4495527 0.5802944 0.4197056 0.8843133 0.1596531 0.5802944 0.4197056 0.5504473 0.3833369 0.8843133 0.1596531 0.5504473 0.3833369 0.5282689 0.341844 0.8843133 0.1596531 0.5282689 0.341844 0.5146116 0.2968217 0.8843133 0.1596531 0.5146116 0.2968217 0.51 0.25 0.8843133 0.1596531 0.51 0.25 0.5146116 0.2031783 0.8843133 0.1596531 0.5146116 0.2031783 0.5282689 0.1581559 0.8843133 0.1596531 0.5282689 0.1581559 0.5504473 0.1166631 0.8843133 0.1596531 0.5504473 0.1166631 0.5802944 0.08029437 0.8843133 0.1596531 0.5802944 0.08029437 0.6166632 0.05044728 0.8843133 0.1596531 0.6166632 0.05044728 0.658156 0.02826887 0.8843133 0.1596531 0.658156 0.02826887 0.7031784 0.01461154 0.8843133 0.1596531 0.7031784 0.01461154 0.75 0.00999999 0.8843133 0.1596531 0.75 0.00999999 0.7968217 0.01461154 0.8843171 0.1310446 0.7968217 0.01461154 0.8843182 0.1221284 0.8843171 0.1310446 0.8843171 0.1310446 0.8843133 0.1596531 0.75 0.00999999 0.8843133 0.1596531 0.9081537 0.1596563 0.9804809 0.2503089 0.9081537 0.1596563 0.9155837 0.1596574 0.9824104 0.2307205 0.9155837 0.1596574 0.9155876 0.1310488 0.9495527 0.1166631 0.9155876 0.1310488 0.9155887 0.1221326 0.9495527 0.1166631 0.9495527 0.1166631 0.9717311 0.1581559 0.9155837 0.1596574 0.9717311 0.1581559 0.9853885 0.2031783 0.9155837 0.1596574 0.9853885 0.2031783 0.9867063 0.2165586 0.9824104 0.2307205 0.9155837 0.1596574 0.9853885 0.2031783 0.9824104 0.2307205 0.9081537 0.1596563 0.9824104 0.2307205 0.9804809 0.2503089 0.8843133 0.1596531 0.9804809 0.2503089 0.9810177 0.2557575 0.8843133 0.1596531 0.9810177 0.2557575 0.9818799 0.2645126 0.875 0.5 0.9495527 0.3833369 0 0 0.59375 0.5 0.59375 0.9964644 0 0 0.9717311 0.1581559 0.9495527 0.1166631 0.8833369 0.4495527 0.9717311 0.1581559 0.8833369 0.4495527 0.9197056 0.4197056 0.9853885 0.2031783 0.9717311 0.1581559 0.9495527 0.3833369 0.9717311 0.1581559 0.9197056 0.4197056 0.9495527 0.3833369 0.9804809 0.2503089 0.9824104 0.2307205 0.99 0.25 0.9824104 0.2307205 0.9867063 0.2165586 0.9853885 0.2968217 0.9867063 0.2165586 0.9853885 0.2031783 0.9717311 0.341844 0.9853885 0.2031783 0.9495527 0.3833369 0.9717311 0.341844 0.9810177 0.2557575 0.9804809 0.2503089 0.99 0.25 0.9824104 0.2307205 0.9853885 0.2968217 0.99 0.25 0.9824104 0.2698974 0.9818799 0.2645126 0.9853885 0.2031783 0.9818799 0.2645126 0.9810177 0.2557575 0.99 0.25 0.9853885 0.2031783 0.9818799 0.2645126 0.99 0.25 0.9866604 0.2839078 0.9824104 0.2698974 0.9853885 0.2031783 0.9867063 0.2165586 0.9717311 0.341844 0.9853885 0.2968217 0.8833369 0.05044728 0.9717311 0.341844 0.9197056 0.08029437 0.9717311 0.341844 0.9853885 0.2968217 0.9495527 0.1166631 0.9197056 0.08029437 0.9717311 0.341844 0.9495527 0.1166631 0.9853885 0.2968217 0.9866604 0.2839078 0.9717311 0.1581559 0.9866604 0.2839078 0.9853885 0.2031783 0.9717311 0.1581559 0 0 0 0 0 0 0 0 0 0 0 0 0 0 0 0 0 0 0 0 0 0 0 0 0 0 0 0 0 0 0.9717311 0.341844 0.8833369 0.05044728 0.841844 0.02826887 0.8209387 0.448764 0.8080773 0.4819741 0.8193328 0.4785597 0.8193328 0.4785597 0.9495527 0.1166631 0.9366913 0.1498732 0.9366913 0.1498732 0.9238299 0.1830833 0.8193328 0.4785597 0.9238299 0.1830833 0.9109686 0.2162934 0.8193328 0.4785597 0.9109686 0.2162934 0.8981071 0.2495035 0.8193328 0.4785597 0.8981071 0.2495035 0.8852457 0.2827136 0.8193328 0.4785597 0.8723843 0.3159237 0.8595228 0.3491338 0.8193328 0.4785597 0.8595228 0.3491338 0.8466615 0.3823438 0.8193328 0.4785597 0.8852457 0.2827136 0.8723843 0.3159237 0.8193328 0.4785597 0.8338 0.4155539 0.8209387 0.448764 0.8193328 0.4785597 0.9143564 0.3306618 0.9495527 0.3833369 0.75 0.00999999 0.75 0.00999999 0.7031784 0.01461154 0.7383747 0.06728655 0.75 0.00999999 0.7383747 0.06728655 0.773571 0.1199616 0.8791601 0.2779868 0.9143564 0.3306618 0.75 0.00999999 0.8087674 0.1726366 0.8439638 0.2253117 0.75 0.00999999 0.8439638 0.2253117 0.8791601 0.2779868 0.75 0.00999999 0 0 0 0 0 0 0 0 0 0 0 0 0 0 0 0 0 0 0 0 0.8723843 0.3159237 0.8852457 0.2827136 0 0 0.8595228 0.3491338 0.8723843 0.3159237 0.8595228 0.3491338 0 0 0 0 0 0 0.8852457 0.2827136 0.8981071 0.2495035 0 0 0.8981071 0.2495035 0.9109686 0.2162934 0 0 0 0 0.9109686 0.2162934 0 0 0 0 0.9238299 0.1830833 0 0 0 0 0 0 0 0 0 0 0 0 0 0 0 0 0 0 0 0 0.8080773 0.4819741 0 0 0.8080773 0.4819741 0.8209387 0.448764 0 0 0.8209387 0.448764 0 0 0 0 0 0 0 0 0.8209387 0.448764 0 0 0 0 0.658156 0.4717311 0 0 0 0 0.5802944 0.4197056 0 0 0.7968217 0.4853885 0.8080773 0.4819741 0 0 0.5504473 0.3833369 0.5802944 0.4197056 0.5802944 0.4197056 0.6166632 0.4495527 0 0 0.7968217 0.4853885 0 0 0.75 0.49 0.75 0.49 0 0 0.7031784 0.4853885 0.6166632 0.4495527 0.658156 0.4717311 0 0 0 0 0 0 0 0 0 0 0 0 0 0 0 0 0 0 0.5504473 0.1166631 0 0 0.5802944 0.08029437 0.5504473 0.1166631 0 0 0 0 0.5504473 0.3833369 0 0 0 0 0.51 0.25 0.5282689 0.1581559 0 0 0.5504473 0.1166631 0.5504473 0.3833369 0 0 0 0 0.5282689 0.341844 0.5504473 0.3833369 0 0 0 0 0.5282689 0.1581559 0.5146116 0.2031783 0 0 0.5146116 0.2031783 0.51 0.25 0.5146116 0.2968217 0.5282689 0.341844 0 0 0 0 0 0 0 0 0 0 0 0 0 0 0 0 0 0 0 0 0 0 0 0 0 0 0 0 0 0 0 0 0 0 0 0 0 0 0 0 0 0 0 0 0 0 0 0 0 0 0 0 0 0 0 0 0 0 0 0 0 0 0 0 0 0 0 0 0 0 0 0 0 0 0 0 0 0 0 0 0 0 0 0 0 0 0.5802944 0.08029437 0 0 0 0 0 0 0 0 0.6166632 0.05044728 0 0 0 0 0.6166632 0.05044728 0 0 0 0 0.6166632 0.05044728 0 0 0 0 0.6166632 0.05044728 0 0 0 0 0.6166632 0.05044728 0 0 0 0 0 0 0 0 0 0 0 0 0 0 0 0 0 0 0 0 0 0 0 0 0 0 0.9495527 0.3833369 0 0 0.9495527 0.3833369 0.9143564 0.3306618 0 0 0.8791601 0.2779868 0.8439638 0.2253117 0 0 0.8439638 0.2253117 0.8087674 0.1726366 0 0 0.8791601 0.2779868 0 0 0 0 0.9143564 0.3306618 0.8791601 0.2779868 0 0 0 0 0.9143564 0.3306618 0 0 0 0 0 0 0.8791601 0.2779868 0 0 0 0 0.7383747 0.06728655 0 0 0 0 0.8087674 0.1726366 0.7383747 0.06728655 0.7031784 0.01461154 0 0 0.773571 0.1199616 0.7383747 0.06728655 0 0 0 0 0 0 0 0 0 0 0 0 0 0 0 0 0 0 0 0 0 0 0 0 0 0 0 0 0 0 0 0 0 0 0 0 0 0 0 0 0 0 0 0 0 0 0 0 0 0 0 0 0 0 0 0 0 0 0 0 0 0 0 0 0 0 0 0 0 0 0 0 0 0 0 0 0 0 0 0 0 0 0 0 0 0 0 0 0 0 0 0 0 0 0 0 0 0 0 0 0 0 0 0 0 0 0 0 0 0 0 0 0 0 0 0 0 0 0 0 0 0 0 0 0 0 0 0 0 0 0 0 0 0 0 0 0 0 0 0 0 0 0 0 0 0 0 0 0 0 0 0 0 0 0 0 0 0 0 0 0 0 0 0 0 0 0 0 0 0 0 0 0 0 0 0 0 0 0 0 0 0 0 0 0 0 0 0 0 0 0 0 0 0 0 0 0 0 0 0 0 0 0 0 0 0 0 0 0 0 0 0 0 0 0 0 0 0 0 0 0 0 0 0 0 0 0 0 0 0 0 0 0 0 0 0 0 0 0 0 0 0 0 0 0 0 0 0 0 0 0 0 0 0 0 0 0 0 0 0 0 0 0 0 0 0 0 0 0 0 0 0 0 0 0 0 0 0 0 0 0 0 0 0 0 0 0 0 0 0 0 0 0 0 0 0 0 0 0 0 0 0 0 0 0 0 0 0 0 0 0 0 0 0 0 0 0 0 0 0 0 0 0 0 0 0 0 0 0 0 0 0 0 0 0 0 0 0 0 0 0 0 0 0 0 0 0 0 0 0 0 0 0 0 0 0 0 0 0 0 0 0 0 0 0 0 0 0 0 0 0 0 0 0 0 0 0 0 0 0 0 0 0 0 0 0 0 0 0 0 0 0 0 0 0 0 0 0 0 0 0 0 0 0 0 0 0 0 0 0 0 0 0 0 0 0 0 0 0 0 0 0 0 0 0 0 0 0 0.1214461 0.7220588 0.1399361 0.7220588 0.1875 0.7220588 0.1875 0.7220588 0.15625 0.7220588 0.1214461 0.7220588 0.15625 0.7220588 0.125 0.7220588 0.1001675 0.7220588 0.125 0.7220588 0.09375 0.7220588 0.07664865 0.7220588 0.09375 0.7220588 0.0625 0.7220588 0.07664865 0.7220588 0.0625 0.7220588 0.03125 0.7220588 0.02592813 0.7220588 0.03125 0.7220588 1 0.7220588 1 0.7220588 1 0.7220588 0 0 1 0.7220588 0 0 0.5625 0.7220588 0.170298 0.1229652 1 0.7220588 0 0 0.170298 0.1229652 0.5625 0.7220588 0 0 0 0 0 0 0 0 0 0 0 0 0 0 0 0 0 0 0 0 0 0 0 0 0 0 0 0 0 0 0 0 0 0 0 0 0 0 0 0 0 0 0 0 0 0 0 0 0 0 0 0 0 0 0 0 0 0 0 0 0 0 0 0 0 0 0 0 0 0 0 0 0 0 0 0 0 0 0.5625 0.7220588 0 0 0 0 0 0 0 0 0.5625 0.7220588 0 0 0.170298 0.1229652 0 0 1 0.7220588 1 0.7220588 1 0.7220588 0.03125 0.7220588 0.02592813 0.7220588 0.03125 0.7220588 0.0625 0.7220588 0.02592813 0.7220588 0.0625 0.7220588 0.09375 0.7220588 0.07664865 0.7220588 0.09375 0.7220588 0.125 0.7220588 0.1001675 0.7220588 0.125 0.7220588 0.15625 0.7220588 0.1001675 0.7220588 0.15625 0.7220588 0.1875 0.7220588 0.1214461 0.7220588 0.1001675 0.7220588 0.15625 0.7220588 0.1214461 0.7220588 0.1875 0.7220588 0.1399361 0.7220588 0.1214461 0.7220588 0.09375 0.7220588 0.1001675 0.7220588 0.07664865 0.7220588 0 0 1 0.7220588 0.170298 0.1229652 0 0 0 0 0 0 0 0 0 0 0 0 0 0 0 0 0 0 0.03125 0.7220588 1 0.7220588 0.02592813 0.7220588 0.15625 0.7220588 0.1001675 0.7220588 0.1214461 0.7220588 0.07664865 0.7220588 0.1001675 0.7220588 0.125 0.7220588 0.05164372 0.7220588 0.07664865 0.7220588 0.0625 0.7220588 0.0625 0.7220588 0.07664865 0.7220588 0.05164372 0.7220588 0.0625 0.7220588 0.05164372 0.7220588 0.02592813 0.7220588 0.02592813 0.7220588 0.05164372 0.7220588 0.0625 0.7220588 1 0.7220588 0.02592813 0.7220588 1 0.7220588 0.5625 0.7220588 0.170298 0.1229652 0 0 0 0 0.170298 0.1229652 0.5625 0.7220588 0 0 0 0 0.5625 0.7220588 0.5625 0.7220588 0 0 0 0 0 0 0 0 0 0 0 0 0 0 0 0 0 0 0 0 0 0 0.1518002 0.7220588 0.1399361 0.7220588 0.1875 0.7220588 0.1875 0.7220588 0.21875 0.7220588 0.1518002 0.7220588 0.21875 0.7220588 0.25 0.7220588 0.1558063 0.7220588 0.25 0.7220588 0.21875 0.7220588 0.1558063 0.7220588 0.21875 0.7220588 0.1875 0.7220588 0.1518002 0.7220588 0.1558063 0.7220588 0.21875 0.7220588 0.1518002 0.7220588 0.1875 0.7220588 0.1399361 0.7220588 0.1518002 0.7220588 0 0.7220588 0 0.7220475 0.03125 0.7220477 0.03125 0.7220588 0.03125 0.7220477 0.0625 0.7220476 0.0625 0.7220588 0.0625 0.7220476 0.09375 0.7220476 0.09375 0.7220588 0.09375 0.7220476 0.125 0.7220476 0.125 0.7220588 0.125 0.7220476 0.15625 0.7220476 0.15625 0.7220588 0.15625 0.7220476 0.1875 0.7220476 0.1875 0.7220588 0.1875 0.7220476 0.21875 0.7220476 0.21875 0.7220588 0.21875 0.7220476 0.25 0.7220476 0.25 0.7220588 0.25 0.7220476 0.28125 0.7220476 0.28125 0.7220588 0.28125 0.7220476 0.3125 0.7220475 0.3125 0.7220588 0.3125 0.7220475 0.34375 0.7220476 0.34375 0.7220588 0.34375 0.7220476 0.375 0.7220476 0.40625 0.7220588 0.375 0.7220588 0.375 0.7220476 0.4375 0.7220588 0.40625 0.7220588 0.40625 0.7220478 0.46875 0.7220588 0.4375 0.7220588 0.4375 0.7220477 0.5 0.7220588 0.46875 0.7220588 0.46875 0.7220475 0.53125 0.7220588 0.5 0.7220588 0.5 0.7220475 0.5625 0.7220588 0.53125 0.7220588 0.53125 0.7220477 0.59375 0.7220588 0.5625 0.7220588 0.5625 0.7220478 0.625 0.7220588 0.59375 0.7220588 0.59375 0.7220476 0.625 0.7220588 0.625 0.7220476 0.65625 0.7220476 0.65625 0.7220588 0.65625 0.7220476 0.6875 0.7220476 0.6875 0.7220588 0.6875 0.7220476 0.71875 0.7220476 0.71875 0.7220588 0.71875 0.7220476 0.75 0.7220476 0.75 0.7220588 0.75 0.7220476 0.78125 0.7220476 0.78125 0.7220588 0.78125 0.7220476 0.8125 0.7220476 0.8437485 0.7220476 0.84375 0.7220475 0.84375 0.7220588 0.84375 0.7220588 0.8125 0.7220588 0.8437485 0.7220476 0.84375 0.7220588 0.84375 0.7220475 0.875 0.7220476 0.875 0.7220588 0.875 0.7220476 0.90625 0.7220478 0.90625 0.7220588 0.90625 0.7220478 0.9375001 0.7220477 0.9375 0.7220588 0.9375001 0.7220477 0.9687501 0.7220475 0.96875 0.7220588 0.9687501 0.7220475 1 0.7220475 0.96875 1 0.96875 0.7220588 1 0.7220588 0.96875 0.7220588 1 0.7220588 1 0.7220588 0.9375 1 0.9375 0.7220588 0.96875 0.7220588 0.9375 0.7220588 0.96875 0.7220588 0.96875 0.7220588 0.90625 1 0.90625 0.7220588 0.9375 0.7220588 0.90625 0.7220588 0.9375 0.7220588 0.9375 0.7220588 0.875 1 0.875 0.7220588 0.90625 0.7220588 0.875 0.7220588 0.90625 0.7220588 0.90625 0.7220588 0.875 1 0.84375 1 0.84375 0.7220588 0.84375 0.7220588 0.875 0.7220588 0.875 0.7220588 0.84375 1 0.8125 1 0.8125 0.7220588 0.8125 0.7220588 0.84375 0.7220588 0.84375 0.7220588 0.8125 1 0.78125 1 0.78125 0.7220588 0.78125 0.7220588 0.8125 0.7220588 0.8125 0.7220588 0.75 1 0.75 0.7220588 0.78125 0.7220588 0.75 0.7220588 0.78125 0.7220588 0.78125 0.7220588 0.71875 1 0.71875 0.7220588 0.75 0.7220588 0.71875 0.7220588 0.75 0.7220588 0.75 0.7220588 0.71875 1 0.6875 1 0.6875 0.7220588 0.6875 0.7220588 0.71875 0.7220588 0.71875 0.7220588 0.6875 1 0.65625 1 0.65625 0.7220588 0.65625 0.7220588 0.6875 0.7220588 0.6875 0.7220588 0.65625 1 0.625 1 0.625 0.7220588 0.625 0.7220588 0.65625 0.7220588 0.65625 0.7220588 0.625 1 0.59375 1 0.59375 0.7220588 0.59375 0.7220588 0.625 0.7220588 0.625 0.7220588 0.59375 1 0.5625 1 0.5625 0.7220588 0.5625 0.7220588 0.59375 0.7220588 0.59375 0.7220588 0.5625 1 0.53125 1 0.53125 0.7220588 0.53125 0.7220588 0.5625 0.7220588 0.5625 0.7220588 0.53125 1 0.5 1 0.5 0.7220588 0.5 0.7220588 0.53125 0.7220588 0.53125 0.7220588 0.5 1 0.46875 1 0.46875 0.7220588 0.46875 0.7220588 0.5 0.7220588 0.5 0.7220588 0.46875 1 0.4375 1 0.4374998 0.7220588 0.4375 0.7220588 0.46875 0.7220588 0.46875 0.7220588 0.4375 1 0.40625 1 0.40625 0.7220588 0.40625 0.7220588 0.4375 0.7220588 0.4374998 0.7220588 0.40625 1 0.375 1 0.3749999 0.7220588 0.375 0.7220588 0.40625 0.7220588 0.40625 0.7220588 0.34375 1 0.34375 0.7220588 0.3749999 0.7220588 0.34375 0.7220588 0.375 0.7220588 0.3749999 0.7220588 0.3125 1 0.3125 0.7220588 0.34375 0.7220588 0.3125 0.7220588 0.34375 0.7220588 0.34375 0.7220588 0.28125 1 0.28125 0.7220588 0.3125 0.7220588 0.28125 0.7220588 0.3125 0.7220588 0.3125 0.7220588 0.25 1 0.25 0.7220588 0.28125 0.7220588 0.25 0.7220588 0.28125 0.7220588 0.28125 0.7220588 0.21875 1 0.21875 0.7220588 0.25 0.7220588 0.21875 0.7220588 0.25 0.7220588 0.25 0.7220588 0.1875 1 0.1875 0.7220588 0.21875 0.7220588 0.1875 0.7220588 0.21875 0.7220588 0.21875 0.7220588 0.15625 1 0.15625 0.7220588 0.1875 0.7220588 0.15625 0.7220588 0.1875 0.7220588 0.1875 0.7220588 0.125 1 0.1249999 0.7220588 0.15625 0.7220588 0.125 0.7220588 0.15625 0.7220588 0.15625 0.7220588 0.09375 1 0.09374988 0.7220588 0.1249999 0.7220588 0.09375 0.7220588 0.125 0.7220588 0.1249999 0.7220588 0.0625 1 0.0625 0.7220588 0.09374988 0.7220588 0.0625 0.7220588 0.09375 0.7220588 0.09374988 0.7220588 0.03125 1 0.03125 0.7220588 0.0625 0.7220588 0.03125 0.7220588 0.0625 0.7220588 0.0625 0.7220588 0 1 0 0.7220588 0.03125 0.7220588 0 0.7220588 0.03125 0.7220588 0.03125 0.7220588 0.71875 1 0.71875 1 0.6875 1 0.71875 1 0.71875 1 0.6875 1 0.71875 1 0.71875 1 0.6875 1 0.71875 1 0.71875 1 0.6875 1 0.6875 1 0.71875 1 0.71875 1 0.6875 1 0.71875 1 0.71875 1 0.6875 1 0.71875 1 0.71875 1 0.71875 1 0.71875 1 0.6875001 1 0.6875001 1 0.71875 1 0.71875 1 0.6875001 1 0.71875 1 0.71875 1 0.6875001 1 0.71875 1 0.71875 1 0.71875 1 0.71875 1 0.6875001 1 0.6875001 1 0.71875 1 0.71875 1 0.90625 1 0.90625 1 0.875 1 0.90625 1 0.90625 1 0.875 1 0.90625 1 0.90625 1 0.875 1 0.90625 1 0.90625 1 0.875 1 0.875 1 0.90625 1 0.90625 1 0.875 1 0.90625 1 0.90625 1 0.875 1 0.90625 1 0.90625 1 0.90625 1 0.90625 1 0.875 1 0.875 1 0.90625 1 0.90625 1 0.875 1 0.90625 1 0.90625 1 0.8749999 1 0.90625 1 0.90625 1 0.90625 1 0.90625 1 0.8749999 1 0.8749999 1 0.90625 1 0.90625 1 0.21875 1 0.21875 1 0.1875 1 0.21875 1 0.21875 1 0.1875 1 0.21875 1 0.21875 1 0.1875 1 0.1875 1 0.21875 1 0.21875 1 0.21875 1 0.21875 1 0.1875 1 0.21875 1 0.21875 1 0.1875 1 0.21875 1 0.21875 1 0.1875 1 0.1875 1 0.21875 1 0.21875 1 0.21875 1 0.21875 1 0.1875 1 0.21875 1 0.21875 1 0.1875 1 0.21875 1 0.21875 1 0.1875 1 0.1875 1 0.21875 1 0.21875 1 0.21875 1 0.21875 1 0.1875 1 0.40625 1 0.40625 1 0.375 1 0.40625 1 0.40625 1 0.375 1 0.40625 1 0.40625 1 0.375 1 0.375 1 0.40625 1 0.40625 1 0.40625 1 0.40625 1 0.375 1 0.40625 1 0.40625 1 0.375 1 0.40625 1 0.40625 1 0.375 1 0.375 1 0.40625 1 0.40625 1 0.40625 1 0.40625 1 0.375 1 0.40625 1 0.40625 1 0.375 1 0.40625 1 0.40625 1 0.375 1 0.375 1 0.40625 1 0.40625 1 0.40625 1 0.40625 1 0.375 1 0.59375 1 0.59375 1 0.5625 1 0.59375 1 0.59375 1 0.5625 1 0.59375 1 0.59375 1 0.5625 1 0.59375 1 0.59375 1 0.5625 1 0.5625 1 0.59375 1 0.59375 1 0.5625 1 0.59375 1 0.59375 1 0.59375 1 0.59375 1 0.5625 1 0.59375 1 0.59375 1 0.5625 1 0.5625 1 0.59375 1 0.59375 1 0.5625 1 0.59375 1 0.59375 1 0.5625 1 0.59375 1 0.5937501 1 0.5937501 1 0.59375 1 0.5625 1 0.5625 1 0.59375 1 0.59375 1 0.0625 1 0.0625 1 0.03125 1 0.0625 1 0.0625 1 0.03125 1 0.0625 1 0.0625 1 0.03125 1 0.03125 1 0.0625 1 0.0625 1 0.0625 1 0.0625 1 0.03125 1 0.0625 1 0.0625 1 0.03125 1 0.0625 1 0.0625 1 0.03125 1 0.03125 1 0.0625 1 0.0625 1 0.0625 1 0.0625 1 0.03125 1 0.0625 1 0.0625 1 0.03125 1 0.0625 1 0.0625 1 0.03125 1 0.03125 1 0.0625 1 0.0625 1 0.0625 1 0.0625 1 0.03125 1 0.34375 1 0.34375 1 0.3125 1 0.34375 1 0.34375 1 0.3125 1 0.34375 1 0.34375 1 0.3125 1 0.3125 1 0.34375 1 0.34375 1 0.34375 1 0.34375 1 0.3125 1 0.34375 1 0.34375 1 0.3125 1 0.34375 1 0.34375 1 0.3125 1 0.3125 1 0.34375 1 0.34375 1 0.34375 1 0.34375 1 0.3125 1 0.34375 1 0.34375 1 0.3125 1 0.34375 1 0.34375 1 0.3125 1 0.3125 1 0.34375 1 0.34375 1 0.34375 1 0.34375 1 0.3125 1 0.9375 1 0.9375 1 0.90625 1 0.9375 1 0.9375 1 0.90625 1 0.9375 1 0.9375 1 0.90625 1 0.9375 1 0.9375 1 0.90625 1 0.90625 1 0.9375 1 0.9375 1 0.90625 1 0.9375 1 0.9375 1 0.90625 1 0.9375 1 0.9374999 1 0.9374999 1 0.9374999 1 0.90625 1 0.90625 1 0.9374999 1 0.9374998 1 0.90625 1 0.9374998 1 0.9374998 1 0.90625 1 0.9374998 1 0.9374999 1 0.9374999 1 0.9374999 1 0.90625 1 0.90625 1 0.9374999 1 0.9374999 1 0.46875 1 0.46875 1 0.4375 1 0.46875 1 0.46875 1 0.4375 1 0.46875 1 0.46875 1 0.4375 1 0.4375 1 0.46875 1 0.46875 1 0.46875 1 0.46875 1 0.4375 1 0.46875 1 0.46875 1 0.4375 1 0.46875 1 0.46875 1 0.4375 1 0.4375 1 0.46875 1 0.46875 1 0.46875 1 0.4687499 1 0.4375 1 0.4687499 1 0.4687499 1 0.4375 1 0.4687499 1 0.46875 1 0.4375 1 0.4375 1 0.46875 1 0.46875 1 0.46875 1 0.46875 1 0.4375 1 0.3125 1 0.3125 1 0.28125 1 0.3125 1 0.3125 1 0.28125 1 0.3125 1 0.3125 1 0.28125 1 0.28125 1 0.3125 1 0.3125 1 0.3125 1 0.3125 1 0.28125 1 0.3125 1 0.3125 1 0.28125 1 0.3125 1 0.3125 1 0.28125 1 0.28125 1 0.3125 1 0.3125 1 0.3125 1 0.3125 1 0.28125 1 0.3125 1 0.3125 1 0.28125 1 0.3125 1 0.3125 1 0.28125 1 0.28125 1 0.3125 1 0.3125 1 0.3125 1 0.3125 1 0.28125 1 0.03125 1 0.03125 1 0 1 0.03125 1 0.03125 1 0 1 0.03125 1 0.03125 1 0 1 0 1 0.03125 1 0.03125 1 0.03125 1 0.03125 1 0 1 0.03125 1 0.03125 1 0 1 0.03125 1 0.03125 1 0 1 0 1 0.03125 1 0.03125 1 0.03125 1 0.03125 1 0 1 0.03125 1 0.03125 1 0 1 0.03125 1 0.03125 1 0 1 0 1 0.03125 1 0.03125 1 0.03125 1 0.03125 1 0 1 0.5625 1 0.5625 1 0.53125 1 0.5625 1 0.5625 1 0.53125 1 0.5625 1 0.5625 1 0.53125 1 0.5625 1 0.5625 1 0.53125 1 0.53125 1 0.5625 1 0.5625 1 0.53125 1 0.5625 1 0.5625 1 0.53125 1 0.5625 1 0.5625 1 0.5625 1 0.5625 1 0.53125 1 0.53125 1 0.5625 1 0.5625 1 0.53125 1 0.5625 1 0.5625 1 0.53125 1 0.5625 1 0.5625 1 0.5625 1 0.5625 1 0.53125 1 0.53125 1 0.5625 1 0.5625 1 0.25 1 0.25 1 0.21875 1 0.25 1 0.25 1 0.21875 1 0.25 1 0.25 1 0.21875 1 0.21875 1 0.25 1 0.25 1 0.25 1 0.25 1 0.21875 1 0.25 1 0.25 1 0.21875 1 0.25 1 0.25 1 0.21875 1 0.21875 1 0.25 1 0.25 1 0.25 1 0.25 1 0.21875 1 0.25 1 0.25 1 0.21875 1 0.25 1 0.25 1 0.21875 1 0.21875 1 0.25 1 0.25 1 0.25 1 0.25 1 0.21875 1 0.8125 1 0.8125 1 0.7812501 1 0.8125 1 0.8125 1 0.7812501 1 0.8125 1 0.8125001 1 0.7812501 1 0.8125001 1 0.8125001 1 0.7812501 1 0.7812501 1 0.8125001 1 0.8125 1 0.7812501 1 0.8125 1 0.8125 1 0.7812501 1 0.8125 1 0.8125 1 0.8125 1 0.8125 1 0.7812501 1 0.7812501 1 0.8125 1 0.8125 1 0.7812501 1 0.8125 1 0.8125 1 0.7812501 1 0.8125 1 0.8125001 1 0.8125001 1 0.8125001 1 0.7812501 1 0.7812501 1 0.8125001 1 0.8125001 1 0.75 1 0.75 1 0.71875 1 0.75 1 0.75 1 0.71875 1 0.75 1 0.75 1 0.71875 1 0.75 1 0.75 1 0.71875 1 0.71875 1 0.75 1 0.75 1 0.71875 1 0.75 1 0.75 1 0.71875 1 0.75 1 0.75 1 0.75 1 0.75 1 0.71875 1 0.71875 1 0.75 1 0.75 1 0.71875 1 0.75 1 0.75 1 0.71875 1 0.75 1 0.75 1 0.75 1 0.75 1 0.71875 1 0.71875 1 0.75 1 0.75 1 0.40625 1 0.4375 1 0.4375 1 0.40625 1 0.4375 1 0.4375 1 0.40625 1 0.4375 1 0.4375 1 0.40625 1 0.4375 1 0.4375 1 0.4375 1 0.4375 1 0.40625 1 0.4375 1 0.4375 1 0.40625 1 0.4375 1 0.4375 1 0.40625 1 0.40625 1 0.4375 1 0.4375 1 0.4375 1 0.4375 1 0.40625 1 0.4375 1 0.4375 1 0.40625 1 0.4375 1 0.4375 1 0.40625 1 0.40625 1 0.4375 1 0.4375 1 0.4375 1 0.4375 1 0.40625 1 0.875 1 0.875 1 0.84375 1 0.875 1 0.875 1 0.84375 1 0.875 1 0.875 1 0.84375 1 0.875 1 0.875 1 0.84375 1 0.84375 1 0.875 1 0.875 1 0.84375 1 0.875 1 0.875 1 0.84375 1 0.875 1 0.875 1 0.875 1 0.875 1 0.84375 1 0.84375 1 0.875 1 0.875 1 0.84375 1 0.875 1 0.8749999 1 0.84375 1 0.8749999 1 0.8749999 1 0.8749999 1 0.8749999 1 0.84375 1 0.84375 1 0.8749999 1 0.8749999 1 0.6875 1 0.6875 1 0.65625 1 0.6875 1 0.6875 1 0.65625 1 0.6875 1 0.6875 1 0.65625 1 0.6875 1 0.6875 1 0.65625 1 0.65625 1 0.6875 1 0.6875 1 0.65625 1 0.6875 1 0.6875 1 0.65625 1 0.6875 1 0.6875 1 0.6875 1 0.6875001 1 0.65625 1 0.65625 1 0.6875001 1 0.6875001 1 0.6562499 1 0.6875001 1 0.6875001 1 0.6562499 1 0.6875001 1 0.6875001 1 0.6875001 1 0.6875001 1 0.65625 1 0.65625 1 0.6875001 1 0.6875001 1 0.15625 1 0.15625 1 0.125 1 0.15625 1 0.15625 1 0.125 1 0.15625 1 0.15625 1 0.125 1 0.125 1 0.15625 1 0.15625 1 0.15625 1 0.15625 1 0.125 1 0.15625 1 0.15625 1 0.125 1 0.15625 1 0.15625 1 0.125 1 0.125 1 0.15625 1 0.15625 1 0.15625 1 0.15625 1 0.125 1 0.15625 1 0.15625 1 0.125 1 0.15625 1 0.15625 1 0.125 1 0.125 1 0.15625 1 0.15625 1 0.15625 1 0.15625 1 0.125 1 1 1 1 1 0.96875 1 1 1 1 1 0.96875 1 1 1 1 1 0.96875 1 1 1 1 1 0.96875 1 0.96875 1 1 1 1 1 0.9687501 1 1 1 1 1 0.96875 1 1 1 1 1 1 1 1 1 0.9687501 1 0.9687501 1 1 1 1 1 0.96875 1 1 1 1 1 0.96875 1 1 1 1 1 1 1 1 1 0.96875 1 0.96875 1 1 1 1 1 0.15625 1 0.1875 1 0.1875 1 0.15625 1 0.1875 1 0.1875 1 0.15625 1 0.1875 1 0.1875 1 0.15625 1 0.1875 1 0.1875 1 0.1875 1 0.1875 1 0.15625 1 0.1875 1 0.1875 1 0.15625 1 0.1875 1 0.1875 1 0.15625 1 0.15625 1 0.1875 1 0.1875 1 0.1875 1 0.1875 1 0.15625 1 0.1875 1 0.1875 1 0.15625 1 0.1875 1 0.1875 1 0.15625 1 0.15625 1 0.1875 1 0.1875 1 0.1875 1 0.1875 1 0.15625 1 0.25 1 0.28125 1 0.28125 1 0.25 1 0.28125 1 0.28125 1 0.25 1 0.28125 1 0.28125 1 0.25 1 0.28125 1 0.28125 1 0.28125 1 0.28125 1 0.25 1 0.28125 1 0.28125 1 0.25 1 0.28125 1 0.28125 1 0.25 1 0.25 1 0.28125 1 0.28125 1 0.28125 1 0.28125 1 0.25 1 0.28125 1 0.28125 1 0.25 1 0.28125 1 0.28125 1 0.25 1 0.25 1 0.28125 1 0.28125 1 0.28125 1 0.28125 1 0.25 1 0.125 1 0.125 1 0.09375 1 0.125 1 0.125 1 0.09375 1 0.125 1 0.125 1 0.09375 1 0.09375 1 0.125 1 0.125 1 0.125 1 0.125 1 0.09375 1 0.125 1 0.125 1 0.09375 1 0.125 1 0.125 1 0.09375 1 0.09375 1 0.125 1 0.125 1 0.125 1 0.125 1 0.09375 1 0.125 1 0.125 1 0.09375 1 0.125 1 0.125 1 0.09375 1 0.09375 1 0.125 1 0.125 1 0.125 1 0.125 1 0.09375 1 0.0625 1 0.09375 1 0.09375 1 0.0625 1 0.09375 1 0.09375 1 0.0625 1 0.09375 1 0.09375 1 0.0625 1 0.09375 1 0.09375 1 0.09375 1 0.09375 1 0.0625 1 0.0625 1 0.09375 1 0.09375 1 0.09375 1 0.09375 1 0.0625 1 0.0625 1 0.09375 1 0.09375 1 0.09375 1 0.09375 1 0.0625 1 0.09375 1 0.09375 1 0.0625 1 0.09375 1 0.09375 1 0.0625 1 0.0625 1 0.09375 1 0.09375 1 0.09375 1 0.09375 1 0.0625 1 0.53125 1 0.53125 1 0.5 1 0.53125 1 0.53125 1 0.5 1 0.53125 1 0.53125 1 0.5 1 0.53125 1 0.53125 1 0.5 1 0.5 1 0.53125 1 0.53125 1 0.5 1 0.53125 1 0.53125 1 0.5 1 0.53125 1 0.53125 1 0.53125 1 0.53125 1 0.5 1 0.5 1 0.53125 1 0.53125 1 0.5 1 0.53125 1 0.53125 1 0.5 1 0.53125 1 0.53125 1 0.53125 1 0.53125 1 0.5 1 0.5 1 0.53125 1 0.53125 1 0.625 1 0.625 1 0.59375 1 0.625 1 0.625 1 0.59375 1 0.625 1 0.625 1 0.59375 1 0.625 1 0.625 1 0.59375 1 0.59375 1 0.625 1 0.625 1 0.59375 1 0.625 1 0.625 1 0.59375 1 0.625 1 0.625 1 0.625 1 0.625 1 0.59375 1 0.59375 1 0.625 1 0.625 1 0.59375 1 0.625 1 0.625 1 0.59375 1 0.625 1 0.625 1 0.625 1 0.625 1 0.59375 1 0.59375 1 0.625 1 0.625 1 0.8125 1 0.84375 1 0.84375 1 0.8125 1 0.84375 1 0.84375 1 0.8125 1 0.84375 1 0.84375 1 0.84375 1 0.84375 1 0.8125001 1 0.8125001 1 0.84375 1 0.84375 1 0.8125 1 0.84375 1 0.84375 1 0.8125 1 0.84375 1 0.84375 1 0.84375 1 0.84375 1 0.8125 1 0.8125 1 0.84375 1 0.84375 1 0.8125 1 0.84375 1 0.84375 1 0.8125 1 0.84375 1 0.84375 1 0.84375 1 0.84375 1 0.8125001 1 0.8125001 1 0.84375 1 0.84375 1 0.75 1 0.78125 1 0.7812501 1 0.75 1 0.7812501 1 0.7812501 1 0.75 1 0.7812501 1 0.7812501 1 0.7812501 1 0.7812501 1 0.75 1 0.75 1 0.7812501 1 0.7812501 1 0.75 1 0.7812501 1 0.7812501 1 0.75 1 0.7812501 1 0.7812501 1 0.7812501 1 0.7812501 1 0.75 1 0.75 1 0.7812501 1 0.7812501 1 0.75 1 0.7812501 1 0.7812501 1 0.75 1 0.7812501 1 0.7812501 1 0.7812501 1 0.7812501 1 0.75 1 0.75 1 0.7812501 1 0.7812501 1 0.34375 1 0.375 1 0.375 1 0.34375 1 0.375 1 0.375 1 0.34375 1 0.375 1 0.375 1 0.34375 1 0.375 1 0.375 1 0.375 1 0.375 1 0.34375 1 0.375 1 0.375 1 0.34375 1 0.375 1 0.375 1 0.34375 1 0.34375 1 0.375 1 0.375 1 0.375 1 0.375 1 0.34375 1 0.375 1 0.375 1 0.34375 1 0.375 1 0.375 1 0.34375 1 0.34375 1 0.375 1 0.375 1 0.375 1 0.375 1 0.34375 1 0.9375 1 0.96875 1 0.96875 1 0.9375 1 0.96875 1 0.96875 1 0.9375 1 0.96875 1 0.96875 1 0.96875 1 0.96875 1 0.9375 1 0.9375 1 0.96875 1 0.9687501 1 0.9375 1 0.9687501 1 0.96875 1 0.9375 1 0.96875 1 0.96875 1 0.96875 1 0.9687501 1 0.9374999 1 0.9374999 1 0.9687501 1 0.96875 1 0.9374998 1 0.96875 1 0.96875 1 0.9374998 1 0.96875 1 0.96875 1 0.96875 1 0.96875 1 0.9374999 1 0.9374999 1 0.96875 1 0.96875 1 0.625 1 0.65625 1 0.65625 1 0.625 1 0.65625 1 0.65625 1 0.625 1 0.65625 1 0.65625 1 0.65625 1 0.65625 1 0.625 1 0.625 1 0.65625 1 0.65625 1 0.625 1 0.65625 1 0.65625 1 0.625 1 0.65625 1 0.65625 1 0.65625 1 0.65625 1 0.625 1 0.625 1 0.65625 1 0.6562499 1 0.625 1 0.6562499 1 0.6562499 1 0.625 1 0.6562499 1 0.65625 1 0.65625 1 0.65625 1 0.625 1 0.625 1 0.65625 1 0.65625 1 0.46875 1 0.5 1 0.5 1 0.46875 1 0.5 1 0.5 1 0.46875 1 0.5 1 0.5 1 0.46875 1 0.5 1 0.5 1 0.46875 1 0.5 1 0.5 1 0.46875 1 0.5 1 0.5 1 0.46875 1 0.5 1 0.5 1 0.46875 1 0.5 1 0.5 1 0.46875 1 0.5 1 0.5 1 0.4687499 1 0.5 1 0.5 1 0.4687499 1 0.5 1 0.5 1 0.46875 1 0.5 1 0.5 1 0.5 1 0.5 1 0.46875 1 0 0 0 0 0 0 0 0 0 0 0 0 0 0 0 0 0 0 0 0 0 0 0 0 0 0 0 0 0 0 0 0 0 0 0 0 0 0 0 0 0 0 0 0 0 0 0 0 0 0 0 0 0 0 0 0 0 0 0 0 0 0 0 0 0 0 0 0 0 0 0 0 0 0 0 0 0 0 0 0 0 0 0 0 0 0 0 0 0 0 0 0 0 0 0 0 0 0 0 0 0 0 0 0 0 0 0 0 0 0 0 0 0 0 0 0 0 0 0 0 0 0 0 0 0 0 0 0 0 0 0 0 0 0 0 0 0 0 0 0 0 0 0 0 0 0 0 0 0 0 0 0 0 0 0 0 0 0 0 0 0 0 0 0 0 0 0 0 0 0 0 0 0 0 0 0 0 0 0 0 0 0 0 0 0 0 0 0 0 0 0 0 0 0 0 0 0 0 0 0 0 0 0 0 0 0 0 0 0 0 0 0 0 0 0 0 0 0 0 0 0 0 0 0 0 0 0 0 0 0 0 0 0 0 0 0 0 0 0 0</float_array>
          <technique_common>
            <accessor source="#Cube_002-mesh-map-0-array" count="10428" stride="2">
              <param name="S" type="float"/>
              <param name="T" type="float"/>
            </accessor>
          </technique_common>
        </source>
        <vertices id="Cube_002-mesh-vertices">
          <input semantic="POSITION" source="#Cube_002-mesh-positions"/>
        </vertices>
        <triangles count="3476">
          <input semantic="VERTEX" source="#Cube_002-mesh-vertices" offset="0"/>
          <input semantic="NORMAL" source="#Cube_002-mesh-normals" offset="1"/>
          <input semantic="TEXCOORD" source="#Cube_002-mesh-map-0" offset="2" set="0"/>
          <p>495 0 0 259 0 1 225 0 2 107 1 3 210 1 4 17 1 5 227 2 6 128 2 7 64 2 8 384 3 9 1218 3 10 1216 3 11 1241 4 12 110 4 13 1240 4 14 355 5 15 107 5 16 199 5 17 575 6 18 280 6 19 259 6 20 565 7 21 304 7 22 280 7 23 555 8 24 314 8 25 304 8 26 545 9 27 324 9 28 314 9 29 324 10 30 525 10 31 334 10 32 525 11 33 344 11 34 334 11 35 282 12 36 149 12 37 139 12 38 394 13 39 69 13 40 130 13 41 404 14 42 130 14 43 140 14 44 414 15 45 140 15 46 150 15 47 424 16 48 150 16 49 160 16 50 434 17 51 160 17 52 170 17 53 444 18 54 170 18 55 180 18 56 454 19 57 180 19 58 190 19 59 464 20 60 190 20 61 200 20 62 384 21 63 200 21 64 110 21 65 515 22 66 354 22 67 344 22 68 262 23 69 139 23 70 128 23 71 305 24 72 159 24 73 149 24 74 315 25 75 169 25 76 159 25 77 325 26 78 179 26 79 169 26 80 335 27 81 189 27 82 179 27 83 345 28 84 199 28 85 189 28 86 395 29 87 564 29 88 574 29 89 465 30 90 484 30 91 504 30 92 455 31 93 504 31 94 514 31 95 445 32 96 514 32 97 524 32 98 435 33 99 524 33 100 534 33 101 425 34 102 534 34 103 544 34 104 415 35 105 544 35 106 554 35 107 405 36 108 554 36 109 564 36 110 1021 37 111 1025 37 112 1002 37 113 375 38 114 574 38 115 494 38 116 130 39 117 104 39 118 138 39 119 138 40 120 101 40 121 137 40 122 137 41 123 97 41 124 136 41 125 136 42 126 93 42 127 135 42 128 135 43 129 89 43 130 134 43 131 89 44 132 133 44 133 134 44 134 86 45 135 132 45 136 133 45 137 83 46 138 131 46 139 132 46 140 78 47 141 128 47 142 131 47 143 140 48 144 138 48 145 148 48 146 148 49 147 137 49 148 147 49 149 147 50 150 136 50 151 146 50 152 146 51 153 135 51 154 145 51 155 135 52 156 144 52 157 145 52 158 134 53 159 143 53 160 144 53 161 133 54 162 142 54 163 143 54 164 132 55 165 141 55 166 142 55 167 131 56 168 139 56 169 141 56 170 150 57 171 148 57 172 158 57 173 158 58 174 147 58 175 157 58 176 157 59 177 146 59 178 156 59 179 156 60 180 145 60 181 155 60 182 145 61 183 154 61 184 155 61 185 144 62 186 153 62 187 154 62 188 143 63 189 152 63 190 153 63 191 142 64 192 151 64 193 152 64 194 141 65 195 149 65 196 151 65 197 160 66 198 158 66 199 168 66 200 168 67 201 157 67 202 167 67 203 167 68 204 156 68 205 166 68 206 166 69 207 155 69 208 165 69 209 155 70 210 164 70 211 165 70 212 154 71 213 163 71 214 164 71 215 153 72 216 162 72 217 163 72 218 152 73 219 161 73 220 162 73 221 151 74 222 159 74 223 161 74 224 170 75 225 168 75 226 178 75 227 178 76 228 167 76 229 177 76 230 177 77 231 166 77 232 176 77 233 176 78 234 165 78 235 175 78 236 165 79 237 174 79 238 175 79 239 164 80 240 173 80 241 174 80 242 163 81 243 172 81 244 173 81 245 162 82 246 171 82 247 172 82 248 161 83 249 169 83 250 171 83 251 180 84 252 178 84 253 188 84 254 188 85 255 177 85 256 187 85 257 187 86 258 176 86 259 186 86 260 186 87 261 175 87 262 185 87 263 185 88 264 174 88 265 184 88 266 174 89 267 183 89 268 184 89 269 173 90 270 182 90 271 183 90 272 172 91 273 181 91 274 182 91 275 171 92 276 179 92 277 181 92 278 190 93 279 188 93 280 198 93 281 198 94 282 187 94 283 197 94 284 197 95 285 186 95 286 196 95 287 196 96 288 185 96 289 195 96 290 195 97 291 184 97 292 194 97 293 184 98 294 193 98 295 194 98 296 183 99 297 192 99 298 193 99 299 182 100 300 191 100 301 192 100 302 181 101 303 189 101 304 191 101 305 200 102 306 198 102 307 208 102 308 208 103 309 197 103 310 207 103 311 207 104 312 196 104 313 206 104 314 206 105 315 195 105 316 205 105 317 195 106 318 204 106 319 205 106 320 194 107 321 203 107 322 204 107 323 193 108 324 202 108 325 203 108 326 192 109 327 201 109 328 202 109 329 191 110 330 199 110 331 201 110 332 110 111 333 208 111 334 126 111 335 126 112 336 207 112 337 124 112 338 124 113 339 206 113 340 122 113 341 122 114 342 205 114 343 120 114 344 120 115 345 204 115 346 118 115 347 204 116 348 116 116 349 118 116 350 203 117 351 114 117 352 116 117 353 202 118 354 112 118 355 114 118 356 201 119 357 107 119 358 112 119 359 11 120 360 126 120 361 25 120 362 25 121 363 124 121 364 31 121 365 31 122 366 122 122 367 37 122 368 37 123 369 120 123 370 39 123 371 120 124 372 42 124 373 39 124 374 118 125 375 46 125 376 42 125 377 116 126 378 50 126 379 46 126 380 114 127 381 56 127 382 50 127 383 112 128 384 17 128 385 56 128 386 373 129 387 364 129 388 369 129 389 56 130 390 11 130 391 39 130 392 221 131 393 222 131 394 212 131 395 476 132 396 480 132 397 482 132 398 364 133 399 474 133 400 475 133 401 210 134 402 11 134 403 17 134 404 259 135 405 229 135 406 225 135 407 263 136 408 230 136 409 229 136 410 265 137 411 231 137 412 230 137 413 267 138 414 232 138 415 231 138 416 232 139 417 271 139 418 233 139 419 233 140 420 273 140 421 235 140 422 235 141 423 276 141 424 236 141 425 236 142 426 277 142 427 238 142 428 238 143 429 262 143 430 227 143 431 280 144 432 263 144 433 259 144 434 283 145 435 265 145 436 263 145 437 286 146 438 267 146 439 265 146 440 290 147 441 269 147 442 267 147 443 269 148 444 296 148 445 271 148 446 271 149 447 301 149 448 273 149 449 273 150 450 302 150 451 276 150 452 276 151 453 303 151 454 277 151 455 277 152 456 282 152 457 262 152 458 304 153 459 283 153 460 280 153 461 306 154 462 286 154 463 283 154 464 307 155 465 290 155 466 286 155 467 308 156 468 292 156 469 290 156 470 292 157 471 310 157 472 296 157 473 296 158 474 311 158 475 301 158 476 301 159 477 312 159 478 302 159 479 302 160 480 313 160 481 303 160 482 303 161 483 305 161 484 282 161 485 314 162 486 306 162 487 304 162 488 316 163 489 307 163 490 306 163 491 317 164 492 308 164 493 307 164 494 318 165 495 309 165 496 308 165 497 309 166 498 320 166 499 310 166 500 310 167 501 321 167 502 311 167 503 311 168 504 322 168 505 312 168 506 312 169 507 323 169 508 313 169 509 313 170 510 315 170 511 305 170 512 324 171 513 316 171 514 314 171 515 326 172 516 317 172 517 316 172 518 327 173 519 318 173 520 317 173 521 328 174 522 319 174 523 318 174 524 329 175 525 320 175 526 319 175 527 320 176 528 331 176 529 321 176 530 321 177 531 332 177 532 322 177 533 322 178 534 333 178 535 323 178 536 323 179 537 325 179 538 315 179 539 334 180 540 326 180 541 324 180 542 336 181 543 327 181 544 326 181 545 337 182 546 328 182 547 327 182 548 338 183 549 329 183 550 328 183 551 339 184 552 330 184 553 329 184 554 330 185 555 341 185 556 331 185 557 331 186 558 342 186 559 332 186 560 332 187 561 343 187 562 333 187 563 333 188 564 335 188 565 325 188 566 344 189 567 336 189 568 334 189 569 346 190 570 337 190 571 336 190 572 347 191 573 338 191 574 337 191 575 348 192 576 339 192 577 338 192 578 349 193 579 340 193 580 339 193 581 340 194 582 351 194 583 341 194 584 341 195 585 352 195 586 342 195 587 342 196 588 353 196 589 343 196 590 343 197 591 345 197 592 335 197 593 354 198 594 346 198 595 344 198 596 356 199 597 347 199 598 346 199 599 357 200 600 348 200 601 347 200 602 358 201 603 349 201 604 348 201 605 349 202 606 360 202 607 350 202 608 350 203 609 361 203 610 351 203 611 351 204 612 362 204 613 352 204 614 352 205 615 363 205 616 353 205 617 353 206 618 355 206 619 345 206 620 240 207 621 356 207 622 354 207 623 243 208 624 357 208 625 356 208 626 246 209 627 358 209 628 357 209 629 248 210 630 359 210 631 358 210 632 250 211 633 360 211 634 359 211 635 360 212 636 253 212 637 361 212 638 361 213 639 255 213 640 362 213 641 362 214 642 258 214 643 363 214 644 363 215 645 242 215 646 355 215 647 211 216 648 243 216 649 240 216 650 223 217 651 246 217 652 243 217 653 222 218 654 248 218 655 246 218 656 221 219 657 250 219 658 248 219 659 220 220 660 252 220 661 250 220 662 252 221 663 216 221 664 253 221 665 253 222 666 214 222 667 255 222 668 255 223 669 212 223 670 258 223 671 258 224 672 210 224 673 242 224 674 240 225 675 474 225 676 211 225 677 394 226 678 376 226 679 374 226 680 396 227 681 377 227 682 376 227 683 397 228 684 378 228 685 377 228 686 398 229 687 379 229 688 378 229 689 379 230 690 400 230 691 380 230 692 380 231 693 401 231 694 381 231 695 381 232 696 402 232 697 382 232 698 382 233 699 403 233 700 383 233 701 383 234 702 395 234 703 375 234 704 404 235 705 396 235 706 394 235 707 406 236 708 397 236 709 396 236 710 407 237 711 398 237 712 397 237 713 408 238 714 399 238 715 398 238 716 409 239 717 400 239 718 399 239 719 400 240 720 411 240 721 401 240 722 401 241 723 412 241 724 402 241 725 402 242 726 413 242 727 403 242 728 403 243 729 405 243 730 395 243 731 414 244 732 406 244 733 404 244 734 416 245 735 407 245 736 406 245 737 417 246 738 408 246 739 407 246 740 418 247 741 409 247 742 408 247 743 419 248 744 410 248 745 409 248 746 410 249 747 421 249 748 411 249 749 411 250 750 422 250 751 412 250 752 412 251 753 423 251 754 413 251 755 413 252 756 415 252 757 405 252 758 424 253 759 416 253 760 414 253 761 426 254 762 417 254 763 416 254 764 427 255 765 418 255 766 417 255 767 428 256 768 419 256 769 418 256 770 419 257 771 430 257 772 420 257 773 420 258 774 431 258 775 421 258 776 421 259 777 432 259 778 422 259 779 422 260 780 433 260 781 423 260 782 423 261 783 425 261 784 415 261 785 434 262 786 426 262 787 424 262 788 436 263 789 427 263 790 426 263 791 437 264 792 428 264 793 427 264 794 438 265 795 429 265 796 428 265 797 439 266 798 430 266 799 429 266 800 430 267 801 441 267 802 431 267 803 431 268 804 442 268 805 432 268 806 432 269 807 443 269 808 433 269 809 433 270 810 435 270 811 425 270 812 444 271 813 436 271 814 434 271 815 446 272 816 437 272 817 436 272 818 447 273 819 438 273 820 437 273 821 448 274 822 439 274 823 438 274 824 439 275 825 450 275 826 440 275 827 440 276 828 451 276 829 441 276 830 441 277 831 452 277 832 442 277 833 442 278 834 453 278 835 443 278 836 443 279 837 445 279 838 435 279 839 454 280 840 446 280 841 444 280 842 456 281 843 447 281 844 446 281 845 457 282 846 448 282 847 447 282 848 458 283 849 449 283 850 448 283 851 459 284 852 450 284 853 449 284 854 450 285 855 461 285 856 451 285 857 451 286 858 462 286 859 452 286 860 452 287 861 463 287 862 453 287 863 453 288 864 455 288 865 445 288 866 464 289 867 456 289 868 454 289 869 466 290 870 457 290 871 456 290 872 467 291 873 458 291 874 457 291 875 468 292 876 459 292 877 458 292 878 469 293 879 460 293 880 459 293 881 460 294 882 471 294 883 461 294 884 461 295 885 472 295 886 462 295 887 462 296 888 473 296 889 463 296 890 463 297 891 465 297 892 455 297 893 384 298 894 466 298 895 464 298 896 386 299 897 467 299 898 466 299 899 387 300 900 468 300 901 467 300 902 388 301 903 469 301 904 468 301 905 469 302 906 390 302 907 470 302 908 470 303 909 391 303 910 471 303 911 471 304 912 392 304 913 472 304 914 472 305 915 393 305 916 473 305 917 473 306 918 385 306 919 465 306 920 364 307 921 393 307 922 366 307 923 366 308 924 392 308 925 367 308 926 367 309 927 391 309 928 368 309 929 368 310 930 390 310 931 369 310 932 369 311 933 389 311 934 370 311 935 389 312 936 371 312 937 370 312 938 388 313 939 372 313 940 371 313 941 387 314 942 373 314 943 372 314 944 386 315 945 365 315 946 373 315 947 505 316 948 240 316 949 354 316 950 575 317 951 503 317 952 583 317 953 583 318 954 502 318 955 582 318 956 582 319 957 501 319 958 581 319 959 581 320 960 500 320 961 580 320 962 500 321 963 579 321 964 580 321 965 499 322 966 578 322 967 579 322 968 498 323 969 577 323 970 578 323 971 497 324 972 576 324 973 577 324 974 496 325 975 574 325 976 576 325 977 565 326 978 583 326 979 573 326 980 573 327 981 582 327 982 572 327 983 572 328 984 581 328 985 571 328 986 571 329 987 580 329 988 570 329 989 570 330 990 579 330 991 569 330 992 579 331 993 568 331 994 569 331 995 578 332 996 567 332 997 568 332 998 577 333 999 566 333 1000 567 333 1001 576 334 1002 564 334 1003 566 334 1004 555 335 1005 573 335 1006 563 335 1007 563 336 1008 572 336 1009 562 336 1010 562 337 1011 571 337 1012 561 337 1013 561 338 1014 570 338 1015 560 338 1016 560 339 1017 569 339 1018 559 339 1019 569 340 1020 558 340 1021 559 340 1022 568 341 1023 557 341 1024 558 341 1025 567 342 1026 556 342 1027 557 342 1028 566 343 1029 554 343 1030 556 343 1031 545 344 1032 563 344 1033 553 344 1034 553 345 1035 562 345 1036 552 345 1037 552 346 1038 561 346 1039 551 346 1040 551 347 1041 560 347 1042 550 347 1043 560 348 1044 549 348 1045 550 348 1046 559 349 1047 548 349 1048 549 349 1049 558 350 1050 547 350 1051 548 350 1052 557 351 1053 546 351 1054 547 351 1055 556 352 1056 544 352 1057 546 352 1058 535 353 1059 553 353 1060 543 353 1061 543 354 1062 552 354 1063 542 354 1064 542 355 1065 551 355 1066 541 355 1067 541 356 1068 550 356 1069 540 356 1070 550 357 1071 539 357 1072 540 357 1073 549 358 1074 538 358 1075 539 358 1076 548 359 1077 537 359 1078 538 359 1079 547 360 1080 536 360 1081 537 360 1082 546 361 1083 534 361 1084 536 361 1085 525 362 1086 543 362 1087 533 362 1088 533 363 1089 542 363 1090 532 363 1091 532 364 1092 541 364 1093 531 364 1094 531 365 1095 540 365 1096 530 365 1097 540 366 1098 529 366 1099 530 366 1100 539 367 1101 528 367 1102 529 367 1103 538 368 1104 527 368 1105 528 368 1106 537 369 1107 526 369 1108 527 369 1109 536 370 1110 524 370 1111 526 370 1112 515 371 1113 533 371 1114 523 371 1115 523 372 1116 532 372 1117 522 372 1118 522 373 1119 531 373 1120 521 373 1121 521 374 1122 530 374 1123 520 374 1124 530 375 1125 519 375 1126 520 375 1127 529 376 1128 518 376 1129 519 376 1130 528 377 1131 517 377 1132 518 377 1133 527 378 1134 516 378 1135 517 378 1136 526 379 1137 514 379 1138 516 379 1139 505 380 1140 523 380 1141 513 380 1142 513 381 1143 522 381 1144 512 381 1145 512 382 1146 521 382 1147 511 382 1148 511 383 1149 520 383 1150 510 383 1151 520 384 1152 509 384 1153 510 384 1154 519 385 1155 508 385 1156 509 385 1157 518 386 1158 507 386 1159 508 386 1160 517 387 1161 506 387 1162 507 387 1163 516 388 1164 504 388 1165 506 388 1166 485 389 1167 513 389 1168 493 389 1169 493 390 1170 512 390 1171 492 390 1172 492 391 1173 511 391 1174 491 391 1175 491 392 1176 510 392 1177 490 392 1178 510 393 1179 489 393 1180 490 393 1181 509 394 1182 488 394 1183 489 394 1184 508 395 1185 487 395 1186 488 395 1187 507 396 1188 486 396 1189 487 396 1190 506 397 1191 484 397 1192 486 397 1193 475 398 1194 486 398 1195 484 398 1196 483 399 1197 487 399 1198 486 399 1199 482 400 1200 488 400 1201 487 400 1202 481 401 1203 489 401 1204 488 401 1205 480 402 1206 490 402 1207 489 402 1208 490 403 1209 478 403 1210 491 403 1211 491 404 1212 477 404 1213 492 404 1214 492 405 1215 476 405 1216 493 405 1217 493 406 1218 474 406 1219 485 406 1220 385 407 1221 475 407 1222 484 407 1223 294 408 1224 1150 408 1225 1151 408 1226 1150 409 1227 287 409 1228 1152 409 1229 297 410 1230 1153 410 1231 1154 410 1232 1153 411 1233 294 411 1234 1151 411 1235 299 412 1236 1155 412 1237 1156 412 1238 1154 413 1239 1155 413 1240 297 413 1241 1157 414 1242 1152 414 1243 287 414 1244 1157 415 1245 299 415 1246 1156 415 1247 299 416 1248 287 416 1249 297 416 1250 294 417 1251 297 417 1252 287 417 1253 603 418 1254 602 418 1255 600 418 1256 1058 419 1257 602 419 1258 603 419 1259 1058 420 1260 1057 420 1261 602 420 1262 1060 421 1263 603 421 1264 604 421 1265 1060 422 1266 1058 422 1267 603 422 1268 1061 423 1269 604 423 1270 605 423 1271 1060 424 1272 604 424 1273 1061 424 1274 1062 425 1275 605 425 1276 606 425 1277 1061 426 1278 605 426 1279 1062 426 1280 1064 427 1281 606 427 1282 607 427 1283 1062 428 1284 606 428 1285 1064 428 1286 1063 429 1287 607 429 1288 608 429 1289 1064 430 1290 607 430 1291 1063 430 1292 1118 431 1293 608 431 1294 609 431 1295 1063 432 1296 608 432 1297 1118 432 1298 912 433 1299 609 433 1300 610 433 1301 1118 434 1302 609 434 1303 912 434 1304 611 435 1305 613 435 1306 612 435 1307 611 436 1308 612 436 1309 598 436 1310 612 437 1311 614 437 1312 597 437 1313 598 438 1314 612 438 1315 597 438 1316 614 439 1317 610 439 1318 596 439 1319 597 440 1320 614 440 1321 596 440 1322 596 441 1323 610 441 1324 595 441 1325 610 442 1326 609 442 1327 594 442 1328 610 443 1329 594 443 1330 595 443 1331 609 444 1332 608 444 1333 593 444 1334 609 445 1335 593 445 1336 594 445 1337 607 446 1338 592 446 1339 608 446 1340 608 447 1341 592 447 1342 593 447 1343 607 448 1344 591 448 1345 592 448 1346 606 449 1347 591 449 1348 607 449 1349 606 450 1350 590 450 1351 591 450 1352 605 451 1353 587 451 1354 606 451 1355 587 452 1356 590 452 1357 606 452 1358 604 453 1359 585 453 1360 605 453 1361 585 454 1362 587 454 1363 605 454 1364 603 455 1365 584 455 1366 604 455 1367 584 456 1368 585 456 1369 604 456 1370 586 457 1371 584 457 1372 603 457 1373 588 458 1374 586 458 1375 603 458 1376 600 459 1377 588 459 1378 603 459 1379 589 460 1380 588 460 1381 600 460 1382 912 461 1383 610 461 1384 614 461 1385 910 462 1386 614 462 1387 612 462 1388 912 463 1389 614 463 1390 910 463 1391 612 464 1392 613 464 1393 615 464 1394 910 465 1395 612 465 1396 615 465 1397 911 466 1398 910 466 1399 615 466 1400 907 467 1401 615 467 1402 616 467 1403 907 468 1404 911 468 1405 615 468 1406 915 469 1407 616 469 1408 617 469 1409 915 470 1410 907 470 1411 616 470 1412 901 471 1413 617 471 1414 618 471 1415 901 472 1416 915 472 1417 617 472 1418 903 473 1419 618 473 1420 619 473 1421 903 474 1422 901 474 1423 618 474 1424 1117 475 1425 619 475 1426 620 475 1427 1117 476 1428 903 476 1429 619 476 1430 1057 477 1431 620 477 1432 602 477 1433 1057 478 1434 1117 478 1435 620 478 1436 623 479 1437 621 479 1438 622 479 1439 625 480 1440 624 480 1441 623 480 1442 626 481 1443 624 481 1444 625 481 1445 621 482 1446 623 482 1447 624 482 1448 628 483 1449 627 483 1450 626 483 1451 624 484 1452 626 484 1453 627 484 1454 629 485 1455 628 485 1456 630 485 1457 628 486 1458 629 486 1459 627 486 1460 632 487 1461 631 487 1462 630 487 1463 630 488 1464 631 488 1465 629 488 1466 631 489 1467 632 489 1468 633 489 1469 633 490 1470 634 490 1471 631 490 1472 634 491 1473 633 491 1474 635 491 1475 636 492 1476 634 492 1477 635 492 1478 635 493 1479 637 493 1480 636 493 1481 638 494 1482 639 494 1483 636 494 1484 639 495 1485 638 495 1486 640 495 1487 637 496 1488 638 496 1489 636 496 1490 601 497 1491 641 497 1492 599 497 1493 641 498 1494 640 498 1495 599 498 1496 638 499 1497 599 499 1498 640 499 1499 641 500 1500 601 500 1501 602 500 1502 640 501 1503 641 501 1504 602 501 1505 602 502 1506 639 502 1507 640 502 1508 636 503 1509 602 503 1510 620 503 1511 636 504 1512 639 504 1513 602 504 1514 634 505 1515 620 505 1516 619 505 1517 636 506 1518 620 506 1519 634 506 1520 631 507 1521 619 507 1522 618 507 1523 634 508 1524 619 508 1525 631 508 1526 629 509 1527 618 509 1528 617 509 1529 618 510 1530 629 510 1531 631 510 1532 617 511 1533 627 511 1534 629 511 1535 627 512 1536 617 512 1537 616 512 1538 616 513 1539 624 513 1540 627 513 1541 624 514 1542 616 514 1543 615 514 1544 624 515 1545 615 515 1546 621 515 1547 917 516 1548 623 516 1549 622 516 1550 914 517 1551 623 517 1552 917 517 1553 625 518 1554 913 518 1555 905 518 1556 913 519 1557 623 519 1558 914 519 1559 626 520 1560 906 520 1561 909 520 1562 906 521 1563 625 521 1564 905 521 1565 628 522 1566 908 522 1567 904 522 1568 900 523 1569 628 523 1570 904 523 1571 908 524 1572 626 524 1573 909 524 1574 902 525 1575 630 525 1576 899 525 1577 899 526 1578 630 526 1579 900 526 1580 897 527 1581 632 527 1582 898 527 1583 898 528 1584 632 528 1585 902 528 1586 895 529 1587 633 529 1588 896 529 1589 896 530 1590 633 530 1591 897 530 1592 1116 531 1593 635 531 1594 894 531 1595 894 532 1596 635 532 1597 895 532 1598 1055 533 1599 637 533 1600 1059 533 1601 1059 534 1602 637 534 1603 1116 534 1604 1056 535 1605 599 535 1606 638 535 1607 1054 536 1608 638 536 1609 1055 536 1610 1054 537 1611 1056 537 1612 638 537 1613 1048 538 1614 643 538 1615 642 538 1616 1047 539 1617 1048 539 1618 642 539 1619 998 540 1620 645 540 1621 644 540 1622 994 541 1623 645 541 1624 998 541 1625 992 542 1626 646 542 1627 645 542 1628 992 543 1629 647 543 1630 646 543 1631 992 544 1632 648 544 1633 647 544 1634 992 545 1635 645 545 1636 994 545 1637 1004 546 1638 649 546 1639 650 546 1640 1004 547 1641 651 547 1642 649 547 1643 651 548 1644 1013 548 1645 652 548 1646 1004 549 1647 1013 549 1648 651 549 1649 1045 550 1650 654 550 1651 653 550 1652 1045 551 1653 655 551 1654 654 551 1655 1045 552 1656 642 552 1657 655 552 1658 1045 553 1659 1047 553 1660 642 553 1661 645 554 1662 646 554 1663 656 554 1664 646 555 1665 657 555 1666 656 555 1667 647 556 1668 658 556 1669 657 556 1670 646 557 1671 647 557 1672 657 557 1673 648 558 1674 659 558 1675 658 558 1676 647 559 1677 648 559 1678 658 559 1679 648 560 1680 995 560 1681 659 560 1682 992 561 1683 995 561 1684 648 561 1685 1004 562 1686 650 562 1687 1005 562 1688 1005 563 1689 650 563 1690 660 563 1691 660 564 1692 650 564 1693 661 564 1694 650 565 1695 649 565 1696 661 565 1697 661 566 1698 651 566 1699 662 566 1700 661 567 1701 649 567 1702 651 567 1703 662 568 1704 652 568 1705 663 568 1706 662 569 1707 651 569 1708 652 569 1709 665 570 1710 664 570 1711 666 570 1712 666 571 1713 667 571 1714 668 571 1715 667 572 1716 666 572 1717 664 572 1718 669 573 1719 665 573 1720 670 573 1721 664 574 1722 665 574 1723 669 574 1724 668 575 1725 671 575 1726 672 575 1727 671 576 1728 668 576 1729 667 576 1730 674 577 1731 673 577 1732 670 577 1733 670 578 1734 673 578 1735 669 578 1736 676 579 1737 672 579 1738 675 579 1739 675 580 1740 672 580 1741 671 580 1742 673 581 1743 674 581 1744 677 581 1745 681 582 1746 676 582 1747 675 582 1748 677 583 1749 678 583 1750 673 583 1751 679 584 1752 681 584 1753 675 584 1754 680 585 1755 681 585 1756 679 585 1757 682 586 1758 680 586 1759 679 586 1760 678 587 1761 677 587 1762 683 587 1763 683 588 1764 684 588 1765 678 588 1766 679 589 1767 685 589 1768 682 589 1769 685 590 1770 687 590 1771 686 590 1772 686 591 1773 682 591 1774 685 591 1775 688 592 1776 684 592 1777 683 592 1778 687 593 1779 685 593 1780 689 593 1781 684 594 1782 688 594 1783 690 594 1784 691 595 1785 689 595 1786 685 595 1787 693 596 1788 690 596 1789 688 596 1790 689 597 1791 691 597 1792 692 597 1793 690 598 1794 693 598 1795 656 598 1796 694 599 1797 690 599 1798 656 599 1799 695 600 1800 692 600 1801 691 600 1802 656 601 1803 657 601 1804 694 601 1805 657 602 1806 658 602 1807 694 602 1808 658 603 1809 659 603 1810 694 603 1811 692 604 1812 695 604 1813 696 604 1814 697 605 1815 696 605 1816 695 605 1817 659 606 1818 698 606 1819 694 606 1820 699 607 1821 694 607 1822 698 607 1823 700 608 1824 696 608 1825 697 608 1826 700 609 1827 697 609 1828 701 609 1829 703 610 1830 702 610 1831 697 610 1832 702 611 1833 701 611 1834 697 611 1835 698 612 1836 704 612 1837 699 612 1838 705 613 1839 699 613 1840 704 613 1841 702 614 1842 703 614 1843 663 614 1844 662 615 1845 663 615 1846 703 615 1847 706 616 1848 661 616 1849 703 616 1850 662 617 1851 703 617 1852 661 617 1853 705 618 1854 707 618 1855 708 618 1856 707 619 1857 705 619 1858 704 619 1859 706 620 1860 660 620 1861 661 620 1862 660 621 1863 706 621 1864 709 621 1865 706 622 1866 708 622 1867 709 622 1868 707 623 1869 709 623 1870 708 623 1871 645 624 1872 656 624 1873 693 624 1874 644 625 1875 645 625 1876 693 625 1877 998 626 1878 644 626 1879 996 626 1880 644 627 1881 693 627 1882 996 627 1883 996 628 1884 693 628 1885 1007 628 1886 1007 629 1887 688 629 1888 1003 629 1889 1007 630 1890 693 630 1891 688 630 1892 1003 631 1893 683 631 1894 1021 631 1895 1003 632 1896 688 632 1897 683 632 1898 1052 633 1899 1021 633 1900 710 633 1901 1021 634 1902 683 634 1903 677 634 1904 1021 635 1905 677 635 1906 710 635 1907 618 636 1908 1119 636 1909 617 636 1910 616 637 1911 711 637 1912 615 637 1913 710 638 1914 674 638 1915 713 638 1916 710 639 1917 677 639 1918 674 639 1919 713 640 1920 670 640 1921 714 640 1922 713 641 1923 674 641 1924 670 641 1925 714 642 1926 665 642 1927 715 642 1928 714 643 1929 670 643 1930 665 643 1931 715 644 1932 666 644 1933 716 644 1934 715 645 1935 665 645 1936 666 645 1937 1044 646 1938 1204 646 1939 716 646 1940 1044 647 1941 716 647 1942 668 647 1943 716 648 1944 666 648 1945 668 648 1946 1051 649 1947 1044 649 1948 672 649 1949 1044 650 1950 668 650 1951 672 650 1952 1046 651 1953 1051 651 1954 676 651 1955 1051 652 1956 672 652 1957 676 652 1958 1049 653 1959 1046 653 1960 681 653 1961 1046 654 1962 676 654 1963 681 654 1964 1049 655 1965 681 655 1966 643 655 1967 1048 656 1968 1049 656 1969 643 656 1970 681 657 1971 680 657 1972 642 657 1973 642 658 1974 643 658 1975 681 658 1976 686 659 1977 687 659 1978 653 659 1979 682 660 1980 686 660 1981 654 660 1982 686 661 1983 653 661 1984 654 661 1985 680 662 1986 682 662 1987 655 662 1988 682 663 1989 654 663 1990 655 663 1991 680 664 1992 655 664 1993 642 664 1994 1039 665 1995 1045 665 1996 653 665 1997 1039 666 1998 653 666 1999 687 666 2000 1039 667 2001 687 667 2002 689 667 2003 1041 668 2004 1039 668 2005 689 668 2006 1034 669 2007 1041 669 2008 692 669 2009 692 670 2010 1041 670 2011 689 670 2012 1033 671 2013 1034 671 2014 696 671 2015 1034 672 2016 692 672 2017 696 672 2018 1028 673 2019 1033 673 2020 700 673 2021 1033 674 2022 696 674 2023 700 674 2024 1029 675 2025 1028 675 2026 701 675 2027 701 676 2028 1028 676 2029 700 676 2030 1024 677 2031 1029 677 2032 702 677 2033 1029 678 2034 701 678 2035 702 678 2036 1023 679 2037 1024 679 2038 663 679 2039 1024 680 2040 702 680 2041 663 680 2042 652 681 2043 1023 681 2044 663 681 2045 1013 682 2046 1023 682 2047 652 682 2048 617 683 2049 712 683 2050 616 683 2051 619 684 2052 1121 684 2053 618 684 2054 715 685 2055 1204 685 2056 1203 685 2057 1009 686 2058 1005 686 2059 660 686 2060 1009 687 2061 709 687 2062 1008 687 2063 1009 688 2064 660 688 2065 709 688 2066 1008 689 2067 707 689 2068 1011 689 2069 1008 690 2070 709 690 2071 707 690 2072 1011 691 2073 704 691 2074 993 691 2075 1011 692 2076 707 692 2077 704 692 2078 993 693 2079 698 693 2080 995 693 2081 993 694 2082 704 694 2083 698 694 2084 698 695 2085 659 695 2086 995 695 2087 718 696 2088 669 696 2089 673 696 2090 669 697 2091 718 697 2092 719 697 2093 664 698 2094 719 698 2095 720 698 2096 669 699 2097 719 699 2098 664 699 2099 664 700 2100 720 700 2101 667 700 2102 720 701 2103 721 701 2104 667 701 2105 667 702 2106 721 702 2107 671 702 2108 721 703 2109 722 703 2110 671 703 2111 722 704 2112 675 704 2113 671 704 2114 722 705 2115 723 705 2116 679 705 2117 722 706 2118 679 706 2119 675 706 2120 723 707 2121 724 707 2122 685 707 2123 723 708 2124 685 708 2125 679 708 2126 724 709 2127 691 709 2128 685 709 2129 725 710 2130 691 710 2131 724 710 2132 725 711 2133 695 711 2134 691 711 2135 726 712 2136 695 712 2137 725 712 2138 726 713 2139 697 713 2140 695 713 2141 726 714 2142 703 714 2143 697 714 2144 727 715 2145 703 715 2146 726 715 2147 728 716 2148 706 716 2149 727 716 2150 727 717 2151 706 717 2152 703 717 2153 728 718 2154 708 718 2155 706 718 2156 729 719 2157 708 719 2158 728 719 2159 705 720 2160 708 720 2161 729 720 2162 730 721 2163 705 721 2164 729 721 2165 705 722 2166 730 722 2167 699 722 2168 694 723 2169 730 723 2170 731 723 2171 730 724 2172 694 724 2173 699 724 2174 690 725 2175 731 725 2176 732 725 2177 690 726 2178 694 726 2179 731 726 2180 690 727 2181 732 727 2182 684 727 2183 684 728 2184 732 728 2185 733 728 2186 684 729 2187 733 729 2188 678 729 2189 678 730 2190 733 730 2191 718 730 2192 678 731 2193 718 731 2194 673 731 2195 727 732 2196 726 732 2197 1027 732 2198 1030 733 2199 727 733 2200 1027 733 2201 1010 734 2202 1000 734 2203 728 734 2204 1010 735 2205 728 735 2206 1030 735 2207 1030 736 2208 728 736 2209 727 736 2210 1000 737 2211 729 737 2212 728 737 2213 1000 738 2214 997 738 2215 730 738 2216 1000 739 2217 730 739 2218 729 739 2219 997 740 2220 1012 740 2221 731 740 2222 997 741 2223 731 741 2224 730 741 2225 1012 742 2226 1006 742 2227 732 742 2228 1012 743 2229 732 743 2230 731 743 2231 1006 744 2232 1022 744 2233 733 744 2234 1006 745 2235 733 745 2236 732 745 2237 1022 746 2238 1026 746 2239 718 746 2240 1022 747 2241 718 747 2242 733 747 2243 1026 748 2244 719 748 2245 718 748 2246 1026 749 2247 1036 749 2248 719 749 2249 1036 750 2250 1035 750 2251 720 750 2252 1036 751 2253 720 751 2254 719 751 2255 1042 752 2256 721 752 2257 1035 752 2258 720 753 2259 1035 753 2260 721 753 2261 1038 754 2262 722 754 2263 1042 754 2264 722 755 2265 721 755 2266 1042 755 2267 1037 756 2268 723 756 2269 1038 756 2270 1038 757 2271 723 757 2272 722 757 2273 1040 758 2274 724 758 2275 1037 758 2276 1037 759 2277 724 759 2278 723 759 2279 1032 760 2280 725 760 2281 1040 760 2282 725 761 2283 724 761 2284 1040 761 2285 1027 762 2286 726 762 2287 1032 762 2288 1032 763 2289 726 763 2290 725 763 2291 1098 764 2292 735 764 2293 734 764 2294 734 765 2295 1108 765 2296 1098 765 2297 1101 766 2298 736 766 2299 735 766 2300 735 767 2301 1098 767 2302 1101 767 2303 736 768 2304 737 768 2305 734 768 2306 735 769 2307 736 769 2308 734 769 2309 740 770 2310 739 770 2311 738 770 2312 739 771 2313 741 771 2314 738 771 2315 737 772 2316 738 772 2317 741 772 2318 740 773 2319 738 773 2320 742 773 2321 744 774 2322 743 774 2323 736 774 2324 736 775 2325 743 775 2326 737 775 2327 738 776 2328 737 776 2329 743 776 2330 746 777 2331 745 777 2332 744 777 2333 743 778 2334 744 778 2335 745 778 2336 748 779 2337 742 779 2338 747 779 2339 747 780 2340 742 780 2341 738 780 2342 751 781 2343 750 781 2344 749 781 2345 749 782 2346 746 782 2347 751 782 2348 745 783 2349 746 783 2350 749 783 2351 753 784 2352 748 784 2353 752 784 2354 747 785 2355 752 785 2356 748 785 2357 755 786 2358 754 786 2359 750 786 2360 750 787 2361 754 787 2362 749 787 2363 755 788 2364 1159 788 2365 754 788 2366 752 789 2367 756 789 2368 753 789 2369 757 790 2370 753 790 2371 756 790 2372 754 791 2373 1159 791 2374 1160 791 2375 1160 792 2376 758 792 2377 754 792 2378 757 793 2379 756 793 2380 759 793 2381 760 794 2382 757 794 2383 759 794 2384 759 795 2385 761 795 2386 760 795 2387 761 796 2388 759 796 2389 762 796 2390 764 797 2391 762 797 2392 763 797 2393 763 798 2394 762 798 2395 759 798 2396 764 799 2397 763 799 2398 765 799 2399 765 800 2400 763 800 2401 766 800 2402 767 801 2403 1162 801 2404 1163 801 2405 1163 802 2406 1164 802 2407 767 802 2408 766 803 2409 768 803 2410 765 803 2411 768 804 2412 766 804 2413 769 804 2414 770 805 2415 771 805 2416 767 805 2417 1165 806 2418 767 806 2419 1164 806 2420 769 807 2421 772 807 2422 768 807 2423 771 808 2424 773 808 2425 774 808 2426 770 809 2427 773 809 2428 771 809 2429 776 810 2430 775 810 2431 769 810 2432 772 811 2433 769 811 2434 775 811 2435 778 812 2436 777 812 2437 776 812 2438 775 813 2439 776 813 2440 777 813 2441 780 814 2442 774 814 2443 779 814 2444 773 815 2445 779 815 2446 774 815 2447 778 816 2448 781 816 2449 777 816 2450 785 817 2451 780 817 2452 779 817 2453 782 818 2454 781 818 2455 778 818 2456 782 819 2457 778 819 2458 783 819 2459 780 820 2460 784 820 2461 778 820 2462 780 821 2463 785 821 2464 784 821 2465 784 822 2466 783 822 2467 778 822 2468 786 823 2469 776 823 2470 769 823 2471 787 824 2472 776 824 2473 786 824 2474 788 825 2475 778 825 2476 787 825 2477 787 826 2478 778 826 2479 776 826 2480 788 827 2481 780 827 2482 778 827 2483 789 828 2484 780 828 2485 788 828 2486 774 829 2487 780 829 2488 789 829 2489 790 830 2490 774 830 2491 789 830 2492 774 831 2493 790 831 2494 771 831 2495 767 832 2496 790 832 2497 791 832 2498 790 833 2499 767 833 2500 771 833 2501 1162 834 2502 791 834 2503 1166 834 2504 1168 835 2505 792 835 2506 1167 835 2507 1168 836 2508 1166 836 2509 791 836 2510 1169 837 2511 1167 837 2512 792 837 2513 758 838 2514 792 838 2515 793 838 2516 758 839 2517 1169 839 2518 792 839 2519 758 840 2520 793 840 2521 754 840 2522 754 841 2523 793 841 2524 794 841 2525 754 842 2526 794 842 2527 749 842 2528 794 843 2529 745 843 2530 749 843 2531 745 844 2532 794 844 2533 795 844 2534 743 845 2535 795 845 2536 796 845 2537 745 846 2538 795 846 2539 743 846 2540 743 847 2541 796 847 2542 738 847 2543 796 848 2544 797 848 2545 738 848 2546 738 849 2547 797 849 2548 747 849 2549 797 850 2550 798 850 2551 747 850 2552 798 851 2553 752 851 2554 747 851 2555 798 852 2556 799 852 2557 756 852 2558 798 853 2559 756 853 2560 752 853 2561 799 854 2562 800 854 2563 759 854 2564 799 855 2565 759 855 2566 756 855 2567 800 856 2568 763 856 2569 759 856 2570 801 857 2571 763 857 2572 800 857 2573 801 858 2574 766 858 2575 763 858 2576 786 859 2577 766 859 2578 801 859 2579 786 860 2580 769 860 2581 766 860 2582 1091 861 2583 795 861 2584 794 861 2585 795 862 2586 1091 862 2587 1093 862 2588 796 863 2589 1100 863 2590 1107 863 2591 796 864 2592 1093 864 2593 1100 864 2594 1093 865 2595 796 865 2596 795 865 2597 797 866 2598 1107 866 2599 1105 866 2600 1107 867 2601 797 867 2602 796 867 2603 1102 868 2604 798 868 2605 1105 868 2606 1105 869 2607 798 869 2608 797 869 2609 1102 870 2610 799 870 2611 798 870 2612 1099 871 2613 800 871 2614 1102 871 2615 800 872 2616 799 872 2617 1102 872 2618 1094 873 2619 801 873 2620 1099 873 2621 1099 874 2622 801 874 2623 800 874 2624 1090 875 2625 786 875 2626 1094 875 2627 1094 876 2628 786 876 2629 801 876 2630 1090 877 2631 787 877 2632 786 877 2633 1082 878 2634 787 878 2635 1090 878 2636 1080 879 2637 1077 879 2638 788 879 2639 1080 880 2640 788 880 2641 1082 880 2642 787 881 2643 1082 881 2644 788 881 2645 1077 882 2646 789 882 2647 788 882 2648 1077 883 2649 1074 883 2650 790 883 2651 1077 884 2652 790 884 2653 789 884 2654 1074 885 2655 1073 885 2656 791 885 2657 1074 886 2658 791 886 2659 790 886 2660 792 887 2661 1073 887 2662 1086 887 2663 1073 888 2664 792 888 2665 791 888 2666 793 889 2667 1086 889 2668 1085 889 2669 1086 890 2670 793 890 2671 792 890 2672 794 891 2673 1085 891 2674 1091 891 2675 1085 892 2676 794 892 2677 793 892 2678 1076 893 2679 785 893 2680 1071 893 2681 1071 894 2682 779 894 2683 1070 894 2684 1071 895 2685 785 895 2686 779 895 2687 1070 896 2688 773 896 2689 1069 896 2690 1070 897 2691 779 897 2692 773 897 2693 1170 898 2694 1069 898 2695 770 898 2696 1069 899 2697 773 899 2698 770 899 2699 1170 900 2700 770 900 2701 1165 900 2702 1072 901 2703 802 901 2704 1076 901 2705 802 902 2706 785 902 2707 1076 902 2708 785 903 2709 803 903 2710 784 903 2711 785 904 2712 802 904 2713 803 904 2714 1072 905 2715 803 905 2716 802 905 2717 803 906 2718 1072 906 2719 1075 906 2720 803 907 2721 1078 907 2722 804 907 2723 804 908 2724 1078 908 2725 805 908 2726 1078 909 2727 806 909 2728 805 909 2729 1075 910 2730 1078 910 2731 803 910 2732 1104 911 2733 807 911 2734 808 911 2735 1104 912 2736 809 912 2737 807 912 2738 809 913 2739 1111 913 2740 810 913 2741 1104 914 2742 1111 914 2743 809 914 2744 1109 915 2745 812 915 2746 811 915 2747 1109 916 2748 813 916 2749 812 916 2750 1109 917 2751 734 917 2752 813 917 2753 1109 918 2754 1108 918 2755 734 918 2756 803 919 2757 804 919 2758 784 919 2759 784 920 2760 804 920 2761 783 920 2762 783 921 2763 805 921 2764 782 921 2765 804 922 2766 805 922 2767 783 922 2768 782 923 2769 806 923 2770 781 923 2771 805 924 2772 806 924 2773 782 924 2774 1079 925 2775 781 925 2776 806 925 2777 1078 926 2778 1079 926 2779 806 926 2780 1104 927 2781 808 927 2782 1106 927 2783 1106 928 2784 808 928 2785 764 928 2786 762 929 2787 764 929 2788 808 929 2789 761 930 2790 762 930 2791 807 930 2792 762 931 2793 808 931 2794 807 931 2795 761 932 2796 807 932 2797 809 932 2798 760 933 2799 761 933 2800 810 933 2801 761 934 2802 809 934 2803 810 934 2804 1113 935 2805 760 935 2806 810 935 2807 1113 936 2808 810 936 2809 1111 936 2810 1103 937 2811 1109 937 2812 811 937 2813 1103 938 2814 811 938 2815 740 938 2816 739 939 2817 740 939 2818 811 939 2819 741 940 2820 739 940 2821 812 940 2822 812 941 2823 739 941 2824 811 941 2825 737 942 2826 741 942 2827 813 942 2828 813 943 2829 741 943 2830 812 943 2831 734 944 2832 737 944 2833 813 944 2834 742 945 2835 1103 945 2836 740 945 2837 1112 946 2838 1103 946 2839 742 946 2840 1114 947 2841 1112 947 2842 748 947 2843 1112 948 2844 742 948 2845 748 948 2846 1115 949 2847 1114 949 2848 753 949 2849 1114 950 2850 748 950 2851 753 950 2852 1110 951 2853 1115 951 2854 757 951 2855 1115 952 2856 753 952 2857 757 952 2858 1113 953 2859 1110 953 2860 760 953 2861 1110 954 2862 757 954 2863 760 954 2864 1095 955 2865 1106 955 2866 764 955 2867 1097 956 2868 1095 956 2869 765 956 2870 1095 957 2871 764 957 2872 765 957 2873 1089 958 2874 1097 958 2875 768 958 2876 1097 959 2877 765 959 2878 768 959 2879 1081 960 2880 1089 960 2881 772 960 2882 1089 961 2883 768 961 2884 772 961 2885 1084 962 2886 1081 962 2887 775 962 2888 1081 963 2889 772 963 2890 775 963 2891 1079 964 2892 1084 964 2893 777 964 2894 1084 965 2895 775 965 2896 777 965 2897 1079 966 2898 777 966 2899 781 966 2900 1171 967 2901 1083 967 2902 1133 967 2903 1171 968 2904 1158 968 2905 755 968 2906 1083 969 2907 750 969 2908 1087 969 2909 1083 970 2910 755 970 2911 750 970 2912 1087 971 2913 751 971 2914 1088 971 2915 1088 972 2916 751 972 2917 1092 972 2918 1087 973 2919 750 973 2920 751 973 2921 1092 974 2922 746 974 2923 1096 974 2924 1092 975 2925 751 975 2926 746 975 2927 1096 976 2928 744 976 2929 1101 976 2930 746 977 2931 744 977 2932 1096 977 2933 736 978 2934 1101 978 2935 744 978 2936 928 979 2937 815 979 2938 814 979 2939 928 980 2940 814 980 2941 929 980 2942 957 981 2943 817 981 2944 816 981 2945 817 982 2946 957 982 2947 966 982 2948 817 983 2949 961 983 2950 818 983 2951 818 984 2952 961 984 2953 819 984 2954 961 985 2955 820 985 2956 819 985 2957 966 986 2958 961 986 2959 817 986 2960 962 987 2961 821 987 2962 822 987 2963 823 988 2964 821 988 2965 962 988 2966 970 989 2967 824 989 2968 823 989 2969 970 990 2970 823 990 2971 962 990 2972 931 991 2973 826 991 2974 825 991 2975 827 992 2976 826 992 2977 931 992 2978 814 993 2979 827 993 2980 931 993 2981 929 994 2982 814 994 2983 931 994 2984 825 995 2985 829 995 2986 828 995 2987 826 996 2988 830 996 2989 829 996 2990 825 997 2991 826 997 2992 829 997 2993 827 998 2994 831 998 2995 830 998 2996 826 999 2997 827 999 2998 830 999 2999 827 1000 3000 814 1000 3001 831 1000 3002 931 1001 3003 825 1001 3004 934 1001 3005 934 1002 3006 825 1002 3007 828 1002 3008 934 1003 3009 828 1003 3010 935 1003 3011 935 1004 3012 832 1004 3013 939 1004 3014 935 1005 3015 828 1005 3016 832 1005 3017 939 1006 3018 833 1006 3019 943 1006 3020 939 1007 3021 832 1007 3022 833 1007 3023 833 1008 3024 834 1008 3025 943 1008 3026 943 1009 3027 835 1009 3028 949 1009 3029 943 1010 3030 834 1010 3031 835 1010 3032 949 1011 3033 836 1011 3034 952 1011 3035 949 1012 3036 835 1012 3037 836 1012 3038 952 1013 3039 837 1013 3040 956 1013 3041 952 1014 3042 836 1014 3043 837 1014 3044 840 1015 3045 839 1015 3046 838 1015 3047 841 1016 3048 838 1016 3049 839 1016 3050 842 1017 3051 840 1017 3052 838 1017 3053 841 1018 3054 837 1018 3055 843 1018 3056 843 1019 3057 837 1019 3058 836 1019 3059 838 1020 3060 841 1020 3061 843 1020 3062 845 1021 3063 842 1021 3064 844 1021 3065 844 1022 3066 842 1022 3067 838 1022 3068 846 1023 3069 836 1023 3070 835 1023 3071 836 1024 3072 846 1024 3073 843 1024 3074 844 1025 3075 847 1025 3076 845 1025 3077 834 1026 3078 848 1026 3079 835 1026 3080 846 1027 3081 835 1027 3082 848 1027 3083 849 1028 3084 845 1028 3085 847 1028 3086 848 1029 3087 834 1029 3088 833 1029 3089 847 1030 3090 850 1030 3091 849 1030 3092 848 1031 3093 833 1031 3094 851 1031 3095 852 1032 3096 849 1032 3097 850 1032 3098 832 1033 3099 851 1033 3100 833 1033 3101 853 1034 3102 854 1034 3103 852 1034 3104 852 1035 3105 850 1035 3106 853 1035 3107 851 1036 3108 832 1036 3109 855 1036 3110 828 1037 3111 855 1037 3112 832 1037 3113 856 1038 3114 854 1038 3115 853 1038 3116 828 1039 3117 829 1039 3118 855 1039 3119 857 1040 3120 856 1040 3121 853 1040 3122 855 1041 3123 829 1041 3124 830 1041 3125 853 1042 3126 858 1042 3127 857 1042 3128 830 1043 3129 831 1043 3130 855 1043 3131 858 1044 3132 853 1044 3133 860 1044 3134 860 1045 3135 859 1045 3136 858 1045 3137 831 1046 3138 861 1046 3139 855 1046 3140 861 1047 3141 831 1047 3142 862 1047 3143 922 1048 3144 919 1048 3145 918 1048 3146 45 1049 3147 47 1049 3148 1123 1049 3149 860 1050 3150 863 1050 3151 859 1050 3152 861 1051 3153 862 1051 3154 864 1051 3155 863 1052 3156 860 1052 3157 865 1052 3158 866 1053 3159 861 1053 3160 864 1053 3161 865 1054 3162 867 1054 3163 863 1054 3164 864 1055 3165 868 1055 3166 866 1055 3167 867 1056 3168 865 1056 3169 869 1056 3170 868 1057 3171 870 1057 3172 866 1057 3173 869 1058 3174 871 1058 3175 867 1058 3176 870 1059 3177 872 1059 3178 873 1059 3179 868 1060 3180 872 1060 3181 870 1060 3182 875 1061 3183 874 1061 3184 869 1061 3185 871 1062 3186 869 1062 3187 874 1062 3188 876 1063 3189 874 1063 3190 875 1063 3191 1172 1064 3192 873 1064 3193 1173 1064 3194 1174 1065 3195 1175 1065 3196 875 1065 3197 1176 1066 3198 875 1066 3199 1175 1066 3200 875 1067 3201 1176 1067 3202 876 1067 3203 873 1068 3204 1178 1068 3205 1177 1068 3206 1177 1069 3207 1173 1069 3208 873 1069 3209 877 1070 3210 846 1070 3211 848 1070 3212 846 1071 3213 877 1071 3214 878 1071 3215 843 1072 3216 878 1072 3217 879 1072 3218 846 1073 3219 878 1073 3220 843 1073 3221 843 1074 3222 879 1074 3223 838 1074 3224 879 1075 3225 880 1075 3226 838 1075 3227 838 1076 3228 880 1076 3229 844 1076 3230 880 1077 3231 881 1077 3232 844 1077 3233 881 1078 3234 847 1078 3235 844 1078 3236 881 1079 3237 882 1079 3238 850 1079 3239 881 1080 3240 850 1080 3241 847 1080 3242 882 1081 3243 883 1081 3244 853 1081 3245 882 1082 3246 853 1082 3247 850 1082 3248 883 1083 3249 860 1083 3250 853 1083 3251 884 1084 3252 860 1084 3253 883 1084 3254 884 1085 3255 865 1085 3256 860 1085 3257 885 1086 3258 865 1086 3259 884 1086 3260 885 1087 3261 869 1087 3262 865 1087 3263 885 1088 3264 875 1088 3265 869 1088 3266 886 1089 3267 875 1089 3268 885 1089 3269 886 1090 3270 1174 1090 3271 875 1090 3272 887 1091 3273 1180 1091 3274 886 1091 3275 1180 1092 3276 1179 1092 3277 886 1092 3278 1182 1093 3279 1181 1093 3280 887 1093 3281 887 1094 3282 1183 1094 3283 1182 1094 3284 888 1095 3285 1184 1095 3286 1183 1095 3287 888 1096 3288 1172 1096 3289 1184 1096 3290 889 1097 3291 873 1097 3292 888 1097 3293 873 1098 3294 889 1098 3295 870 1098 3296 866 1099 3297 889 1099 3298 890 1099 3299 889 1100 3300 866 1100 3301 870 1100 3302 861 1101 3303 890 1101 3304 891 1101 3305 861 1102 3306 866 1102 3307 890 1102 3308 861 1103 3309 891 1103 3310 855 1103 3311 855 1104 3312 891 1104 3313 892 1104 3314 855 1105 3315 892 1105 3316 851 1105 3317 851 1106 3318 892 1106 3319 877 1106 3320 851 1107 3321 877 1107 3322 848 1107 3323 886 1108 3324 885 1108 3325 946 1108 3326 938 1109 3327 886 1109 3328 946 1109 3329 942 1110 3330 936 1110 3331 887 1110 3332 942 1111 3333 887 1111 3334 938 1111 3335 938 1112 3336 887 1112 3337 886 1112 3338 888 1113 3339 887 1113 3340 936 1113 3341 889 1114 3342 936 1114 3343 930 1114 3344 936 1115 3345 889 1115 3346 888 1115 3347 890 1116 3348 930 1116 3349 932 1116 3350 930 1117 3351 890 1117 3352 889 1117 3353 891 1118 3354 932 1118 3355 933 1118 3356 932 1119 3357 891 1119 3358 890 1119 3359 892 1120 3360 933 1120 3361 937 1120 3362 933 1121 3363 892 1121 3364 891 1121 3365 937 1122 3366 944 1122 3367 877 1122 3368 937 1123 3369 877 1123 3370 892 1123 3371 944 1124 3372 878 1124 3373 877 1124 3374 944 1125 3375 948 1125 3376 878 1125 3377 879 1126 3378 948 1126 3379 955 1126 3380 948 1127 3381 879 1127 3382 878 1127 3383 960 1128 3384 880 1128 3385 955 1128 3386 880 1129 3387 879 1129 3388 955 1129 3389 959 1130 3390 881 1130 3391 960 1130 3392 960 1131 3393 881 1131 3394 880 1131 3395 958 1132 3396 882 1132 3397 959 1132 3398 959 1133 3399 882 1133 3400 881 1133 3401 953 1134 3402 883 1134 3403 958 1134 3404 958 1135 3405 883 1135 3406 882 1135 3407 950 1136 3408 884 1136 3409 953 1136 3410 953 1137 3411 884 1137 3412 883 1137 3413 946 1138 3414 885 1138 3415 950 1138 3416 950 1139 3417 885 1139 3418 884 1139 3419 954 1140 3420 859 1140 3421 951 1140 3422 947 1141 3423 951 1141 3424 863 1141 3425 951 1142 3426 859 1142 3427 863 1142 3428 867 1143 3429 945 1143 3430 947 1143 3431 947 1144 3432 863 1144 3433 867 1144 3434 941 1145 3435 945 1145 3436 871 1145 3437 945 1146 3438 867 1146 3439 871 1146 3440 940 1147 3441 941 1147 3442 874 1147 3443 941 1148 3444 871 1148 3445 874 1148 3446 1185 1149 3447 940 1149 3448 876 1149 3449 940 1150 3450 874 1150 3451 876 1150 3452 954 1151 3453 957 1151 3454 816 1151 3455 954 1152 3456 816 1152 3457 859 1152 3458 858 1153 3459 859 1153 3460 817 1153 3461 816 1154 3462 817 1154 3463 859 1154 3464 858 1155 3465 817 1155 3466 818 1155 3467 857 1156 3468 858 1156 3469 818 1156 3470 856 1157 3471 857 1157 3472 819 1157 3473 857 1158 3474 818 1158 3475 819 1158 3476 854 1159 3477 856 1159 3478 820 1159 3479 856 1160 3480 819 1160 3481 820 1160 3482 967 1161 3483 854 1161 3484 820 1161 3485 961 1162 3486 967 1162 3487 820 1162 3488 968 1163 3489 962 1163 3490 822 1163 3491 968 1164 3492 822 1164 3493 840 1164 3494 839 1165 3495 840 1165 3496 822 1165 3497 841 1166 3498 839 1166 3499 821 1166 3500 821 1167 3501 839 1167 3502 822 1167 3503 823 1168 3504 841 1168 3505 821 1168 3506 837 1169 3507 841 1169 3508 824 1169 3509 824 1170 3510 841 1170 3511 823 1170 3512 956 1171 3513 837 1171 3514 824 1171 3515 956 1172 3516 824 1172 3517 970 1172 3518 964 1173 3519 968 1173 3520 840 1173 3521 965 1174 3522 964 1174 3523 842 1174 3524 964 1175 3525 840 1175 3526 842 1175 3527 969 1176 3528 965 1176 3529 845 1176 3530 965 1177 3531 842 1177 3532 845 1177 3533 963 1178 3534 969 1178 3535 849 1178 3536 969 1179 3537 845 1179 3538 849 1179 3539 967 1180 3540 963 1180 3541 852 1180 3542 963 1181 3543 849 1181 3544 852 1181 3545 967 1182 3546 852 1182 3547 854 1182 3548 862 1183 3549 831 1183 3550 814 1183 3551 814 1184 3552 815 1184 3553 862 1184 3554 1137 1185 3555 1721 1185 3556 1720 1185 3557 969 1186 3558 961 1186 3559 1725 1186 3560 815 1187 3561 927 1187 3562 862 1187 3563 928 1188 3564 927 1188 3565 815 1188 3566 1186 1189 3567 1178 1189 3568 872 1189 3569 1186 1190 3570 924 1190 3571 1132 1190 3572 924 1191 3573 868 1191 3574 925 1191 3575 924 1192 3576 872 1192 3577 868 1192 3578 925 1193 3579 864 1193 3580 926 1193 3581 925 1194 3582 868 1194 3583 864 1194 3584 927 1195 3585 926 1195 3586 862 1195 3587 926 1196 3588 864 1196 3589 862 1196 3590 620 1197 3591 717 1197 3592 893 1197 3593 620 1198 3594 1120 1198 3595 619 1198 3596 123 1199 3597 119 1199 3598 1201 1199 3599 6 1200 3600 1142 1200 3601 3 1200 3602 13 1201 3603 1124 1201 3604 6 1201 3605 19 1202 3606 1125 1202 3607 13 1202 3608 19 1203 3609 1127 1203 3610 1126 1203 3611 49 1204 3612 1129 1204 3613 1128 1204 3614 53 1205 3615 1130 1205 3616 1129 1205 3617 57 1206 3618 1149 1206 3619 1130 1206 3620 61 1207 3621 1148 1207 3622 1149 1207 3623 67 1208 3624 1147 1208 3625 1148 1208 3626 74 1209 3627 1146 1209 3628 1147 1209 3629 82 1210 3630 1177 1210 3631 1178 1210 3632 1176 1211 3633 1175 1211 3634 82 1211 3635 87 1212 3636 1141 1212 3637 84 1212 3638 87 1213 3639 1137 1213 3640 1139 1213 3641 90 1214 3642 1135 1214 3643 1137 1214 3644 91 1215 3645 1136 1215 3646 1135 1215 3647 94 1216 3648 1138 1216 3649 1136 1216 3650 98 1217 3651 1138 1217 3652 96 1217 3653 100 1218 3654 1159 1218 3655 1158 1218 3656 1164 1219 3657 100 1219 3658 1165 1219 3659 102 1220 3660 1144 1220 3661 1145 1220 3662 105 1221 3663 1143 1221 3664 1144 1221 3665 3 1222 3666 1143 1222 3667 108 1222 3668 1150 1223 3669 1152 1223 3670 47 1223 3671 1191 1224 3672 1192 1224 3673 1156 1224 3674 364 1225 3675 475 1225 3676 474 1225 3677 210 1226 3678 17 1226 3679 11 1226 3680 23 1227 3681 1122 1227 3682 1127 1227 3683 49 1228 3684 1123 1228 3685 47 1228 3686 59 1229 3687 65 1229 3688 36 1229 3689 611 1230 3690 598 1230 3691 622 1230 3692 600 1231 3693 602 1231 3694 601 1231 3695 32 1232 3696 85 1232 3697 28 1232 3698 21 1233 3699 27 1233 3700 45 1233 3701 21 1234 3702 45 1234 3703 1202 1234 3704 1201 1235 3705 1202 1235 3706 45 1235 3707 1043 1236 3708 1205 1236 3709 1201 1236 3710 85 1237 3711 88 1237 3712 28 1237 3713 88 1238 3714 92 1238 3715 28 1238 3716 92 1239 3717 1195 1239 3718 1196 1239 3719 715 1240 3720 1208 1240 3721 714 1240 3722 714 1241 3723 1207 1241 3724 713 1241 3725 1207 1242 3726 710 1242 3727 713 1242 3728 613 1243 3729 615 1243 3730 711 1243 3731 602 1244 3732 600 1244 3733 717 1244 3734 589 1245 3735 717 1245 3736 600 1245 3737 613 1246 3738 711 1246 3739 611 1246 3740 611 1247 3741 711 1247 3742 598 1247 3743 591 1248 3744 1211 1248 3745 592 1248 3746 590 1249 3747 1210 1249 3748 591 1249 3749 1209 1250 3750 587 1250 3751 1043 1250 3752 592 1251 3753 1212 1251 3754 593 1251 3755 593 1252 3756 1213 1252 3757 594 1252 3758 595 1253 3759 1213 1253 3760 1214 1253 3761 596 1254 3762 1214 1254 3763 1215 1254 3764 622 1255 3765 596 1255 3766 1215 1255 3767 917 1256 3768 1215 1256 3769 45 1256 3770 917 1257 3771 622 1257 3772 1215 1257 3773 597 1258 3774 622 1258 3775 598 1258 3776 588 1259 3777 599 1259 3778 1053 1259 3779 1206 1260 3780 1205 1260 3781 585 1260 3782 1205 1261 3783 1043 1261 3784 587 1261 3785 1206 1262 3786 584 1262 3787 586 1262 3788 1205 1263 3789 587 1263 3790 585 1263 3791 127 1264 3792 129 1264 3793 1053 1264 3794 990 1265 3795 1019 1265 3796 1018 1265 3797 1053 1266 3798 1020 1266 3799 1019 1266 3800 115 1267 3801 117 1267 3802 982 1267 3803 1014 1268 3804 1015 1268 3805 1016 1268 3806 980 1269 3807 971 1269 3808 978 1269 3809 987 1270 3810 986 1270 3811 985 1270 3812 103 1271 3813 106 1271 3814 1017 1271 3815 670 1272 3816 99 1272 3817 665 1272 3818 1050 1273 3819 1196 1273 3820 1195 1273 3821 1031 1274 3822 674 1274 3823 103 1274 3824 1204 1275 3825 95 1275 3826 666 1275 3827 717 1276 3828 591 1276 3829 711 1276 3830 912 1277 3831 915 1277 3832 1057 1277 3833 997 1278 3834 1027 1278 3835 1038 1278 3836 938 1279 3837 950 1279 3838 960 1279 3839 1085 1280 3840 1077 1280 3841 1094 1280 3842 1262 1281 3843 1260 1281 3844 15 1281 3845 1265 1282 3846 1267 1282 3847 70 1282 3848 35 1283 3849 1233 1283 3850 81 1283 3851 81 1284 3852 1237 1284 3853 79 1284 3854 79 1285 3855 1235 1285 3856 77 1285 3857 77 1286 3858 1245 1286 3859 76 1286 3860 76 1287 3861 1239 1287 3862 73 1287 3863 73 1288 3864 1243 1288 3865 72 1288 3866 72 1289 3867 1241 1289 3868 70 1289 3869 70 1290 3870 1240 1290 3871 68 1290 3872 68 1291 3873 1242 1291 3874 66 1291 3875 66 1292 3876 1244 1292 3877 63 1292 3878 63 1293 3879 1238 1293 3880 62 1293 3881 62 1294 3882 1246 1294 3883 60 1294 3884 58 1295 3885 1246 1295 3886 1234 1295 3887 55 1296 3888 1234 1296 3889 1236 1296 3890 54 1297 3891 1236 1297 3892 1232 1297 3893 51 1298 3894 1232 1298 3895 1247 1298 3896 2 1299 3897 1247 1299 3898 1227 1299 3899 5 1300 3900 1227 1300 3901 1229 1300 3902 8 1301 3903 1229 1301 3904 1224 1301 3905 9 1302 3906 1224 1302 3907 1231 1302 3908 9 1303 3909 1219 1303 3910 12 1303 3911 12 1304 3912 1222 1304 3913 15 1304 3914 15 1305 3915 1217 1305 3916 16 1305 3917 16 1306 3918 1216 1306 3919 18 1306 3920 18 1307 3921 1218 1307 3922 20 1307 3923 20 1308 3924 1220 1308 3925 22 1308 3926 22 1309 3927 1220 1309 3928 1221 1309 3929 24 1310 3930 1225 1310 3931 26 1310 3932 26 1311 3933 1230 1311 3934 29 1311 3935 29 1312 3936 1228 1312 3937 30 1312 3938 30 1313 3939 1226 1313 3940 33 1313 3941 33 1314 3942 1248 1314 3943 35 1314 3944 1282 1315 3945 1277 1315 3946 1292 1315 3947 239 1316 3948 1277 1316 3949 1276 1316 3950 1298 1317 3951 1276 1317 3952 1282 1317 3953 241 1318 3954 1276 1318 3955 1275 1318 3956 1303 1319 3957 1275 1319 3958 1298 1319 3959 244 1320 3960 1275 1320 3961 1273 1320 3962 1293 1321 3963 1273 1321 3964 1303 1321 3965 245 1322 3966 1273 1322 3967 1272 1322 3968 1293 1323 3969 1270 1323 3970 1272 1323 3971 247 1324 3972 1272 1324 3973 1270 1324 3974 1283 1325 3975 1268 1325 3976 1270 1325 3977 249 1326 3978 1270 1326 3979 1268 1326 3980 1299 1327 3981 1266 1327 3982 1268 1327 3983 251 1328 3984 1268 1328 3985 1266 1328 3986 1284 1329 3987 1266 1329 3988 1302 1329 3989 254 1330 3990 1266 1330 3991 1263 1330 3992 1285 1331 3993 1263 1331 3994 1284 1331 3995 256 1332 3996 1263 1332 3997 1262 1332 3998 1285 1333 3999 1260 1333 4000 1262 1333 4001 257 1334 4002 1262 1334 4003 1260 1334 4004 1286 1335 4005 1258 1335 4006 1260 1335 4007 260 1336 4008 1260 1336 4009 1258 1336 4010 1301 1337 4011 1254 1337 4012 1258 1337 4013 261 1338 4014 1258 1338 4015 1254 1338 4016 1290 1339 4017 1256 1339 4018 1254 1339 4019 264 1340 4020 1254 1340 4021 1256 1340 4022 209 1341 4023 1249 1341 4024 1256 1341 4025 266 1342 4026 1256 1342 4027 1249 1342 4028 1296 1343 4029 1252 1343 4030 1249 1343 4031 268 1344 4032 1249 1344 4033 1252 1344 4034 213 1345 4035 1251 1345 4036 1252 1345 4037 270 1346 4038 1252 1346 4039 1251 1346 4040 1281 1347 4041 1250 1347 4042 1251 1347 4043 272 1348 4044 1251 1348 4045 1250 1348 4046 215 1349 4047 1253 1349 4048 1250 1349 4049 274 1350 4050 1250 1350 4051 1253 1350 4052 217 1351 4053 1255 1351 4054 1253 1351 4055 275 1352 4056 1253 1352 4057 1255 1352 4058 219 1353 4059 1257 1353 4060 1255 1353 4061 278 1354 4062 1255 1354 4063 1257 1354 4064 1289 1355 4065 1257 1355 4066 1288 1355 4067 279 1356 4068 1257 1356 4069 1259 1356 4070 224 1357 4071 1259 1357 4072 1289 1357 4073 281 1358 4074 1259 1358 4075 1261 1358 4076 226 1359 4077 1261 1359 4078 224 1359 4079 284 1360 4080 1261 1360 4081 1264 1360 4082 1294 1361 4083 1264 1361 4084 226 1361 4085 285 1362 4086 1264 1362 4087 1265 1362 4088 228 1363 4089 1265 1363 4090 1294 1363 4091 288 1364 4092 1265 1364 4093 1267 1364 4094 1297 1365 4095 1267 1365 4096 228 1365 4097 289 1366 4098 1267 1366 4099 1269 1366 4100 1300 1367 4101 1269 1367 4102 1297 1367 4103 291 1368 4104 1269 1368 4105 1271 1368 4106 1291 1369 4107 1271 1369 4108 1300 1369 4109 293 1370 4110 1271 1370 4111 1274 1370 4112 234 1371 4113 1274 1371 4114 1291 1371 4115 295 1372 4116 1274 1372 4117 1279 1372 4118 1287 1373 4119 1279 1373 4120 234 1373 4121 298 1374 4122 1279 1374 4123 1278 1374 4124 1295 1375 4125 1278 1375 4126 1287 1375 4127 300 1376 4128 1278 1376 4129 1280 1376 4130 1292 1377 4131 1280 1377 4132 1295 1377 4133 237 1378 4134 1280 1378 4135 1277 1378 4136 1285 1379 4137 1454 1379 4138 1286 1379 4139 1358 1380 4140 1403 1380 4141 1454 1380 4142 1433 1381 4143 1434 1381 4144 1403 1381 4145 1569 1382 4146 1518 1382 4147 1434 1382 4148 1518 1383 4149 1593 1383 4150 1570 1383 4151 1570 1384 4152 1324 1384 4153 1404 1384 4154 1404 1385 4155 1488 1385 4156 1519 1385 4157 1488 1386 4158 1543 1386 4159 1519 1386 4160 1543 1387 4161 1489 1387 4162 1359 1387 4163 1359 1388 4164 1330 1388 4165 1626 1388 4166 1626 1389 4167 1627 1389 4168 1321 1389 4169 1627 1390 4170 1676 1390 4171 1321 1390 4172 1676 1391 4173 1331 1391 4174 1455 1391 4175 1303 1392 4176 1332 1392 4177 1293 1392 4178 1571 1393 4179 1490 1393 4180 1332 1393 4181 1544 1394 4182 1456 1394 4183 1490 1394 4184 1545 1395 4185 1435 1395 4186 1456 1395 4187 1435 1396 4188 1406 1396 4189 1436 1396 4190 1436 1397 4191 1546 1397 4192 1547 1397 4193 1547 1398 4194 1437 1398 4195 1628 1398 4196 1437 1399 4197 1407 1399 4198 1628 1399 4199 1407 1400 4200 1699 1400 4201 1360 1400 4202 1360 1401 4203 1457 1401 4204 1572 1401 4205 1572 1402 4206 1630 1402 4207 1491 1402 4208 1630 1403 4209 1458 1403 4210 1491 1403 4211 1458 1404 4212 1700 1404 4213 1573 1404 4214 228 1405 4215 1574 1405 4216 1297 1405 4217 1361 1406 4218 1362 1406 4219 1574 1406 4220 1325 1407 4221 1521 1407 4222 1362 1407 4223 1521 1408 4224 1594 1408 4225 1701 1408 4226 1594 1409 4227 1319 1409 4228 1701 1409 4229 1702 1410 4230 1596 1410 4231 1319 1410 4232 1595 1411 4233 1333 1411 4234 1596 1411 4235 1333 1412 4236 1631 1412 4237 1334 1412 4238 1631 1413 4239 1632 1413 4240 1334 1413 4241 1575 1414 4242 1633 1414 4243 1632 1414 4244 1408 1415 4245 1492 1415 4246 1633 1415 4247 1492 1416 4248 1548 1416 4249 1597 1416 4250 1548 1417 4251 1409 1417 4252 1597 1417 4253 219 1418 4254 1634 1418 4255 1288 1418 4256 1576 1419 4257 1306 1419 4258 1634 1419 4259 1363 1420 4260 1364 1420 4261 1306 1420 4262 1364 1421 4263 1635 1421 4264 1365 1421 4265 1635 1422 4266 1636 1422 4267 1365 1422 4268 1383 1423 4269 1494 1423 4270 1636 1423 4271 1323 1424 4272 1637 1424 4273 1494 1424 4274 1637 1425 4275 1598 1425 4276 1703 1425 4277 1598 1426 4278 1461 1426 4279 1703 1426 4280 1704 1427 4281 1551 1427 4282 1461 1427 4283 1638 1428 4284 1599 1428 4285 1551 1428 4286 1599 1429 4287 1322 1429 4288 1462 1429 4289 1322 1430 4290 1335 1430 4291 1462 1430 4292 209 1431 4293 1705 1431 4294 1296 1431 4295 1522 1432 4296 1326 1432 4297 1705 1432 4298 1678 1433 4299 1412 1433 4300 1326 1433 4301 1577 1434 4302 1639 1434 4303 1412 1434 4304 1639 1435 4305 1640 1435 4306 1327 1435 4307 1327 1436 4308 1366 1436 4309 1463 1436 4310 1366 1437 4311 1641 1437 4312 1463 1437 4313 1496 1438 4314 1336 1438 4315 1641 1438 4316 1336 1439 4317 1384 1439 4318 1578 1439 4319 1578 1440 4320 1368 1440 4321 1413 1440 4322 1413 1441 4323 1337 1441 4324 1497 1441 4325 1337 1442 4326 1600 1442 4327 1497 1442 4328 1600 1443 4329 1523 1443 4330 1524 1443 4331 1287 1444 4332 1679 1444 4333 1295 1444 4334 1579 1445 4335 1601 1445 4336 1679 1445 4337 1498 1446 4338 1369 1446 4339 1601 1446 4340 1369 1447 4341 1465 1447 4342 1602 1447 4343 1465 1448 4344 1414 1448 4345 1602 1448 4346 1439 1449 4347 1642 1449 4348 1414 1449 4349 1680 1450 4350 1499 1450 4351 1642 1450 4352 1499 1451 4353 1415 1451 4354 1328 1451 4355 1415 1452 4356 1603 1452 4357 1328 1452 4358 1643 1453 4359 1706 1453 4360 1603 1453 4361 1681 1454 4362 1370 1454 4363 1706 1454 4364 1370 1455 4365 1604 1455 4366 1580 1455 4367 1604 1456 4368 1582 1456 4369 1580 1456 4370 1289 1457 4371 1606 1457 4372 224 1457 4373 1605 1458 4374 1417 1458 4375 1606 1458 4376 1500 1459 4377 1526 1459 4378 1417 1459 4379 1526 1460 4380 1707 1460 4381 1466 1460 4382 1707 1461 4383 1501 1461 4384 1466 1461 4385 1338 1462 4386 1644 1462 4387 1501 1462 4388 1607 1463 4389 1645 1463 4390 1644 1463 4391 1645 1464 4392 1385 1464 4393 1371 1464 4394 1385 1465 4395 1467 1465 4396 1371 1465 4397 1708 1466 4398 1646 1466 4399 1467 1466 4400 1553 1467 4401 1468 1467 4402 1646 1467 4403 1468 1468 4404 1386 1468 4405 1647 1468 4406 1386 1469 4407 1441 1469 4408 1647 1469 4409 1298 1470 4410 1571 1470 4411 1303 1470 4412 1709 1471 4413 1544 1471 4414 1571 1471 4415 1418 1472 4416 1545 1472 4417 1544 1472 4418 1419 1473 4419 1520 1473 4420 1545 1473 4421 1520 1474 4422 1469 1474 4423 1406 1474 4424 1406 1475 4425 1388 1475 4426 1546 1475 4427 1546 1476 4428 1683 1476 4429 1437 1476 4430 1683 1477 4431 1629 1477 4432 1437 1477 4433 1629 1478 4434 1527 1478 4435 1699 1478 4436 1699 1479 4437 1471 1479 4438 1457 1479 4439 1457 1480 4440 1442 1480 4441 1630 1480 4442 1442 1481 4443 1677 1481 4444 1630 1481 4445 1677 1482 4446 1554 1482 4447 1700 1482 4448 215 1483 4449 1528 1483 4450 217 1483 4451 1389 1484 4452 1710 1484 4453 1528 1484 4454 1502 1485 4455 1711 1485 4456 1710 1485 4457 1711 1486 4458 1372 1486 4459 1373 1486 4460 1372 1487 4461 1712 1487 4462 1373 1487 4463 1503 1488 4464 1390 1488 4465 1712 1488 4466 1374 1489 4467 1713 1489 4468 1390 1489 4469 1713 1490 4470 1375 1490 4471 1472 1490 4472 1375 1491 4473 1684 1491 4474 1472 1491 4475 1443 1492 4476 1421 1492 4477 1684 1492 4478 1444 1493 4479 1531 1493 4480 1421 1493 4481 1531 1494 4482 1648 1494 4483 1714 1494 4484 1648 1495 4485 1445 1495 4486 1714 1495 4487 224 1496 4488 1555 1496 4489 226 1496 4490 1606 1497 4491 1504 1497 4492 1555 1497 4493 1417 1498 4494 1556 1498 4495 1504 1498 4496 1556 1499 4497 1466 1499 4498 1685 1499 4499 1466 1500 4500 1585 1500 4501 1685 1500 4502 1501 1501 4503 1649 1501 4504 1585 1501 4505 1644 1502 4506 1686 1502 4507 1649 1502 4508 1686 1503 4509 1371 1503 4510 1392 1503 4511 1371 1504 4512 1687 1504 4513 1392 1504 4514 1467 1505 4515 1608 1505 4516 1687 1505 4517 1646 1506 4518 1339 1506 4519 1608 1506 4520 1339 1507 4521 1647 1507 4522 1422 1507 4523 1647 1508 4524 1650 1508 4525 1422 1508 4526 1295 1509 4527 1557 1509 4528 1292 1509 4529 1679 1510 4530 1609 1510 4531 1557 1510 4532 1601 1511 4533 1651 1511 4534 1609 1511 4535 1651 1512 4536 1602 1512 4537 1652 1512 4538 1602 1513 4539 1320 1513 4540 1652 1513 4541 1414 1514 4542 1505 1514 4543 1320 1514 4544 1642 1515 4545 1393 1515 4546 1505 1515 4547 1393 1516 4548 1328 1516 4549 1610 1516 4550 1328 1517 4551 1558 1517 4552 1610 1517 4553 1603 1518 4554 1532 1518 4555 1558 1518 4556 1706 1519 4557 1611 1519 4558 1532 1519 4559 1611 1520 4560 1580 1520 4561 1340 1520 4562 1580 1521 4563 1653 1521 4564 1340 1521 4565 1296 1522 4566 1446 1522 4567 213 1522 4568 1705 1523 4569 1559 1523 4570 1446 1523 4571 1326 1524 4572 1341 1524 4573 1559 1524 4574 1412 1525 4575 1688 1525 4576 1341 1525 4577 1688 1526 4578 1327 1526 4579 1376 1526 4580 1376 1527 4581 1463 1527 4582 1315 1527 4583 1315 1528 4584 1641 1528 4585 1447 1528 4586 1641 1529 4587 1316 1529 4588 1447 1529 4589 1316 1530 4590 1578 1530 4591 1342 1530 4592 1342 1531 4593 1413 1531 4594 1560 1531 4595 1560 1532 4596 1497 1532 4597 1317 1532 4598 1497 1533 4599 1561 1533 4600 1317 1533 4601 1561 1534 4602 1524 1534 4603 1533 1534 4604 1294 1535 4605 1361 1535 4606 228 1535 4607 1473 1536 4608 1325 1536 4609 1361 1536 4610 1343 1537 4611 1459 1537 4612 1325 1537 4613 1459 1538 4614 1394 1538 4615 1594 1538 4616 1394 1539 4617 1702 1539 4618 1594 1539 4619 1423 1540 4620 1595 1540 4621 1702 1540 4622 1612 1541 4623 1460 1541 4624 1595 1541 4625 1460 1542 4626 1534 1542 4627 1631 1542 4628 1534 1543 4629 1575 1543 4630 1631 1543 4631 1318 1544 4632 1408 1544 4633 1575 1544 4634 1654 1545 4635 1438 1545 4636 1408 1545 4637 1438 1546 4638 1475 1546 4639 1548 1546 4640 1475 1547 4641 1549 1547 4642 1548 1547 4643 1299 1548 4644 1425 1548 4645 1302 1548 4646 1613 1549 4647 1395 1549 4648 1425 1549 4649 1586 1550 4650 1307 1550 4651 1395 1550 4652 1506 1551 4653 1690 1551 4654 1307 1551 4655 1690 1552 4656 1656 1552 4657 1691 1552 4658 1691 1553 4659 1396 1553 4660 1657 1553 4661 1657 1554 4662 1426 1554 4663 1692 1554 4664 1426 1555 4665 1587 1555 4666 1692 1555 4667 1587 1556 4668 1507 1556 4669 1448 1556 4670 1448 1557 4671 1508 1557 4672 1535 1557 4673 1535 1558 4674 1314 1558 4675 1614 1558 4676 1314 1559 4677 1536 1559 4678 1614 1559 4679 1536 1560 4680 1313 1560 4681 1658 1560 4682 1284 1561 4683 1358 1561 4684 1285 1561 4685 1659 1562 4686 1433 1562 4687 1358 1562 4688 1309 1563 4689 1569 1563 4690 1433 1563 4691 1345 1564 4692 1382 1564 4693 1569 1564 4694 1382 1565 4695 1588 1565 4696 1593 1565 4697 1593 1566 4698 1308 1566 4699 1324 1566 4700 1324 1567 4701 1589 1567 4702 1488 1567 4703 1589 1568 4704 1329 1568 4705 1488 1568 4706 1329 1569 4707 1615 1569 4708 1489 1569 4709 1489 1570 4710 1509 1570 4711 1330 1570 4712 1330 1571 4713 1346 1571 4714 1627 1571 4715 1346 1572 4716 1405 1572 4717 1627 1572 4718 1405 1573 4719 1537 1573 4720 1331 1573 4721 219 1574 4722 1528 1574 4723 1576 1574 4724 1576 1575 4725 1710 1575 4726 1363 1575 4727 1363 1576 4728 1711 1576 4729 1493 1576 4730 1493 1577 4731 1373 1577 4732 1635 1577 4733 1373 1578 4734 1383 1578 4735 1635 1578 4736 1712 1579 4737 1323 1579 4738 1383 1579 4739 1390 1580 4740 1550 1580 4741 1323 1580 4742 1550 1581 4743 1472 1581 4744 1598 1581 4745 1472 1582 4746 1704 1582 4747 1598 1582 4748 1684 1583 4749 1638 1583 4750 1704 1583 4751 1421 1584 4752 1410 1584 4753 1638 1584 4754 1410 1585 4755 1714 1585 4756 1322 1585 4757 1714 1586 4758 1411 1586 4759 1322 1586 4760 1293 1587 4761 1510 1587 4762 1283 1587 4763 1332 1588 4764 1715 1588 4765 1510 1588 4766 1490 1589 4767 1663 1589 4768 1715 1589 4769 1456 1590 4770 1397 1590 4771 1663 1590 4772 1397 1591 4773 1436 1591 4774 1310 1591 4775 1310 1592 4776 1547 1592 4777 1538 1592 4778 1538 1593 4779 1628 1593 4780 1590 1593 4781 1628 1594 4782 1694 1594 4783 1590 1594 4784 1694 1595 4785 1360 1595 4786 1449 1595 4787 1449 1596 4788 1572 1596 4789 1563 1596 4790 1563 1597 4791 1491 1597 4792 1476 1597 4793 1491 1598 4794 1311 1598 4795 1476 1598 4796 1311 1599 4797 1573 1599 4798 1312 1599 4799 1286 1600 4800 1664 1600 4801 1301 1600 4802 1454 1601 4803 1665 1601 4804 1664 1601 4805 1403 1602 4806 1427 1602 4807 1665 1602 4808 1434 1603 4809 1398 1603 4810 1427 1603 4811 1398 1604 4812 1570 1604 4813 1428 1604 4814 1428 1605 4815 1404 1605 4816 1304 1605 4817 1304 1606 4818 1519 1606 4819 1477 1606 4820 1519 1607 4821 1478 1607 4822 1477 1607 4823 1478 1608 4824 1359 1608 4825 1450 1608 4826 1450 1609 4827 1626 1609 4828 1347 1609 4829 1347 1610 4830 1321 1610 4831 1377 1610 4832 1321 1611 4833 1511 1611 4834 1377 1611 4835 1511 1612 4836 1455 1612 4837 1451 1612 4838 1300 1613 4839 1666 1613 4840 1291 1613 4841 1429 1614 4842 1616 1614 4843 1666 1614 4844 1452 1615 4845 1667 1615 4846 1616 1615 4847 1667 1616 4848 1378 1616 4849 1716 1616 4850 1378 1617 4851 1617 1617 4852 1716 1617 4853 1379 1618 4854 1540 1618 4855 1617 1618 4856 1399 1619 4857 1479 1619 4858 1540 1619 4859 1479 1620 4860 1564 1620 4861 1480 1620 4862 1564 1621 4863 1349 1621 4864 1480 1621 4865 1348 1622 4866 1668 1622 4867 1349 1622 4868 1618 1623 4869 1481 1623 4870 1668 1623 4871 1481 1624 4872 1400 1624 4873 1401 1624 4874 1400 1625 4875 1453 1625 4876 1401 1625 4877 1292 1626 4878 1567 1626 4879 1282 1626 4880 1557 1627 4881 1717 1627 4882 1567 1627 4883 1609 1628 4884 1591 1628 4885 1717 1628 4886 1651 1629 4887 1380 1629 4888 1591 1629 4889 1380 1630 4890 1320 1630 4891 1592 1630 4892 1592 1631 4893 1505 1631 4894 1619 1631 4895 1619 1632 4896 1393 1632 4897 1350 1632 4898 1393 1633 4899 1620 1633 4900 1350 1633 4901 1620 1634 4902 1558 1634 4903 1512 1634 4904 1512 1635 4905 1532 1635 4906 1541 1635 4907 1541 1636 4908 1611 1636 4909 1718 1636 4910 1611 1637 4911 1482 1637 4912 1718 1637 4913 1482 1638 4914 1653 1638 4915 1430 1638 4916 1300 1639 4917 1574 1639 4918 1429 1639 4919 1429 1640 4920 1362 1640 4921 1452 1640 4922 1452 1641 4923 1521 1641 4924 1539 1641 4925 1539 1642 4926 1701 1642 4927 1378 1642 4928 1701 1643 4929 1379 1643 4930 1378 1643 4931 1319 1644 4932 1399 1644 4933 1379 1644 4934 1596 1645 4935 1695 1645 4936 1399 1645 4937 1695 1646 4938 1334 1646 4939 1564 1646 4940 1334 1647 4941 1348 1647 4942 1564 1647 4943 1632 1648 4944 1618 1648 4945 1348 1648 4946 1633 1649 4947 1565 1649 4948 1618 1649 4949 1565 1650 4950 1597 1650 4951 1400 1650 4952 1597 1651 4953 1566 1651 4954 1400 1651 4955 1294 1652 4956 1555 1652 4957 1473 1652 4958 1473 1653 4959 1504 1653 4960 1343 1653 4961 1343 1654 4962 1556 1654 4963 1474 1654 4964 1474 1655 4965 1685 1655 4966 1394 1655 4967 1685 1656 4968 1423 1656 4969 1394 1656 4970 1585 1657 4971 1612 1657 4972 1423 1657 4973 1649 1658 4974 1424 1658 4975 1612 1658 4976 1424 1659 4977 1392 1659 4978 1534 1659 4979 1392 1660 4980 1318 1660 4981 1534 1660 4982 1687 1661 4983 1654 1661 4984 1318 1661 4985 1608 1662 4986 1689 1662 4987 1654 1662 4988 1689 1663 4989 1422 1663 4990 1475 1663 4991 1422 1664 4992 1655 1664 4993 1475 1664 4994 1291 1665 4995 1381 1665 4996 234 1665 4997 1666 1666 4998 1483 1666 4999 1381 1666 5000 1616 1667 5001 1513 1667 5002 1483 1667 5003 1513 1668 5004 1716 1668 5005 1568 1668 5006 1716 1669 5007 1669 1669 5008 1568 1669 5009 1617 1670 5010 1402 1670 5011 1669 1670 5012 1540 1671 5013 1542 1671 5014 1402 1671 5015 1542 1672 5016 1480 1672 5017 1484 1672 5018 1480 1673 5019 1514 1673 5020 1484 1673 5021 1349 1674 5022 1515 1674 5023 1514 1674 5024 1668 1675 5025 1431 1675 5026 1515 1675 5027 1431 1676 5028 1401 1676 5029 1670 1676 5030 1401 1677 5031 1719 1677 5032 1670 1677 5033 1287 1678 5034 1381 1678 5035 1579 1678 5036 1579 1679 5037 1483 1679 5038 1498 1679 5039 1498 1680 5040 1513 1680 5041 1464 1680 5042 1464 1681 5043 1568 1681 5044 1465 1681 5045 1568 1682 5046 1439 1682 5047 1465 1682 5048 1439 1683 5049 1402 1683 5050 1680 1683 5051 1402 1684 5052 1525 1684 5053 1680 1684 5054 1525 1685 5055 1484 1685 5056 1415 1685 5057 1484 1686 5058 1643 1686 5059 1415 1686 5060 1514 1687 5061 1681 1687 5062 1643 1687 5063 1515 1688 5064 1416 1688 5065 1681 1688 5066 1416 1689 5067 1670 1689 5068 1604 1689 5069 1670 1690 5070 1581 1690 5071 1604 1690 5072 213 1691 5073 1621 1691 5074 1281 1691 5075 1446 1692 5076 1432 1692 5077 1621 1692 5078 1559 1693 5079 1351 1693 5080 1432 1693 5081 1341 1694 5082 1352 1694 5083 1351 1694 5084 1352 1695 5085 1376 1695 5086 1353 1695 5087 1353 1696 5088 1315 1696 5089 1671 1696 5090 1671 1697 5091 1447 1697 5092 1354 1697 5093 1447 1698 5094 1622 1698 5095 1354 1698 5096 1622 1699 5097 1342 1699 5098 1623 1699 5099 1623 1700 5100 1560 1700 5101 1624 1700 5102 1624 1701 5103 1317 1701 5104 1625 1701 5105 1317 1702 5106 1355 1702 5107 1625 1702 5108 1355 1703 5109 1533 1703 5110 1672 1703 5111 1290 1704 5112 1522 1704 5113 209 1704 5114 1696 1705 5115 1678 1705 5116 1522 1705 5117 1673 1706 5118 1577 1706 5119 1678 1706 5120 1674 1707 5121 1495 1707 5122 1577 1707 5123 1495 1708 5124 1697 1708 5125 1640 1708 5126 1640 1709 5127 1485 1709 5128 1366 1709 5129 1366 1710 5130 1486 1710 5131 1496 1710 5132 1486 1711 5133 1367 1711 5134 1496 1711 5135 1367 1712 5136 1487 1712 5137 1384 1712 5138 1384 1713 5139 1516 1713 5140 1368 1713 5141 1368 1714 5142 1517 1714 5143 1337 1714 5144 1517 1715 5145 1552 1715 5146 1337 1715 5147 1552 1716 5148 1357 1716 5149 1523 1716 5150 1299 1717 5151 1510 1717 5152 1613 1717 5153 1613 1718 5154 1715 1718 5155 1586 1718 5156 1586 1719 5157 1663 1719 5158 1506 1719 5159 1663 1720 5160 1562 1720 5161 1506 1720 5162 1562 1721 5163 1310 1721 5164 1656 1721 5165 1656 1722 5166 1538 1722 5167 1396 1722 5168 1396 1723 5169 1590 1723 5170 1426 1723 5171 1590 1724 5172 1693 1724 5173 1426 1724 5174 1693 1725 5175 1449 1725 5176 1507 1725 5177 1507 1726 5178 1563 1726 5179 1508 1726 5180 1508 1727 5181 1476 1727 5182 1314 1727 5183 1476 1728 5184 1344 1728 5185 1314 1728 5186 1344 1729 5187 1312 1729 5188 1313 1729 5189 1284 1730 5190 1425 1730 5191 1659 1730 5192 1659 1731 5193 1395 1731 5194 1309 1731 5195 1309 1732 5196 1307 1732 5197 1345 1732 5198 1307 1733 5199 1660 1733 5200 1345 1733 5201 1660 1734 5202 1691 1734 5203 1588 1734 5204 1588 1735 5205 1657 1735 5206 1308 1735 5207 1308 1736 5208 1692 1736 5209 1589 1736 5210 1692 1737 5211 1661 1737 5212 1589 1737 5213 1661 1738 5214 1448 1738 5215 1615 1738 5216 1615 1739 5217 1535 1739 5218 1509 1739 5219 1509 1740 5220 1614 1740 5221 1346 1740 5222 1614 1741 5223 1662 1741 5224 1346 1741 5225 1662 1742 5226 1658 1742 5227 1537 1742 5228 1289 1743 5229 1634 1743 5230 1605 1743 5231 1605 1744 5232 1306 1744 5233 1500 1744 5234 1500 1745 5235 1364 1745 5236 1583 1745 5237 1583 1746 5238 1365 1746 5239 1707 1746 5240 1365 1747 5241 1338 1747 5242 1707 1747 5243 1636 1748 5244 1607 1748 5245 1338 1748 5246 1494 1749 5247 1682 1749 5248 1607 1749 5249 1682 1750 5250 1703 1750 5251 1385 1750 5252 1703 1751 5253 1708 1751 5254 1385 1751 5255 1461 1752 5256 1553 1752 5257 1708 1752 5258 1551 1753 5259 1440 1753 5260 1553 1753 5261 1440 1754 5262 1462 1754 5263 1386 1754 5264 1462 1755 5265 1387 1755 5266 1386 1755 5267 1298 1756 5268 1567 1756 5269 1709 1756 5270 1709 1757 5271 1717 1757 5272 1418 1757 5273 1418 1758 5274 1591 1758 5275 1419 1758 5276 1591 1759 5277 1305 1759 5278 1419 1759 5279 1305 1760 5280 1592 1760 5281 1469 1760 5282 1469 1761 5283 1619 1761 5284 1388 1761 5285 1388 1762 5286 1350 1762 5287 1683 1762 5288 1350 1763 5289 1470 1763 5290 1683 1763 5291 1470 1764 5292 1512 1764 5293 1527 1764 5294 1527 1765 5295 1541 1765 5296 1471 1765 5297 1471 1766 5298 1718 1766 5299 1442 1766 5300 1718 1767 5301 1420 1767 5302 1442 1767 5303 1420 1768 5304 1430 1768 5305 1554 1768 5306 1290 1769 5307 1664 1769 5308 1696 1769 5309 1696 1770 5310 1665 1770 5311 1673 1770 5312 1673 1771 5313 1427 1771 5314 1674 1771 5315 1427 1772 5316 1356 1772 5317 1674 1772 5318 1356 1773 5319 1428 1773 5320 1697 1773 5321 1697 1774 5322 1304 1774 5323 1485 1774 5324 1485 1775 5325 1477 1775 5326 1486 1775 5327 1477 1776 5328 1698 1776 5329 1486 1776 5330 1698 1777 5331 1450 1777 5332 1487 1777 5333 1487 1778 5334 1347 1778 5335 1516 1778 5336 1516 1779 5337 1377 1779 5338 1517 1779 5339 1377 1780 5340 1675 1780 5341 1517 1780 5342 1675 1781 5343 1451 1781 5344 1357 1781 5345 215 1782 5346 1621 1782 5347 1389 1782 5348 1389 1783 5349 1432 1783 5350 1502 1783 5351 1502 1784 5352 1351 1784 5353 1529 1784 5354 1529 1785 5355 1352 1785 5356 1372 1785 5357 1372 1786 5358 1353 1786 5359 1503 1786 5360 1503 1787 5361 1671 1787 5362 1374 1787 5363 1374 1788 5364 1354 1788 5365 1584 1788 5366 1584 1789 5367 1622 1789 5368 1375 1789 5369 1375 1790 5370 1623 1790 5371 1443 1790 5372 1443 1791 5373 1624 1791 5374 1444 1791 5375 1444 1792 5376 1625 1792 5377 1530 1792 5378 1530 1793 5379 1355 1793 5380 1648 1793 5381 1355 1794 5382 1391 1794 5383 1648 1794 5384 364 1795 5385 474 1795 5386 365 1795 5387 211 1796 5388 11 1796 5389 210 1796 5390 365 1797 5391 1331 1797 5392 1537 1797 5393 365 1798 5394 1335 1798 5395 1411 1798 5396 474 1799 5397 1581 1799 5398 1719 1799 5399 1720 1800 5400 1721 1800 5401 4 1800 5402 4 1801 5403 1723 1801 5404 1725 1801 5405 7 1802 5406 1723 1802 5407 10 1802 5408 7 1803 5409 1724 1803 5410 1722 1803 5411 1 1804 5412 10 1804 5413 4 1804 5414 495 1805 5415 575 1805 5416 259 1805 5417 107 1806 5418 242 1806 5419 210 1806 5420 227 1807 5421 262 1807 5422 128 1807 5423 1222 1808 5424 1219 1808 5425 365 1808 5426 365 1809 5427 384 1809 5428 1216 1809 5429 384 1810 5430 1221 1810 5431 1220 1810 5432 384 1811 5433 1220 1811 5434 1218 1811 5435 1217 1812 5436 1222 1812 5437 365 1812 5438 1216 1813 5439 1217 1813 5440 365 1813 5441 384 1814 5442 110 1814 5443 1233 1814 5444 110 1815 5445 11 1815 5446 1240 1815 5447 1233 1816 5448 110 1816 5449 1237 1816 5450 365 1817 5451 1219 1817 5452 1231 1817 5453 365 1818 5454 1231 1818 5455 1224 1818 5456 1223 1819 5457 1221 1819 5458 384 1819 5459 1225 1820 5460 1223 1820 5461 384 1820 5462 365 1821 5463 1224 1821 5464 1229 1821 5465 365 1822 5466 1229 1822 5467 1227 1822 5468 1230 1823 5469 1225 1823 5470 384 1823 5471 1228 1824 5472 1230 1824 5473 384 1824 5474 365 1825 5475 1227 1825 5476 1247 1825 5477 365 1826 5478 1247 1826 5479 1232 1826 5480 1226 1827 5481 1228 1827 5482 384 1827 5483 1248 1828 5484 1226 1828 5485 384 1828 5486 11 1829 5487 365 1829 5488 1232 1829 5489 11 1830 5490 1232 1830 5491 1236 1830 5492 1233 1831 5493 1248 1831 5494 384 1831 5495 1237 1832 5496 110 1832 5497 1235 1832 5498 11 1833 5499 1236 1833 5500 1234 1833 5501 11 1834 5502 1234 1834 5503 1246 1834 5504 1235 1835 5505 110 1835 5506 1245 1835 5507 1245 1836 5508 110 1836 5509 1239 1836 5510 11 1837 5511 1246 1837 5512 1238 1837 5513 11 1838 5514 1238 1838 5515 1244 1838 5516 1239 1839 5517 110 1839 5518 1243 1839 5519 1243 1840 5520 110 1840 5521 1241 1840 5522 11 1841 5523 1244 1841 5524 1242 1841 5525 11 1842 5526 1242 1842 5527 1240 1842 5528 355 1843 5529 242 1843 5530 107 1843 5531 575 1844 5532 565 1844 5533 280 1844 5534 565 1845 5535 555 1845 5536 304 1845 5537 555 1846 5538 545 1846 5539 314 1846 5540 545 1847 5541 535 1847 5542 324 1847 5543 324 1848 5544 535 1848 5545 525 1848 5546 525 1849 5547 515 1849 5548 344 1849 5549 282 1850 5550 305 1850 5551 149 1850 5552 394 1851 5553 374 1851 5554 69 1851 5555 404 1852 5556 394 1852 5557 130 1852 5558 414 1853 5559 404 1853 5560 140 1853 5561 424 1854 5562 414 1854 5563 150 1854 5564 434 1855 5565 424 1855 5566 160 1855 5567 444 1856 5568 434 1856 5569 170 1856 5570 454 1857 5571 444 1857 5572 180 1857 5573 464 1858 5574 454 1858 5575 190 1858 5576 384 1859 5577 464 1859 5578 200 1859 5579 515 1860 5580 505 1860 5581 354 1860 5582 262 1861 5583 282 1861 5584 139 1861 5585 305 1862 5586 315 1862 5587 159 1862 5588 315 1863 5589 325 1863 5590 169 1863 5591 325 1864 5592 335 1864 5593 179 1864 5594 335 1865 5595 345 1865 5596 189 1865 5597 345 1866 5598 355 1866 5599 199 1866 5600 395 1867 5601 405 1867 5602 564 1867 5603 465 1868 5604 385 1868 5605 484 1868 5606 455 1869 5607 465 1869 5608 504 1869 5609 445 1870 5610 455 1870 5611 514 1870 5612 435 1871 5613 445 1871 5614 524 1871 5615 425 1872 5616 435 1872 5617 534 1872 5618 415 1873 5619 425 1873 5620 544 1873 5621 405 1874 5622 415 1874 5623 554 1874 5624 382 1875 5625 383 1875 5626 381 1875 5627 383 1876 5628 375 1876 5629 381 1876 5630 375 1877 5631 494 1877 5632 971 1877 5633 494 1878 5634 496 1878 5635 498 1878 5636 375 1879 5637 974 1879 5638 975 1879 5639 496 1880 5640 497 1880 5641 498 1880 5642 498 1881 5643 1008 1881 5644 494 1881 5645 1008 1882 5646 1011 1882 5647 494 1882 5648 993 1883 5649 995 1883 5650 992 1883 5651 1011 1884 5652 993 1884 5653 992 1884 5654 974 1885 5655 375 1885 5656 971 1885 5657 989 1886 5658 380 1886 5659 375 1886 5660 380 1887 5661 381 1887 5662 375 1887 5663 988 1888 5664 989 1888 5665 375 1888 5666 981 1889 5667 375 1889 5668 980 1889 5669 1011 1890 5670 992 1890 5671 494 1890 5672 992 1891 5673 994 1891 5674 1016 1891 5675 983 1892 5676 494 1892 5677 992 1892 5678 375 1893 5679 981 1893 5680 982 1893 5681 988 1894 5682 375 1894 5683 987 1894 5684 987 1895 5685 375 1895 5686 986 1895 5687 494 1896 5688 983 1896 5689 984 1896 5690 994 1897 5691 998 1897 5692 1016 1897 5693 998 1898 5694 996 1898 5695 1007 1898 5696 998 1899 5697 1007 1899 5698 999 1899 5699 1007 1900 5700 1003 1900 5701 1001 1900 5702 999 1901 5703 1007 1901 5704 1001 1901 5705 986 1902 5706 375 1902 5707 985 1902 5708 985 1903 5709 375 1903 5710 982 1903 5711 980 1904 5712 375 1904 5713 975 1904 5714 971 1905 5715 494 1905 5716 972 1905 5717 972 1906 5718 494 1906 5719 973 1906 5720 973 1907 5721 494 1907 5722 979 1907 5723 979 1908 5724 494 1908 5725 978 1908 5726 978 1909 5727 494 1909 5728 977 1909 5729 977 1910 5730 494 1910 5731 976 1910 5732 976 1911 5733 494 1911 5734 984 1911 5735 983 1912 5736 992 1912 5737 1014 1912 5738 1014 1913 5739 992 1913 5740 1015 1913 5741 1015 1914 5742 992 1914 5743 1016 1914 5744 1016 1915 5745 998 1915 5746 1017 1915 5747 1017 1916 5748 998 1916 5749 999 1916 5750 1021 1917 5751 1052 1917 5752 1031 1917 5753 1003 1918 5754 1021 1918 5755 1002 1918 5756 1001 1919 5757 1003 1919 5758 1002 1919 5759 1021 1920 5760 1031 1920 5761 1025 1920 5762 375 1921 5763 395 1921 5764 574 1921 5765 130 1922 5766 69 1922 5767 104 1922 5768 138 1923 5769 104 1923 5770 101 1923 5771 137 1924 5772 101 1924 5773 97 1924 5774 136 1925 5775 97 1925 5776 93 1925 5777 135 1926 5778 93 1926 5779 89 1926 5780 89 1927 5781 86 1927 5782 133 1927 5783 86 1928 5784 83 1928 5785 132 1928 5786 83 1929 5787 78 1929 5788 131 1929 5789 78 1930 5790 64 1930 5791 128 1930 5792 140 1931 5793 130 1931 5794 138 1931 5795 148 1932 5796 138 1932 5797 137 1932 5798 147 1933 5799 137 1933 5800 136 1933 5801 146 1934 5802 136 1934 5803 135 1934 5804 135 1935 5805 134 1935 5806 144 1935 5807 134 1936 5808 133 1936 5809 143 1936 5810 133 1937 5811 132 1937 5812 142 1937 5813 132 1938 5814 131 1938 5815 141 1938 5816 131 1939 5817 128 1939 5818 139 1939 5819 150 1940 5820 140 1940 5821 148 1940 5822 158 1941 5823 148 1941 5824 147 1941 5825 157 1942 5826 147 1942 5827 146 1942 5828 156 1943 5829 146 1943 5830 145 1943 5831 145 1944 5832 144 1944 5833 154 1944 5834 144 1945 5835 143 1945 5836 153 1945 5837 143 1946 5838 142 1946 5839 152 1946 5840 142 1947 5841 141 1947 5842 151 1947 5843 141 1948 5844 139 1948 5845 149 1948 5846 160 1949 5847 150 1949 5848 158 1949 5849 168 1950 5850 158 1950 5851 157 1950 5852 167 1951 5853 157 1951 5854 156 1951 5855 166 1952 5856 156 1952 5857 155 1952 5858 155 1953 5859 154 1953 5860 164 1953 5861 154 1954 5862 153 1954 5863 163 1954 5864 153 1955 5865 152 1955 5866 162 1955 5867 152 1956 5868 151 1956 5869 161 1956 5870 151 1957 5871 149 1957 5872 159 1957 5873 170 1958 5874 160 1958 5875 168 1958 5876 178 1959 5877 168 1959 5878 167 1959 5879 177 1960 5880 167 1960 5881 166 1960 5882 176 1961 5883 166 1961 5884 165 1961 5885 165 1962 5886 164 1962 5887 174 1962 5888 164 1963 5889 163 1963 5890 173 1963 5891 163 1964 5892 162 1964 5893 172 1964 5894 162 1965 5895 161 1965 5896 171 1965 5897 161 1966 5898 159 1966 5899 169 1966 5900 180 1967 5901 170 1967 5902 178 1967 5903 188 1968 5904 178 1968 5905 177 1968 5906 187 1969 5907 177 1969 5908 176 1969 5909 186 1970 5910 176 1970 5911 175 1970 5912 185 1971 5913 175 1971 5914 174 1971 5915 174 1972 5916 173 1972 5917 183 1972 5918 173 1973 5919 172 1973 5920 182 1973 5921 172 1974 5922 171 1974 5923 181 1974 5924 171 1975 5925 169 1975 5926 179 1975 5927 190 1976 5928 180 1976 5929 188 1976 5930 198 1977 5931 188 1977 5932 187 1977 5933 197 1978 5934 187 1978 5935 186 1978 5936 196 1979 5937 186 1979 5938 185 1979 5939 195 1980 5940 185 1980 5941 184 1980 5942 184 1981 5943 183 1981 5944 193 1981 5945 183 1982 5946 182 1982 5947 192 1982 5948 182 1983 5949 181 1983 5950 191 1983 5951 181 1984 5952 179 1984 5953 189 1984 5954 200 1985 5955 190 1985 5956 198 1985 5957 208 1986 5958 198 1986 5959 197 1986 5960 207 1987 5961 197 1987 5962 196 1987 5963 206 1988 5964 196 1988 5965 195 1988 5966 195 1989 5967 194 1989 5968 204 1989 5969 194 1990 5970 193 1990 5971 203 1990 5972 193 1991 5973 192 1991 5974 202 1991 5975 192 1992 5976 191 1992 5977 201 1992 5978 191 1993 5979 189 1993 5980 199 1993 5981 110 1994 5982 200 1994 5983 208 1994 5984 126 1995 5985 208 1995 5986 207 1995 5987 124 1996 5988 207 1996 5989 206 1996 5990 122 1997 5991 206 1997 5992 205 1997 5993 120 1998 5994 205 1998 5995 204 1998 5996 204 1999 5997 203 1999 5998 116 1999 5999 203 2000 6000 202 2000 6001 114 2000 6002 202 2001 6003 201 2001 6004 112 2001 6005 201 2002 6006 199 2002 6007 107 2002 6008 11 2003 6009 110 2003 6010 126 2003 6011 25 2004 6012 126 2004 6013 124 2004 6014 31 2005 6015 124 2005 6016 122 2005 6017 37 2006 6018 122 2006 6019 120 2006 6020 120 2007 6021 118 2007 6022 42 2007 6023 118 2008 6024 116 2008 6025 46 2008 6026 116 2009 6027 114 2009 6028 50 2009 6029 114 2010 6030 112 2010 6031 56 2010 6032 112 2011 6033 107 2011 6034 17 2011 6035 371 2012 6036 372 2012 6037 373 2012 6038 373 2013 6039 365 2013 6040 364 2013 6041 364 2014 6042 366 2014 6043 369 2014 6044 366 2015 6045 367 2015 6046 369 2015 6047 367 2016 6048 368 2016 6049 369 2016 6050 369 2017 6051 370 2017 6052 371 2017 6053 371 2018 6054 373 2018 6055 369 2018 6056 46 2019 6057 50 2019 6058 56 2019 6059 56 2020 6060 17 2020 6061 11 2020 6062 11 2021 6063 25 2021 6064 31 2021 6065 31 2022 6066 37 2022 6067 11 2022 6068 37 2023 6069 39 2023 6070 11 2023 6071 39 2024 6072 42 2024 6073 46 2024 6074 46 2025 6075 56 2025 6076 39 2025 6077 222 2026 6078 223 2026 6079 211 2026 6080 211 2027 6081 210 2027 6082 222 2027 6083 210 2028 6084 212 2028 6085 222 2028 6086 212 2029 6087 214 2029 6088 216 2029 6089 216 2030 6090 218 2030 6091 212 2030 6092 218 2031 6093 220 2031 6094 212 2031 6095 220 2032 6096 221 2032 6097 212 2032 6098 482 2033 6099 483 2033 6100 476 2033 6101 483 2034 6102 475 2034 6103 476 2034 6104 475 2035 6105 474 2035 6106 476 2035 6107 476 2036 6108 477 2036 6109 480 2036 6110 477 2037 6111 478 2037 6112 480 2037 6113 478 2038 6114 479 2038 6115 480 2038 6116 480 2039 6117 481 2039 6118 482 2039 6119 259 2040 6120 263 2040 6121 229 2040 6122 263 2041 6123 265 2041 6124 230 2041 6125 265 2042 6126 267 2042 6127 231 2042 6128 267 2043 6129 269 2043 6130 232 2043 6131 232 2044 6132 269 2044 6133 271 2044 6134 233 2045 6135 271 2045 6136 273 2045 6137 235 2046 6138 273 2046 6139 276 2046 6140 236 2047 6141 276 2047 6142 277 2047 6143 238 2048 6144 277 2048 6145 262 2048 6146 280 2049 6147 283 2049 6148 263 2049 6149 283 2050 6150 286 2050 6151 265 2050 6152 286 2051 6153 290 2051 6154 267 2051 6155 290 2052 6156 292 2052 6157 269 2052 6158 269 2053 6159 292 2053 6160 296 2053 6161 271 2054 6162 296 2054 6163 301 2054 6164 273 2055 6165 301 2055 6166 302 2055 6167 276 2056 6168 302 2056 6169 303 2056 6170 277 2057 6171 303 2057 6172 282 2057 6173 304 2058 6174 306 2058 6175 283 2058 6176 306 2059 6177 307 2059 6178 286 2059 6179 307 2060 6180 308 2060 6181 290 2060 6182 308 2061 6183 309 2061 6184 292 2061 6185 292 2062 6186 309 2062 6187 310 2062 6188 296 2063 6189 310 2063 6190 311 2063 6191 301 2064 6192 311 2064 6193 312 2064 6194 302 2065 6195 312 2065 6196 313 2065 6197 303 2066 6198 313 2066 6199 305 2066 6200 314 2067 6201 316 2067 6202 306 2067 6203 316 2068 6204 317 2068 6205 307 2068 6206 317 2069 6207 318 2069 6208 308 2069 6209 318 2070 6210 319 2070 6211 309 2070 6212 309 2071 6213 319 2071 6214 320 2071 6215 310 2072 6216 320 2072 6217 321 2072 6218 311 2073 6219 321 2073 6220 322 2073 6221 312 2074 6222 322 2074 6223 323 2074 6224 313 2075 6225 323 2075 6226 315 2075 6227 324 2076 6228 326 2076 6229 316 2076 6230 326 2077 6231 327 2077 6232 317 2077 6233 327 2078 6234 328 2078 6235 318 2078 6236 328 2079 6237 329 2079 6238 319 2079 6239 329 2080 6240 330 2080 6241 320 2080 6242 320 2081 6243 330 2081 6244 331 2081 6245 321 2082 6246 331 2082 6247 332 2082 6248 322 2083 6249 332 2083 6250 333 2083 6251 323 2084 6252 333 2084 6253 325 2084 6254 334 2085 6255 336 2085 6256 326 2085 6257 336 2086 6258 337 2086 6259 327 2086 6260 337 2087 6261 338 2087 6262 328 2087 6263 338 2088 6264 339 2088 6265 329 2088 6266 339 2089 6267 340 2089 6268 330 2089 6269 330 2090 6270 340 2090 6271 341 2090 6272 331 2091 6273 341 2091 6274 342 2091 6275 332 2092 6276 342 2092 6277 343 2092 6278 333 2093 6279 343 2093 6280 335 2093 6281 344 2094 6282 346 2094 6283 336 2094 6284 346 2095 6285 347 2095 6286 337 2095 6287 347 2096 6288 348 2096 6289 338 2096 6290 348 2097 6291 349 2097 6292 339 2097 6293 349 2098 6294 350 2098 6295 340 2098 6296 340 2099 6297 350 2099 6298 351 2099 6299 341 2100 6300 351 2100 6301 352 2100 6302 342 2101 6303 352 2101 6304 353 2101 6305 343 2102 6306 353 2102 6307 345 2102 6308 354 2103 6309 356 2103 6310 346 2103 6311 356 2104 6312 357 2104 6313 347 2104 6314 357 2105 6315 358 2105 6316 348 2105 6317 358 2106 6318 359 2106 6319 349 2106 6320 349 2107 6321 359 2107 6322 360 2107 6323 350 2108 6324 360 2108 6325 361 2108 6326 351 2109 6327 361 2109 6328 362 2109 6329 352 2110 6330 362 2110 6331 363 2110 6332 353 2111 6333 363 2111 6334 355 2111 6335 240 2112 6336 243 2112 6337 356 2112 6338 243 2113 6339 246 2113 6340 357 2113 6341 246 2114 6342 248 2114 6343 358 2114 6344 248 2115 6345 250 2115 6346 359 2115 6347 250 2116 6348 252 2116 6349 360 2116 6350 360 2117 6351 252 2117 6352 253 2117 6353 361 2118 6354 253 2118 6355 255 2118 6356 362 2119 6357 255 2119 6358 258 2119 6359 363 2120 6360 258 2120 6361 242 2120 6362 211 2121 6363 223 2121 6364 243 2121 6365 223 2122 6366 222 2122 6367 246 2122 6368 222 2123 6369 221 2123 6370 248 2123 6371 221 2124 6372 220 2124 6373 250 2124 6374 220 2125 6375 218 2125 6376 252 2125 6377 252 2126 6378 218 2126 6379 216 2126 6380 253 2127 6381 216 2127 6382 214 2127 6383 255 2128 6384 214 2128 6385 212 2128 6386 258 2129 6387 212 2129 6388 210 2129 6389 240 2130 6390 485 2130 6391 474 2130 6392 394 2131 6393 396 2131 6394 376 2131 6395 396 2132 6396 397 2132 6397 377 2132 6398 397 2133 6399 398 2133 6400 378 2133 6401 398 2134 6402 399 2134 6403 379 2134 6404 379 2135 6405 399 2135 6406 400 2135 6407 380 2136 6408 400 2136 6409 401 2136 6410 381 2137 6411 401 2137 6412 402 2137 6413 382 2138 6414 402 2138 6415 403 2138 6416 383 2139 6417 403 2139 6418 395 2139 6419 404 2140 6420 406 2140 6421 396 2140 6422 406 2141 6423 407 2141 6424 397 2141 6425 407 2142 6426 408 2142 6427 398 2142 6428 408 2143 6429 409 2143 6430 399 2143 6431 409 2144 6432 410 2144 6433 400 2144 6434 400 2145 6435 410 2145 6436 411 2145 6437 401 2146 6438 411 2146 6439 412 2146 6440 402 2147 6441 412 2147 6442 413 2147 6443 403 2148 6444 413 2148 6445 405 2148 6446 414 2149 6447 416 2149 6448 406 2149 6449 416 2150 6450 417 2150 6451 407 2150 6452 417 2151 6453 418 2151 6454 408 2151 6455 418 2152 6456 419 2152 6457 409 2152 6458 419 2153 6459 420 2153 6460 410 2153 6461 410 2154 6462 420 2154 6463 421 2154 6464 411 2155 6465 421 2155 6466 422 2155 6467 412 2156 6468 422 2156 6469 423 2156 6470 413 2157 6471 423 2157 6472 415 2157 6473 424 2158 6474 426 2158 6475 416 2158 6476 426 2159 6477 427 2159 6478 417 2159 6479 427 2160 6480 428 2160 6481 418 2160 6482 428 2161 6483 429 2161 6484 419 2161 6485 419 2162 6486 429 2162 6487 430 2162 6488 420 2163 6489 430 2163 6490 431 2163 6491 421 2164 6492 431 2164 6493 432 2164 6494 422 2165 6495 432 2165 6496 433 2165 6497 423 2166 6498 433 2166 6499 425 2166 6500 434 2167 6501 436 2167 6502 426 2167 6503 436 2168 6504 437 2168 6505 427 2168 6506 437 2169 6507 438 2169 6508 428 2169 6509 438 2170 6510 439 2170 6511 429 2170 6512 439 2171 6513 440 2171 6514 430 2171 6515 430 2172 6516 440 2172 6517 441 2172 6518 431 2173 6519 441 2173 6520 442 2173 6521 432 2174 6522 442 2174 6523 443 2174 6524 433 2175 6525 443 2175 6526 435 2175 6527 444 2176 6528 446 2176 6529 436 2176 6530 446 2177 6531 447 2177 6532 437 2177 6533 447 2178 6534 448 2178 6535 438 2178 6536 448 2179 6537 449 2179 6538 439 2179 6539 439 2180 6540 449 2180 6541 450 2180 6542 440 2181 6543 450 2181 6544 451 2181 6545 441 2182 6546 451 2182 6547 452 2182 6548 442 2183 6549 452 2183 6550 453 2183 6551 443 2184 6552 453 2184 6553 445 2184 6554 454 2185 6555 456 2185 6556 446 2185 6557 456 2186 6558 457 2186 6559 447 2186 6560 457 2187 6561 458 2187 6562 448 2187 6563 458 2188 6564 459 2188 6565 449 2188 6566 459 2189 6567 460 2189 6568 450 2189 6569 450 2190 6570 460 2190 6571 461 2190 6572 451 2191 6573 461 2191 6574 462 2191 6575 452 2192 6576 462 2192 6577 463 2192 6578 453 2193 6579 463 2193 6580 455 2193 6581 464 2194 6582 466 2194 6583 456 2194 6584 466 2195 6585 467 2195 6586 457 2195 6587 467 2196 6588 468 2196 6589 458 2196 6590 468 2197 6591 469 2197 6592 459 2197 6593 469 2198 6594 470 2198 6595 460 2198 6596 460 2199 6597 470 2199 6598 471 2199 6599 461 2200 6600 471 2200 6601 472 2200 6602 462 2201 6603 472 2201 6604 473 2201 6605 463 2202 6606 473 2202 6607 465 2202 6608 384 2203 6609 386 2203 6610 466 2203 6611 386 2204 6612 387 2204 6613 467 2204 6614 387 2205 6615 388 2205 6616 468 2205 6617 388 2206 6618 389 2206 6619 469 2206 6620 469 2207 6621 389 2207 6622 390 2207 6623 470 2208 6624 390 2208 6625 391 2208 6626 471 2209 6627 391 2209 6628 392 2209 6629 472 2210 6630 392 2210 6631 393 2210 6632 473 2211 6633 393 2211 6634 385 2211 6635 364 2212 6636 385 2212 6637 393 2212 6638 366 2213 6639 393 2213 6640 392 2213 6641 367 2214 6642 392 2214 6643 391 2214 6644 368 2215 6645 391 2215 6646 390 2215 6647 369 2216 6648 390 2216 6649 389 2216 6650 389 2217 6651 388 2217 6652 371 2217 6653 388 2218 6654 387 2218 6655 372 2218 6656 387 2219 6657 386 2219 6658 373 2219 6659 386 2220 6660 384 2220 6661 365 2220 6662 505 2221 6663 485 2221 6664 240 2221 6665 575 2222 6666 495 2222 6667 503 2222 6668 583 2223 6669 503 2223 6670 502 2223 6671 582 2224 6672 502 2224 6673 501 2224 6674 581 2225 6675 501 2225 6676 500 2225 6677 500 2226 6678 499 2226 6679 579 2226 6680 499 2227 6681 498 2227 6682 578 2227 6683 498 2228 6684 497 2228 6685 577 2228 6686 497 2229 6687 496 2229 6688 576 2229 6689 496 2230 6690 494 2230 6691 574 2230 6692 565 2231 6693 575 2231 6694 583 2231 6695 573 2232 6696 583 2232 6697 582 2232 6698 572 2233 6699 582 2233 6700 581 2233 6701 571 2234 6702 581 2234 6703 580 2234 6704 570 2235 6705 580 2235 6706 579 2235 6707 579 2236 6708 578 2236 6709 568 2236 6710 578 2237 6711 577 2237 6712 567 2237 6713 577 2238 6714 576 2238 6715 566 2238 6716 576 2239 6717 574 2239 6718 564 2239 6719 555 2240 6720 565 2240 6721 573 2240 6722 563 2241 6723 573 2241 6724 572 2241 6725 562 2242 6726 572 2242 6727 571 2242 6728 561 2243 6729 571 2243 6730 570 2243 6731 560 2244 6732 570 2244 6733 569 2244 6734 569 2245 6735 568 2245 6736 558 2245 6737 568 2246 6738 567 2246 6739 557 2246 6740 567 2247 6741 566 2247 6742 556 2247 6743 566 2248 6744 564 2248 6745 554 2248 6746 545 2249 6747 555 2249 6748 563 2249 6749 553 2250 6750 563 2250 6751 562 2250 6752 552 2251 6753 562 2251 6754 561 2251 6755 551 2252 6756 561 2252 6757 560 2252 6758 560 2253 6759 559 2253 6760 549 2253 6761 559 2254 6762 558 2254 6763 548 2254 6764 558 2255 6765 557 2255 6766 547 2255 6767 557 2256 6768 556 2256 6769 546 2256 6770 556 2257 6771 554 2257 6772 544 2257 6773 535 2258 6774 545 2258 6775 553 2258 6776 543 2259 6777 553 2259 6778 552 2259 6779 542 2260 6780 552 2260 6781 551 2260 6782 541 2261 6783 551 2261 6784 550 2261 6785 550 2262 6786 549 2262 6787 539 2262 6788 549 2263 6789 548 2263 6790 538 2263 6791 548 2264 6792 547 2264 6793 537 2264 6794 547 2265 6795 546 2265 6796 536 2265 6797 546 2266 6798 544 2266 6799 534 2266 6800 525 2267 6801 535 2267 6802 543 2267 6803 533 2268 6804 543 2268 6805 542 2268 6806 532 2269 6807 542 2269 6808 541 2269 6809 531 2270 6810 541 2270 6811 540 2270 6812 540 2271 6813 539 2271 6814 529 2271 6815 539 2272 6816 538 2272 6817 528 2272 6818 538 2273 6819 537 2273 6820 527 2273 6821 537 2274 6822 536 2274 6823 526 2274 6824 536 2275 6825 534 2275 6826 524 2275 6827 515 2276 6828 525 2276 6829 533 2276 6830 523 2277 6831 533 2277 6832 532 2277 6833 522 2278 6834 532 2278 6835 531 2278 6836 521 2279 6837 531 2279 6838 530 2279 6839 530 2280 6840 529 2280 6841 519 2280 6842 529 2281 6843 528 2281 6844 518 2281 6845 528 2282 6846 527 2282 6847 517 2282 6848 527 2283 6849 526 2283 6850 516 2283 6851 526 2284 6852 524 2284 6853 514 2284 6854 505 2285 6855 515 2285 6856 523 2285 6857 513 2286 6858 523 2286 6859 522 2286 6860 512 2287 6861 522 2287 6862 521 2287 6863 511 2288 6864 521 2288 6865 520 2288 6866 520 2289 6867 519 2289 6868 509 2289 6869 519 2290 6870 518 2290 6871 508 2290 6872 518 2291 6873 517 2291 6874 507 2291 6875 517 2292 6876 516 2292 6877 506 2292 6878 516 2293 6879 514 2293 6880 504 2293 6881 485 2294 6882 505 2294 6883 513 2294 6884 493 2295 6885 513 2295 6886 512 2295 6887 492 2296 6888 512 2296 6889 511 2296 6890 491 2297 6891 511 2297 6892 510 2297 6893 510 2298 6894 509 2298 6895 489 2298 6896 509 2299 6897 508 2299 6898 488 2299 6899 508 2300 6900 507 2300 6901 487 2300 6902 507 2301 6903 506 2301 6904 486 2301 6905 506 2302 6906 504 2302 6907 484 2302 6908 475 2303 6909 483 2303 6910 486 2303 6911 483 2304 6912 482 2304 6913 487 2304 6914 482 2305 6915 481 2305 6916 488 2305 6917 481 2306 6918 480 2306 6919 489 2306 6920 480 2307 6921 479 2307 6922 490 2307 6923 490 2308 6924 479 2308 6925 478 2308 6926 491 2309 6927 478 2309 6928 477 2309 6929 492 2310 6930 477 2310 6931 476 2310 6932 493 2311 6933 476 2311 6934 474 2311 6935 385 2312 6936 364 2312 6937 475 2312 6938 294 2313 6939 287 2313 6940 1150 2313 6941 297 2314 6942 294 2314 6943 1153 2314 6944 299 2315 6945 297 2315 6946 1155 2315 6947 1157 2316 6948 287 2316 6949 299 2316 6950 625 2317 6951 623 2317 6952 913 2317 6953 626 2318 6954 625 2318 6955 906 2318 6956 628 2319 6957 626 2319 6958 908 2319 6959 900 2320 6960 630 2320 6961 628 2320 6962 902 2321 6963 632 2321 6964 630 2321 6965 897 2322 6966 633 2322 6967 632 2322 6968 895 2323 6969 635 2323 6970 633 2323 6971 1116 2324 6972 637 2324 6973 635 2324 6974 1055 2325 6975 638 2325 6976 637 2325 6977 618 2326 6978 1121 2326 6979 1119 2326 6980 616 2327 6981 712 2327 6982 711 2327 6983 617 2328 6984 1119 2328 6985 712 2328 6986 619 2329 6987 1120 2329 6988 1121 2329 6989 715 2330 6990 716 2330 6991 1204 2330 6992 755 2331 6993 1158 2331 6994 1159 2331 6995 1165 2332 6996 770 2332 6997 767 2332 6998 1162 2333 6999 767 2333 7000 791 2333 7001 1168 2334 7002 791 2334 7003 792 2334 7004 758 2335 7005 1161 2335 7006 1169 2335 7007 1170 2336 7008 1131 2336 7009 1069 2336 7010 1171 2337 7011 755 2337 7012 1083 2337 7013 918 2338 7014 921 2338 7015 920 2338 7016 920 2339 7017 916 2339 7018 922 2339 7019 916 2340 7020 917 2340 7021 45 2340 7022 45 2341 7023 1123 2341 7024 922 2341 7025 922 2342 7026 923 2342 7027 919 2342 7028 45 2343 7029 922 2343 7030 916 2343 7031 920 2344 7032 922 2344 7033 918 2344 7034 873 2345 7035 872 2345 7036 1178 2345 7037 886 2346 7038 1179 2346 7039 1174 2346 7040 887 2347 7041 1181 2347 7042 1180 2347 7043 887 2348 7044 888 2348 7045 1183 2348 7046 888 2349 7047 873 2349 7048 1172 2349 7049 1185 2350 7050 1134 2350 7051 940 2350 7052 1137 2351 7053 1135 2351 7054 1721 2351 7055 93 2352 7056 97 2352 7057 89 2352 7058 97 2353 7059 101 2353 7060 89 2353 7061 101 2354 7062 104 2354 7063 69 2354 7064 69 2355 7065 374 2355 7066 1725 2355 7067 374 2356 7068 376 2356 7069 900 2356 7070 1725 2357 7071 374 2357 7072 1149 2357 7073 376 2358 7074 377 2358 7075 378 2358 7076 378 2359 7077 379 2359 7078 380 2359 7079 380 2360 7080 989 2360 7081 376 2360 7082 989 2361 7083 990 2361 7084 376 2361 7085 990 2362 7086 991 2362 7087 376 2362 7088 376 2363 7089 378 2363 7090 380 2363 7091 101 2364 7092 69 2364 7093 64 2364 7094 83 2365 7095 86 2365 7096 64 2365 7097 86 2366 7098 89 2366 7099 64 2366 7100 64 2367 7101 78 2367 7102 83 2367 7103 238 2368 7104 227 2368 7105 225 2368 7106 227 2369 7107 64 2369 7108 1722 2369 7109 235 2370 7110 236 2370 7111 238 2370 7112 232 2371 7113 233 2371 7114 235 2371 7115 230 2372 7116 231 2372 7117 235 2372 7118 231 2373 7119 232 2373 7120 235 2373 7121 225 2374 7122 229 2374 7123 230 2374 7124 503 2375 7125 495 2375 7126 498 2375 7127 495 2376 7128 225 2376 7129 1724 2376 7130 501 2377 7131 502 2377 7132 503 2377 7133 499 2378 7134 500 2378 7135 501 2378 7136 1008 2379 7137 498 2379 7138 495 2379 7139 498 2380 7140 499 2380 7141 503 2380 7142 1004 2381 7143 1005 2381 7144 1009 2381 7145 1009 2382 7146 1008 2382 7147 1004 2382 7148 1004 2383 7149 1008 2383 7150 495 2383 7151 499 2384 7152 501 2384 7153 503 2384 7154 495 2385 7155 1724 2385 7156 1142 2385 7157 225 2386 7158 230 2386 7159 238 2386 7160 1724 2387 7161 225 2387 7162 1722 2387 7163 235 2388 7164 238 2388 7165 230 2388 7166 227 2389 7167 1722 2389 7168 225 2389 7169 89 2390 7170 101 2390 7171 64 2390 7172 69 2391 7173 1725 2391 7174 1723 2391 7175 376 2392 7176 991 2392 7177 1018 2392 7178 69 2393 7179 1723 2393 7180 64 2393 7181 1024 2394 7182 1023 2394 7183 1013 2394 7184 1013 2395 7185 1004 2395 7186 495 2395 7187 376 2396 7188 1018 2396 7189 1019 2396 7190 376 2397 7191 1019 2397 7192 1020 2397 7193 1029 2398 7194 1024 2398 7195 1013 2398 7196 1028 2399 7197 1029 2399 7198 1013 2399 7199 376 2400 7200 1020 2400 7201 1053 2400 7202 1053 2401 7203 1056 2401 7204 1054 2401 7205 1053 2402 7206 1054 2402 7207 1055 2402 7208 1028 2403 7209 1013 2403 7210 1033 2403 7211 1126 2404 7212 1013 2404 7213 495 2404 7214 1013 2405 7215 1126 2405 7216 1033 2405 7217 376 2406 7218 1053 2406 7219 896 2406 7220 1053 2407 7221 1055 2407 7222 1059 2407 7223 1053 2408 7224 1059 2408 7225 1116 2408 7226 1034 2409 7227 1033 2409 7228 1067 2409 7229 1045 2410 7230 1039 2410 7231 1041 2410 7232 1045 2411 7233 1041 2411 7234 1034 2411 7235 1053 2412 7236 1116 2412 7237 894 2412 7238 1053 2413 7239 894 2413 7240 895 2413 7241 1046 2414 7242 1049 2414 7243 1048 2414 7244 1051 2415 7245 1046 2415 7246 1050 2415 7247 1046 2416 7248 1048 2416 7249 1050 2416 7250 1050 2417 7251 1204 2417 7252 1044 2417 7253 1067 2418 7254 1050 2418 7255 1048 2418 7256 1050 2419 7257 1044 2419 7258 1051 2419 7259 1065 2420 7260 1066 2420 7261 1127 2420 7262 1066 2421 7263 1068 2421 7264 1127 2421 7265 1127 2422 7266 1067 2422 7267 1126 2422 7268 1067 2423 7269 1048 2423 7270 1047 2423 7271 1067 2424 7272 1047 2424 7273 1045 2424 7274 1067 2425 7275 1045 2425 7276 1034 2425 7277 1053 2426 7278 895 2426 7279 896 2426 7280 1033 2427 7281 1126 2427 7282 1067 2427 7283 1068 2428 7284 1067 2428 7285 1127 2428 7286 376 2429 7287 896 2429 7288 897 2429 7289 376 2430 7290 897 2430 7291 898 2430 7292 1127 2431 7293 1122 2431 7294 1065 2431 7295 376 2432 7296 898 2432 7297 902 2432 7298 376 2433 7299 902 2433 7300 899 2433 7301 1125 2434 7302 1126 2434 7303 495 2434 7304 376 2435 7305 899 2435 7306 900 2435 7307 900 2436 7308 904 2436 7309 374 2436 7310 1124 2437 7311 1125 2437 7312 495 2437 7313 1142 2438 7314 1124 2438 7315 495 2438 7316 904 2439 7317 908 2439 7318 920 2439 7319 904 2440 7320 920 2440 7321 1129 2440 7322 908 2441 7323 909 2441 7324 920 2441 7325 1143 2442 7326 1142 2442 7327 1724 2442 7328 914 2443 7329 917 2443 7330 916 2443 7331 913 2444 7332 914 2444 7333 916 2444 7334 905 2445 7335 913 2445 7336 916 2445 7337 905 2446 7338 916 2446 7339 906 2446 7340 916 2447 7341 920 2447 7342 909 2447 7343 906 2448 7344 916 2448 7345 909 2448 7346 1069 2449 7347 1131 2449 7348 1145 2449 7349 1070 2450 7350 1069 2450 7351 1145 2450 7352 1070 2451 7353 1145 2451 7354 1071 2451 7355 1145 2452 7356 1144 2452 7357 1078 2452 7358 1071 2453 7359 1145 2453 7360 1072 2453 7361 1072 2454 7362 1076 2454 7363 1071 2454 7364 1072 2455 7365 1145 2455 7366 1075 2455 7367 904 2456 7368 1129 2456 7369 374 2456 7370 920 2457 7371 921 2457 7372 1128 2457 7373 1129 2458 7374 920 2458 7375 1128 2458 7376 1075 2459 7377 1145 2459 7378 1078 2459 7379 921 2460 7380 918 2460 7381 1128 2460 7382 918 2461 7383 919 2461 7384 1128 2461 7385 1144 2462 7386 1143 2462 7387 1724 2462 7388 1078 2463 7389 1144 2463 7390 1081 2463 7391 1084 2464 7392 1079 2464 7393 1078 2464 7394 1081 2465 7395 1144 2465 7396 1724 2465 7397 923 2466 7398 922 2466 7399 1128 2466 7400 922 2467 7401 1123 2467 7402 1128 2467 7403 919 2468 7404 923 2468 7405 1128 2468 7406 1084 2469 7407 1078 2469 7408 1081 2469 7409 1081 2470 7410 1724 2470 7411 1089 2470 7412 1129 2471 7413 1130 2471 7414 374 2471 7415 1097 2472 7416 1089 2472 7417 1724 2472 7418 1130 2473 7419 1149 2473 7420 374 2473 7421 1104 2474 7422 1106 2474 7423 1095 2474 7424 1110 2475 7425 1113 2475 7426 1111 2475 7427 1104 2476 7428 1095 2476 7429 1097 2476 7430 1115 2477 7431 1110 2477 7432 1724 2477 7433 1110 2478 7434 1111 2478 7435 1724 2478 7436 1109 2479 7437 1103 2479 7438 1112 2479 7439 1109 2480 7440 1112 2480 7441 1114 2480 7442 1096 2481 7443 1101 2481 7444 1098 2481 7445 1092 2482 7446 1096 2482 7447 1140 2482 7448 1096 2483 7449 1098 2483 7450 1140 2483 7451 1140 2484 7452 1133 2484 7453 1083 2484 7454 1140 2485 7455 1083 2485 7456 1087 2485 7457 1140 2486 7458 1087 2486 7459 1088 2486 7460 1140 2487 7461 1088 2487 7462 1092 2487 7463 1138 2488 7464 1140 2488 7465 1109 2488 7466 1140 2489 7467 1098 2489 7468 1108 2489 7469 1140 2490 7470 1108 2490 7471 1109 2490 7472 1721 2491 7473 1135 2491 7474 1136 2491 7475 1136 2492 7476 1138 2492 7477 1724 2492 7478 1138 2493 7479 1109 2493 7480 1724 2493 7481 1724 2494 7482 1721 2494 7483 1136 2494 7484 1724 2495 7485 1109 2495 7486 1114 2495 7487 1724 2496 7488 1114 2496 7489 1115 2496 7490 1724 2497 7491 1111 2497 7492 1104 2497 7493 1724 2498 7494 1104 2498 7495 1097 2498 7496 1149 2499 7497 1148 2499 7498 1725 2499 7499 1146 2500 7500 1132 2500 7501 924 2500 7502 1146 2501 7503 924 2501 7504 925 2501 7505 1147 2502 7506 1146 2502 7507 931 2502 7508 1146 2503 7509 925 2503 7510 926 2503 7511 926 2504 7512 927 2504 7513 928 2504 7514 1146 2505 7515 926 2505 7516 928 2505 7517 1723 2506 7518 1722 2506 7519 64 2506 7520 1146 2507 7521 928 2507 7522 929 2507 7523 1146 2508 7524 929 2508 7525 931 2508 7526 1137 2509 7527 1720 2509 7528 1139 2509 7529 1720 2510 7530 1725 2510 7531 961 2510 7532 1139 2511 7533 1720 2511 7534 961 2511 7535 1148 2512 7536 1147 2512 7537 1725 2512 7538 931 2513 7539 934 2513 7540 935 2513 7541 1147 2514 7542 931 2514 7543 939 2514 7544 1141 2515 7545 1139 2515 7546 961 2515 7547 940 2516 7548 1134 2516 7549 1141 2516 7550 941 2517 7551 940 2517 7552 1141 2517 7553 1147 2518 7554 939 2518 7555 943 2518 7556 1725 2519 7557 1147 2519 7558 943 2519 7559 931 2520 7560 935 2520 7561 939 2520 7562 945 2521 7563 941 2521 7564 1141 2521 7565 947 2522 7566 945 2522 7567 1141 2522 7568 1725 2523 7569 943 2523 7570 949 2523 7571 951 2524 7572 947 2524 7573 1141 2524 7574 957 2525 7575 954 2525 7576 951 2525 7577 957 2526 7578 951 2526 7579 1141 2526 7580 1725 2527 7581 949 2527 7582 970 2527 7583 949 2528 7584 952 2528 7585 970 2528 7586 952 2529 7587 956 2529 7588 970 2529 7589 962 2530 7590 968 2530 7591 964 2530 7592 962 2531 7593 964 2531 7594 1725 2531 7595 964 2532 7596 965 2532 7597 1725 2532 7598 1725 2533 7599 970 2533 7600 962 2533 7601 966 2534 7602 957 2534 7603 1141 2534 7604 963 2535 7605 967 2535 7606 961 2535 7607 961 2536 7608 966 2536 7609 1141 2536 7610 969 2537 7611 963 2537 7612 961 2537 7613 1725 2538 7614 965 2538 7615 969 2538 7616 1186 2539 7617 872 2539 7618 924 2539 7619 620 2540 7620 602 2540 7621 717 2540 7622 620 2541 7623 893 2541 7624 1120 2541 7625 95 2542 7626 92 2542 7627 88 2542 7628 88 2543 7629 85 2543 7630 80 2543 7631 80 2544 7632 71 2544 7633 65 2544 7634 65 2545 7635 59 2545 7636 52 2545 7637 52 2546 7638 48 2546 7639 44 2546 7640 44 2547 7641 41 2547 7642 1201 2547 7643 41 2548 7644 38 2548 7645 1201 2548 7646 38 2549 7647 34 2549 7648 1201 2549 7649 34 2550 7650 27 2550 7651 1201 2550 7652 27 2551 7653 21 2551 7654 1202 2551 7655 27 2552 7656 1202 2552 7657 1201 2552 7658 65 2553 7659 52 2553 7660 1201 2553 7661 52 2554 7662 44 2554 7663 1201 2554 7664 88 2555 7665 80 2555 7666 1201 2555 7667 80 2556 7668 65 2556 7669 1201 2556 7670 99 2557 7671 95 2557 7672 88 2557 7673 106 2558 7674 103 2558 7675 99 2558 7676 111 2559 7677 109 2559 7678 106 2559 7679 115 2560 7680 113 2560 7681 111 2560 7682 119 2561 7683 117 2561 7684 115 2561 7685 123 2562 7686 121 2562 7687 119 2562 7688 127 2563 7689 125 2563 7690 1201 2563 7691 125 2564 7692 123 2564 7693 1201 2564 7694 0 2565 7695 129 2565 7696 1200 2565 7697 129 2566 7698 127 2566 7699 1201 2566 7700 1200 2567 7701 129 2567 7702 1201 2567 7703 1200 2568 7704 14 2568 7705 0 2568 7706 99 2569 7707 88 2569 7708 1201 2569 7709 111 2570 7710 106 2570 7711 1201 2570 7712 106 2571 7713 99 2571 7714 1201 2571 7715 119 2572 7716 115 2572 7717 1201 2572 7718 115 2573 7719 111 2573 7720 1201 2573 7721 6 2574 7722 1124 2574 7723 1142 2574 7724 13 2575 7725 1125 2575 7726 1124 2575 7727 19 2576 7728 1126 2576 7729 1125 2576 7730 19 2577 7731 23 2577 7732 1127 2577 7733 49 2578 7734 53 2578 7735 1129 2578 7736 53 2579 7737 57 2579 7738 1130 2579 7739 57 2580 7740 61 2580 7741 1149 2580 7742 61 2581 7743 67 2581 7744 1148 2581 7745 67 2582 7746 74 2582 7747 1147 2582 7748 74 2583 7749 75 2583 7750 1146 2583 7751 1182 2584 7752 1183 2584 7753 1172 2584 7754 1183 2585 7755 1184 2585 7756 1172 2585 7757 75 2586 7758 82 2586 7759 1178 2586 7760 82 2587 7761 1182 2587 7762 1172 2587 7763 1132 2588 7764 1146 2588 7765 1186 2588 7766 1146 2589 7767 75 2589 7768 1178 2589 7769 1186 2590 7770 1146 2590 7771 1178 2590 7772 82 2591 7773 1172 2591 7774 1173 2591 7775 82 2592 7776 1173 2592 7777 1177 2592 7778 84 2593 7779 1141 2593 7780 876 2593 7781 1141 2594 7782 1134 2594 7783 1185 2594 7784 876 2595 7785 1141 2595 7786 1185 2595 7787 1182 2596 7788 82 2596 7789 1174 2596 7790 82 2597 7791 84 2597 7792 876 2597 7793 1174 2598 7794 82 2598 7795 1175 2598 7796 1180 2599 7797 1181 2599 7798 1182 2599 7799 1174 2600 7800 1179 2600 7801 1180 2600 7802 1174 2601 7803 1180 2601 7804 1182 2601 7805 876 2602 7806 1176 2602 7807 82 2602 7808 87 2603 7809 1139 2603 7810 1141 2603 7811 87 2604 7812 90 2604 7813 1137 2604 7814 90 2605 7815 91 2605 7816 1135 2605 7817 91 2606 7818 94 2606 7819 1136 2606 7820 94 2607 7821 96 2607 7822 1138 2607 7823 98 2608 7824 1140 2608 7825 1138 2608 7826 1168 2609 7827 1167 2609 7828 1169 2609 7829 1168 2610 7830 1169 2610 7831 1161 2610 7832 98 2611 7833 100 2611 7834 1158 2611 7835 100 2612 7836 1168 2612 7837 1161 2612 7838 1133 2613 7839 1140 2613 7840 1171 2613 7841 1140 2614 7842 98 2614 7843 1158 2614 7844 1171 2615 7845 1140 2615 7846 1158 2615 7847 100 2616 7848 1161 2616 7849 1160 2616 7850 100 2617 7851 1160 2617 7852 1159 2617 7853 1162 2618 7854 1166 2618 7855 1168 2618 7856 1168 2619 7857 100 2619 7858 1162 2619 7859 100 2620 7860 102 2620 7861 1165 2620 7862 1162 2621 7863 100 2621 7864 1163 2621 7865 102 2622 7866 1145 2622 7867 1165 2622 7868 1145 2623 7869 1131 2623 7870 1170 2623 7871 1145 2624 7872 1170 2624 7873 1165 2624 7874 1163 2625 7875 100 2625 7876 1164 2625 7877 102 2626 7878 105 2626 7879 1144 2626 7880 105 2627 7881 108 2627 7882 1143 2627 7883 3 2628 7884 1142 2628 7885 1143 2628 7886 1152 2629 7887 57 2629 7888 53 2629 7889 53 2630 7890 49 2630 7891 1152 2630 7892 49 2631 7893 47 2631 7894 1152 2631 7895 47 2632 7896 45 2632 7897 1151 2632 7898 1151 2633 7899 1150 2633 7900 47 2633 7901 1193 2634 7902 36 2634 7903 1192 2634 7904 36 2635 7905 32 2635 7906 1192 2635 7907 32 2636 7908 28 2636 7909 1156 2636 7910 28 2637 7911 23 2637 7912 1156 2637 7913 32 2638 7914 1156 2638 7915 1192 2638 7916 23 2639 7917 19 2639 7918 1156 2639 7919 19 2640 7920 13 2640 7921 1156 2640 7922 13 2641 7923 6 2641 7924 1156 2641 7925 6 2642 7926 3 2642 7927 1156 2642 7928 3 2643 7929 108 2643 7930 1156 2643 7931 108 2644 7932 105 2644 7933 1156 2644 7934 105 2645 7935 102 2645 7936 1156 2645 7937 102 2646 7938 100 2646 7939 1156 2646 7940 100 2647 7941 98 2647 7942 1156 2647 7943 98 2648 7944 96 2648 7945 1156 2648 7946 96 2649 7947 94 2649 7948 1156 2649 7949 94 2650 7950 91 2650 7951 1156 2650 7952 91 2651 7953 90 2651 7954 1156 2651 7955 90 2652 7956 87 2652 7957 1156 2652 7958 87 2653 7959 84 2653 7960 1156 2653 7961 84 2654 7962 82 2654 7963 1156 2654 7964 82 2655 7965 75 2655 7966 1156 2655 7967 75 2656 7968 74 2656 7969 1156 2656 7970 74 2657 7971 67 2657 7972 1156 2657 7973 67 2658 7974 61 2658 7975 1156 2658 7976 61 2659 7977 57 2659 7978 1157 2659 7979 57 2660 7980 1152 2660 7981 1157 2660 7982 1157 2661 7983 1156 2661 7984 61 2661 7985 1156 2662 7986 1155 2662 7987 1189 2662 7988 1155 2663 7989 1154 2663 7990 1188 2663 7991 1154 2664 7992 1153 2664 7993 45 2664 7994 1153 2665 7995 1151 2665 7996 45 2665 7997 45 2666 7998 43 2666 7999 1154 2666 8000 43 2667 8001 40 2667 8002 1154 2667 8003 40 2668 8004 1187 2668 8005 1188 2668 8006 1154 2669 8007 40 2669 8008 1188 2669 8009 1155 2670 8010 1188 2670 8011 1189 2670 8012 1156 2671 8013 1189 2671 8014 1190 2671 8015 1156 2672 8016 1190 2672 8017 1191 2672 8018 23 2673 8019 28 2673 8020 1122 2673 8021 49 2674 8022 1128 2674 8023 1123 2674 8024 43 2675 8025 45 2675 8026 27 2675 8027 43 2676 8028 27 2676 8029 34 2676 8030 40 2677 8031 43 2677 8032 38 2677 8033 43 2678 8034 34 2678 8035 38 2678 8036 1189 2679 8037 1188 2679 8038 48 2679 8039 1188 2680 8040 1187 2680 8041 44 2680 8042 1187 2681 8043 40 2681 8044 41 2681 8045 40 2682 8046 38 2682 8047 41 2682 8048 1190 2683 8049 1189 2683 8050 48 2683 8051 1188 2684 8052 44 2684 8053 48 2684 8054 1192 2685 8055 1191 2685 8056 52 2685 8057 1191 2686 8058 1190 2686 8059 48 2686 8060 52 2687 8061 1191 2687 8062 48 2687 8063 1193 2688 8064 1192 2688 8065 52 2688 8066 1187 2689 8067 41 2689 8068 44 2689 8069 80 2690 8070 32 2690 8071 71 2690 8072 32 2691 8073 36 2691 8074 65 2691 8075 71 2692 8076 32 2692 8077 65 2692 8078 36 2693 8079 1193 2693 8080 59 2693 8081 1193 2694 8082 52 2694 8083 59 2694 8084 615 2695 8085 613 2695 8086 621 2695 8087 613 2696 8088 611 2696 8089 622 2696 8090 621 2697 8091 613 2697 8092 622 2697 8093 601 2698 8094 599 2698 8095 600 2698 8096 599 2699 8097 589 2699 8098 600 2699 8099 32 2700 8100 80 2700 8101 85 2700 8102 1206 2701 8103 1200 2701 8104 1201 2701 8105 1201 2702 8106 45 2702 8107 1215 2702 8108 1215 2703 8109 1214 2703 8110 1201 2703 8111 1214 2704 8112 1213 2704 8113 1201 2704 8114 1213 2705 8115 1212 2705 8116 1201 2705 8117 1212 2706 8118 1211 2706 8119 1201 2706 8120 1210 2707 8121 1209 2707 8122 1201 2707 8123 1209 2708 8124 1043 2708 8125 1201 2708 8126 1211 2709 8127 1210 2709 8128 1201 2709 8129 1205 2710 8130 1206 2710 8131 1201 2710 8132 1199 2711 8133 28 2711 8134 92 2711 8135 92 2712 8136 95 2712 8137 1194 2712 8138 92 2713 8139 1194 2713 8140 1195 2713 8141 1198 2714 8142 1199 2714 8143 92 2714 8144 1196 2715 8145 1197 2715 8146 92 2715 8147 1197 2716 8148 1198 2716 8149 92 2716 8150 715 2717 8151 1203 2717 8152 1208 2717 8153 714 2718 8154 1208 2718 8155 1207 2718 8156 1207 2719 8157 1052 2719 8158 710 2719 8159 591 2720 8160 1210 2720 8161 1211 2720 8162 590 2721 8163 1209 2721 8164 1210 2721 8165 1209 2722 8166 590 2722 8167 587 2722 8168 592 2723 8169 1211 2723 8170 1212 2723 8171 593 2724 8172 1212 2724 8173 1213 2724 8174 595 2725 8175 594 2725 8176 1213 2725 8177 596 2726 8178 595 2726 8179 1214 2726 8180 622 2727 8181 597 2727 8182 596 2727 8183 588 2728 8184 589 2728 8185 599 2728 8186 599 2729 8187 1056 2729 8188 1053 2729 8189 1053 2730 8190 1200 2730 8191 588 2730 8192 1200 2731 8193 1206 2731 8194 588 2731 8195 1206 2732 8196 585 2732 8197 584 2732 8198 586 2733 8199 588 2733 8200 1206 2733 8201 1053 2734 8202 1019 2734 8203 127 2734 8204 1019 2735 8205 989 2735 8206 123 2735 8207 1053 2736 8208 14 2736 8209 1200 2736 8210 989 2737 8211 121 2737 8212 123 2737 8213 123 2738 8214 125 2738 8215 1019 2738 8216 14 2739 8217 1053 2739 8218 0 2739 8219 0 2740 8220 1053 2740 8221 129 2740 8222 125 2741 8223 127 2741 8224 1019 2741 8225 1018 2742 8226 991 2742 8227 990 2742 8228 990 2743 8229 989 2743 8230 1019 2743 8231 984 2744 8232 1016 2744 8233 109 2744 8234 1016 2745 8235 106 2745 8236 109 2745 8237 988 2746 8238 982 2746 8239 121 2746 8240 982 2747 8241 984 2747 8242 115 2747 8243 111 2748 8244 984 2748 8245 109 2748 8246 121 2749 8247 989 2749 8248 988 2749 8249 119 2750 8250 121 2750 8251 982 2750 8252 984 2751 8253 111 2751 8254 113 2751 8255 984 2752 8256 113 2752 8257 115 2752 8258 117 2753 8259 119 2753 8260 982 2753 8261 1016 2754 8262 984 2754 8263 983 2754 8264 983 2755 8265 1014 2755 8266 1016 2755 8267 975 2756 8268 974 2756 8269 980 2756 8270 974 2757 8271 971 2757 8272 980 2757 8273 971 2758 8274 972 2758 8275 978 2758 8276 972 2759 8277 973 2759 8278 978 2759 8279 973 2760 8280 979 2760 8281 978 2760 8282 978 2761 8283 977 2761 8284 976 2761 8285 976 2762 8286 984 2762 8287 978 2762 8288 984 2763 8289 982 2763 8290 978 2763 8291 982 2764 8292 981 2764 8293 980 2764 8294 982 2765 8295 980 2765 8296 978 2765 8297 982 2766 8298 988 2766 8299 985 2766 8300 988 2767 8301 987 2767 8302 985 2767 8303 106 2768 8304 1016 2768 8305 1017 2768 8306 1017 2769 8307 999 2769 8308 103 2769 8309 999 2770 8310 1001 2770 8311 103 2770 8312 1001 2771 8313 1002 2771 8314 103 2771 8315 1002 2772 8316 1025 2772 8317 103 2772 8318 1025 2773 8319 1031 2773 8320 103 2773 8321 670 2774 8322 674 2774 8323 99 2774 8324 674 2775 8325 103 2775 8326 99 2775 8327 99 2776 8328 95 2776 8329 665 2776 8330 95 2777 8331 666 2777 8332 665 2777 8333 1122 2778 8334 28 2778 8335 1065 2778 8336 28 2779 8337 1199 2779 8338 1065 2779 8339 1198 2780 8340 1197 2780 8341 1067 2780 8342 1197 2781 8343 1196 2781 8344 1067 2781 8345 1198 2782 8346 1068 2782 8347 1066 2782 8348 1199 2783 8349 1198 2783 8350 1066 2783 8351 1065 2784 8352 1199 2784 8353 1066 2784 8354 1067 2785 8355 1068 2785 8356 1198 2785 8357 1204 2786 8358 1050 2786 8359 1194 2786 8360 1050 2787 8361 1067 2787 8362 1196 2787 8363 1194 2788 8364 95 2788 8365 1204 2788 8366 1195 2789 8367 1194 2789 8368 1050 2789 8369 717 2790 8370 589 2790 8371 588 2790 8372 588 2791 8373 586 2791 8374 717 2791 8375 586 2792 8376 584 2792 8377 717 2792 8378 584 2793 8379 585 2793 8380 717 2793 8381 585 2794 8382 587 2794 8383 717 2794 8384 587 2795 8385 590 2795 8386 717 2795 8387 590 2796 8388 591 2796 8389 717 2796 8390 591 2797 8391 592 2797 8392 711 2797 8393 592 2798 8394 593 2798 8395 711 2798 8396 593 2799 8397 594 2799 8398 711 2799 8399 594 2800 8400 595 2800 8401 711 2800 8402 595 2801 8403 596 2801 8404 711 2801 8405 596 2802 8406 597 2802 8407 711 2802 8408 597 2803 8409 598 2803 8410 711 2803 8411 711 2804 8412 712 2804 8413 1119 2804 8414 1119 2805 8415 1121 2805 8416 711 2805 8417 1121 2806 8418 1120 2806 8419 711 2806 8420 1120 2807 8421 893 2807 8422 717 2807 8423 1120 2808 8424 717 2808 8425 711 2808 8426 912 2809 8427 910 2809 8428 915 2809 8429 910 2810 8430 911 2810 8431 915 2810 8432 911 2811 8433 907 2811 8434 915 2811 8435 915 2812 8436 901 2812 8437 903 2812 8438 903 2813 8439 1117 2813 8440 915 2813 8441 1117 2814 8442 1057 2814 8443 915 2814 8444 1057 2815 8445 1058 2815 8446 1060 2815 8447 1060 2816 8448 1061 2816 8449 1062 2816 8450 1062 2817 8451 1064 2817 8452 912 2817 8453 1064 2818 8454 1063 2818 8455 912 2818 8456 1063 2819 8457 1118 2819 8458 912 2819 8459 1057 2820 8460 1060 2820 8461 912 2820 8462 1060 2821 8463 1062 2821 8464 912 2821 8465 1038 2822 8466 1042 2822 8467 1035 2822 8468 1035 2823 8469 1036 2823 8470 1038 2823 8471 1036 2824 8472 1026 2824 8473 1038 2824 8474 1026 2825 8475 1022 2825 8476 1006 2825 8477 1006 2826 8478 1012 2826 8479 997 2826 8480 997 2827 8481 1000 2827 8482 1010 2827 8483 1010 2828 8484 1030 2828 8485 997 2828 8486 1030 2829 8487 1027 2829 8488 997 2829 8489 1027 2830 8490 1032 2830 8491 1038 2830 8492 1032 2831 8493 1040 2831 8494 1038 2831 8495 1040 2832 8496 1037 2832 8497 1038 2832 8498 1026 2833 8499 1006 2833 8500 1038 2833 8501 1006 2834 8502 997 2834 8503 1038 2834 8504 960 2835 8505 955 2835 8506 948 2835 8507 948 2836 8508 944 2836 8509 960 2836 8510 944 2837 8511 937 2837 8512 960 2837 8513 937 2838 8514 933 2838 8515 932 2838 8516 932 2839 8517 930 2839 8518 936 2839 8519 936 2840 8520 942 2840 8521 938 2840 8522 938 2841 8523 946 2841 8524 950 2841 8525 950 2842 8526 953 2842 8527 960 2842 8528 953 2843 8529 958 2843 8530 960 2843 8531 958 2844 8532 959 2844 8533 960 2844 8534 937 2845 8535 932 2845 8536 960 2845 8537 932 2846 8538 936 2846 8539 960 2846 8540 936 2847 8541 938 2847 8542 960 2847 8543 1085 2848 8544 1086 2848 8545 1073 2848 8546 1073 2849 8547 1074 2849 8548 1085 2849 8549 1074 2850 8550 1077 2850 8551 1085 2850 8552 1077 2851 8553 1080 2851 8554 1082 2851 8555 1082 2852 8556 1090 2852 8557 1077 2852 8558 1090 2853 8559 1094 2853 8560 1077 2853 8561 1094 2854 8562 1099 2854 8563 1102 2854 8564 1102 2855 8565 1105 2855 8566 1107 2855 8567 1107 2856 8568 1100 2856 8569 1085 2856 8570 1100 2857 8571 1093 2857 8572 1085 2857 8573 1093 2858 8574 1091 2858 8575 1085 2858 8576 1094 2859 8577 1102 2859 8578 1085 2859 8579 1102 2860 8580 1107 2860 8581 1085 2860 8582 1259 2861 8583 1261 2861 8584 63 2861 8585 63 2862 8586 62 2862 8587 1259 2862 8588 62 2863 8589 60 2863 8590 1257 2863 8591 60 2864 8592 58 2864 8593 1255 2864 8594 58 2865 8595 55 2865 8596 1255 2865 8597 55 2866 8598 54 2866 8599 1250 2866 8600 54 2867 8601 51 2867 8602 1251 2867 8603 51 2868 8604 2 2868 8605 1251 2868 8606 2 2869 8607 5 2869 8608 1252 2869 8609 1251 2870 8610 2 2870 8611 1252 2870 8612 5 2871 8613 8 2871 8614 1256 2871 8615 8 2872 8616 9 2872 8617 1256 2872 8618 9 2873 8619 12 2873 8620 1254 2873 8621 12 2874 8622 15 2874 8623 1258 2874 8624 1254 2875 8625 12 2875 8626 1258 2875 8627 15 2876 8628 16 2876 8629 1262 2876 8630 16 2877 8631 18 2877 8632 1263 2877 8633 18 2878 8634 20 2878 8635 1263 2878 8636 20 2879 8637 22 2879 8638 1266 2879 8639 1263 2880 8640 20 2880 8641 1266 2880 8642 22 2881 8643 24 2881 8644 1270 2881 8645 24 2882 8646 26 2882 8647 1272 2882 8648 26 2883 8649 29 2883 8650 1272 2883 8651 29 2884 8652 30 2884 8653 1273 2884 8654 1272 2885 8655 29 2885 8656 1273 2885 8657 30 2886 8658 33 2886 8659 1276 2886 8660 33 2887 8661 35 2887 8662 1277 2887 8663 35 2888 8664 81 2888 8665 1280 2888 8666 81 2889 8667 79 2889 8668 1280 2889 8669 79 2890 8670 77 2890 8671 1279 2890 8672 77 2891 8673 76 2891 8674 1274 2891 8675 76 2892 8676 73 2892 8677 1274 2892 8678 73 2893 8679 72 2893 8680 1271 2893 8681 1274 2894 8682 73 2894 8683 1271 2894 8684 72 2895 8685 1269 2895 8686 1271 2895 8687 77 2896 8688 1274 2896 8689 1279 2896 8690 33 2897 8691 1277 2897 8692 1276 2897 8693 24 2898 8694 1272 2898 8695 1270 2898 8696 16 2899 8697 1263 2899 8698 1262 2899 8699 1256 2900 8700 9 2900 8701 1254 2900 8702 54 2901 8703 1251 2901 8704 1250 2901 8705 62 2902 8706 1257 2902 8707 1259 2902 8708 1255 2903 8709 1257 2903 8710 60 2903 8711 1253 2904 8712 1255 2904 8713 55 2904 8714 79 2905 8715 1279 2905 8716 1278 2905 8717 79 2906 8718 1278 2906 8719 1280 2906 8720 1250 2907 8721 1253 2907 8722 55 2907 8723 35 2908 8724 1280 2908 8725 1277 2908 8726 30 2909 8727 1276 2909 8728 1275 2909 8729 1249 2910 8730 1252 2910 8731 5 2910 8732 1256 2911 8733 1249 2911 8734 5 2911 8735 30 2912 8736 1275 2912 8737 1273 2912 8738 1260 2913 8739 1258 2913 8740 15 2913 8741 22 2914 8742 1270 2914 8743 1268 2914 8744 22 2915 8745 1268 2915 8746 1266 2915 8747 1267 2916 8748 1269 2916 8749 72 2916 8750 72 2917 8751 70 2917 8752 1267 2917 8753 70 2918 8754 68 2918 8755 1265 2918 8756 68 2919 8757 66 2919 8758 1265 2919 8759 66 2920 8760 63 2920 8761 1264 2920 8762 1265 2921 8763 66 2921 8764 1264 2921 8765 63 2922 8766 1261 2922 8767 1264 2922 8768 35 2923 8769 1248 2923 8770 1233 2923 8771 81 2924 8772 1233 2924 8773 1237 2924 8774 79 2925 8775 1237 2925 8776 1235 2925 8777 77 2926 8778 1235 2926 8779 1245 2926 8780 76 2927 8781 1245 2927 8782 1239 2927 8783 73 2928 8784 1239 2928 8785 1243 2928 8786 72 2929 8787 1243 2929 8788 1241 2929 8789 70 2930 8790 1241 2930 8791 1240 2930 8792 68 2931 8793 1240 2931 8794 1242 2931 8795 66 2932 8796 1242 2932 8797 1244 2932 8798 63 2933 8799 1244 2933 8800 1238 2933 8801 62 2934 8802 1238 2934 8803 1246 2934 8804 58 2935 8805 60 2935 8806 1246 2935 8807 55 2936 8808 58 2936 8809 1234 2936 8810 54 2937 8811 55 2937 8812 1236 2937 8813 51 2938 8814 54 2938 8815 1232 2938 8816 2 2939 8817 51 2939 8818 1247 2939 8819 5 2940 8820 2 2940 8821 1227 2940 8822 8 2941 8823 5 2941 8824 1229 2941 8825 9 2942 8826 8 2942 8827 1224 2942 8828 9 2943 8829 1231 2943 8830 1219 2943 8831 12 2944 8832 1219 2944 8833 1222 2944 8834 15 2945 8835 1222 2945 8836 1217 2945 8837 16 2946 8838 1217 2946 8839 1216 2946 8840 18 2947 8841 1216 2947 8842 1218 2947 8843 20 2948 8844 1218 2948 8845 1220 2948 8846 1221 2949 8847 1223 2949 8848 24 2949 8849 24 2950 8850 22 2950 8851 1221 2950 8852 24 2951 8853 1223 2951 8854 1225 2951 8855 26 2952 8856 1225 2952 8857 1230 2952 8858 29 2953 8859 1230 2953 8860 1228 2953 8861 30 2954 8862 1228 2954 8863 1226 2954 8864 33 2955 8865 1226 2955 8866 1248 2955 8867 1282 2956 8868 1276 2956 8869 1277 2956 8870 239 2957 8871 237 2957 8872 1277 2957 8873 1298 2958 8874 1275 2958 8875 1276 2958 8876 241 2959 8877 239 2959 8878 1276 2959 8879 1303 2960 8880 1273 2960 8881 1275 2960 8882 244 2961 8883 241 2961 8884 1275 2961 8885 1293 2962 8886 1272 2962 8887 1273 2962 8888 245 2963 8889 244 2963 8890 1273 2963 8891 1293 2964 8892 1283 2964 8893 1270 2964 8894 247 2965 8895 245 2965 8896 1272 2965 8897 1283 2966 8898 1299 2966 8899 1268 2966 8900 249 2967 8901 247 2967 8902 1270 2967 8903 1299 2968 8904 1302 2968 8905 1266 2968 8906 251 2969 8907 249 2969 8908 1268 2969 8909 1284 2970 8910 1263 2970 8911 1266 2970 8912 254 2971 8913 251 2971 8914 1266 2971 8915 1285 2972 8916 1262 2972 8917 1263 2972 8918 256 2973 8919 254 2973 8920 1263 2973 8921 1285 2974 8922 1286 2974 8923 1260 2974 8924 257 2975 8925 256 2975 8926 1262 2975 8927 1286 2976 8928 1301 2976 8929 1258 2976 8930 260 2977 8931 257 2977 8932 1260 2977 8933 1301 2978 8934 1290 2978 8935 1254 2978 8936 261 2979 8937 260 2979 8938 1258 2979 8939 1290 2980 8940 209 2980 8941 1256 2980 8942 264 2981 8943 261 2981 8944 1254 2981 8945 209 2982 8946 1296 2982 8947 1249 2982 8948 266 2983 8949 264 2983 8950 1256 2983 8951 1296 2984 8952 213 2984 8953 1252 2984 8954 268 2985 8955 266 2985 8956 1249 2985 8957 213 2986 8958 1281 2986 8959 1251 2986 8960 270 2987 8961 268 2987 8962 1252 2987 8963 1281 2988 8964 215 2988 8965 1250 2988 8966 272 2989 8967 270 2989 8968 1251 2989 8969 215 2990 8970 217 2990 8971 1253 2990 8972 274 2991 8973 272 2991 8974 1250 2991 8975 217 2992 8976 219 2992 8977 1255 2992 8978 275 2993 8979 274 2993 8980 1253 2993 8981 219 2994 8982 1288 2994 8983 1257 2994 8984 278 2995 8985 275 2995 8986 1255 2995 8987 1289 2996 8988 1259 2996 8989 1257 2996 8990 279 2997 8991 278 2997 8992 1257 2997 8993 224 2998 8994 1261 2998 8995 1259 2998 8996 281 2999 8997 279 2999 8998 1259 2999 8999 226 3000 9000 1264 3000 9001 1261 3000 9002 284 3001 9003 281 3001 9004 1261 3001 9005 1294 3002 9006 1265 3002 9007 1264 3002 9008 285 3003 9009 284 3003 9010 1264 3003 9011 228 3004 9012 1267 3004 9013 1265 3004 9014 288 3005 9015 285 3005 9016 1265 3005 9017 1297 3006 9018 1269 3006 9019 1267 3006 9020 289 3007 9021 288 3007 9022 1267 3007 9023 1300 3008 9024 1271 3008 9025 1269 3008 9026 291 3009 9027 289 3009 9028 1269 3009 9029 1291 3010 9030 1274 3010 9031 1271 3010 9032 293 3011 9033 291 3011 9034 1271 3011 9035 234 3012 9036 1279 3012 9037 1274 3012 9038 295 3013 9039 293 3013 9040 1274 3013 9041 1287 3014 9042 1278 3014 9043 1279 3014 9044 298 3015 9045 295 3015 9046 1279 3015 9047 1295 3016 9048 1280 3016 9049 1278 3016 9050 300 3017 9051 298 3017 9052 1278 3017 9053 1292 3018 9054 1277 3018 9055 1280 3018 9056 237 3019 9057 300 3019 9058 1280 3019 9059 1285 3020 9060 1358 3020 9061 1454 3020 9062 1358 3021 9063 1433 3021 9064 1403 3021 9065 1433 3022 9066 1569 3022 9067 1434 3022 9068 1569 3023 9069 1382 3023 9070 1518 3023 9071 1518 3024 9072 1382 3024 9073 1593 3024 9074 1570 3025 9075 1593 3025 9076 1324 3025 9077 1404 3026 9078 1324 3026 9079 1488 3026 9080 1488 3027 9081 1329 3027 9082 1543 3027 9083 1543 3028 9084 1329 3028 9085 1489 3028 9086 1359 3029 9087 1489 3029 9088 1330 3029 9089 1626 3030 9090 1330 3030 9091 1627 3030 9092 1627 3031 9093 1405 3031 9094 1676 3031 9095 1676 3032 9096 1405 3032 9097 1331 3032 9098 1303 3033 9099 1571 3033 9100 1332 3033 9101 1571 3034 9102 1544 3034 9103 1490 3034 9104 1544 3035 9105 1545 3035 9106 1456 3035 9107 1545 3036 9108 1520 3036 9109 1435 3036 9110 1435 3037 9111 1520 3037 9112 1406 3037 9113 1436 3038 9114 1406 3038 9115 1546 3038 9116 1547 3039 9117 1546 3039 9118 1437 3039 9119 1437 3040 9120 1629 3040 9121 1407 3040 9122 1407 3041 9123 1629 3041 9124 1699 3041 9125 1360 3042 9126 1699 3042 9127 1457 3042 9128 1572 3043 9129 1457 3043 9130 1630 3043 9131 1630 3044 9132 1677 3044 9133 1458 3044 9134 1458 3045 9135 1677 3045 9136 1700 3045 9137 228 3046 9138 1361 3046 9139 1574 3046 9140 1361 3047 9141 1325 3047 9142 1362 3047 9143 1325 3048 9144 1459 3048 9145 1521 3048 9146 1521 3049 9147 1459 3049 9148 1594 3049 9149 1594 3050 9150 1702 3050 9151 1319 3050 9152 1702 3051 9153 1595 3051 9154 1596 3051 9155 1595 3052 9156 1460 3052 9157 1333 3052 9158 1333 3053 9159 1460 3053 9160 1631 3053 9161 1631 3054 9162 1575 3054 9163 1632 3054 9164 1575 3055 9165 1408 3055 9166 1633 3055 9167 1408 3056 9168 1438 3056 9169 1492 3056 9170 1492 3057 9171 1438 3057 9172 1548 3057 9173 1548 3058 9174 1549 3058 9175 1409 3058 9176 219 3059 9177 1576 3059 9178 1634 3059 9179 1576 3060 9180 1363 3060 9181 1306 3060 9182 1363 3061 9183 1493 3061 9184 1364 3061 9185 1364 3062 9186 1493 3062 9187 1635 3062 9188 1635 3063 9189 1383 3063 9190 1636 3063 9191 1383 3064 9192 1323 3064 9193 1494 3064 9194 1323 3065 9195 1550 3065 9196 1637 3065 9197 1637 3066 9198 1550 3066 9199 1598 3066 9200 1598 3067 9201 1704 3067 9202 1461 3067 9203 1704 3068 9204 1638 3068 9205 1551 3068 9206 1638 3069 9207 1410 3069 9208 1599 3069 9209 1599 3070 9210 1410 3070 9211 1322 3070 9212 1322 3071 9213 1411 3071 9214 1335 3071 9215 209 3072 9216 1522 3072 9217 1705 3072 9218 1522 3073 9219 1678 3073 9220 1326 3073 9221 1678 3074 9222 1577 3074 9223 1412 3074 9224 1577 3075 9225 1495 3075 9226 1639 3075 9227 1639 3076 9228 1495 3076 9229 1640 3076 9230 1327 3077 9231 1640 3077 9232 1366 3077 9233 1366 3078 9234 1496 3078 9235 1641 3078 9236 1496 3079 9237 1367 3079 9238 1336 3079 9239 1336 3080 9240 1367 3080 9241 1384 3080 9242 1578 3081 9243 1384 3081 9244 1368 3081 9245 1413 3082 9246 1368 3082 9247 1337 3082 9248 1337 3083 9249 1552 3083 9250 1600 3083 9251 1600 3084 9252 1552 3084 9253 1523 3084 9254 1287 3085 9255 1579 3085 9256 1679 3085 9257 1579 3086 9258 1498 3086 9259 1601 3086 9260 1498 3087 9261 1464 3087 9262 1369 3087 9263 1369 3088 9264 1464 3088 9265 1465 3088 9266 1465 3089 9267 1439 3089 9268 1414 3089 9269 1439 3090 9270 1680 3090 9271 1642 3090 9272 1680 3091 9273 1525 3091 9274 1499 3091 9275 1499 3092 9276 1525 3092 9277 1415 3092 9278 1415 3093 9279 1643 3093 9280 1603 3093 9281 1643 3094 9282 1681 3094 9283 1706 3094 9284 1681 3095 9285 1416 3095 9286 1370 3095 9287 1370 3096 9288 1416 3096 9289 1604 3096 9290 1604 3097 9291 1581 3097 9292 1582 3097 9293 1289 3098 9294 1605 3098 9295 1606 3098 9296 1605 3099 9297 1500 3099 9298 1417 3099 9299 1500 3100 9300 1583 3100 9301 1526 3100 9302 1526 3101 9303 1583 3101 9304 1707 3101 9305 1707 3102 9306 1338 3102 9307 1501 3102 9308 1338 3103 9309 1607 3103 9310 1644 3103 9311 1607 3104 9312 1682 3104 9313 1645 3104 9314 1645 3105 9315 1682 3105 9316 1385 3105 9317 1385 3106 9318 1708 3106 9319 1467 3106 9320 1708 3107 9321 1553 3107 9322 1646 3107 9323 1553 3108 9324 1440 3108 9325 1468 3108 9326 1468 3109 9327 1440 3109 9328 1386 3109 9329 1386 3110 9330 1387 3110 9331 1441 3110 9332 1298 3111 9333 1709 3111 9334 1571 3111 9335 1709 3112 9336 1418 3112 9337 1544 3112 9338 1418 3113 9339 1419 3113 9340 1545 3113 9341 1419 3114 9342 1305 3114 9343 1520 3114 9344 1520 3115 9345 1305 3115 9346 1469 3115 9347 1406 3116 9348 1469 3116 9349 1388 3116 9350 1546 3117 9351 1388 3117 9352 1683 3117 9353 1683 3118 9354 1470 3118 9355 1629 3118 9356 1629 3119 9357 1470 3119 9358 1527 3119 9359 1699 3120 9360 1527 3120 9361 1471 3120 9362 1457 3121 9363 1471 3121 9364 1442 3121 9365 1442 3122 9366 1420 3122 9367 1677 3122 9368 1677 3123 9369 1420 3123 9370 1554 3123 9371 215 3124 9372 1389 3124 9373 1528 3124 9374 1389 3125 9375 1502 3125 9376 1710 3125 9377 1502 3126 9378 1529 3126 9379 1711 3126 9380 1711 3127 9381 1529 3127 9382 1372 3127 9383 1372 3128 9384 1503 3128 9385 1712 3128 9386 1503 3129 9387 1374 3129 9388 1390 3129 9389 1374 3130 9390 1584 3130 9391 1713 3130 9392 1713 3131 9393 1584 3131 9394 1375 3131 9395 1375 3132 9396 1443 3132 9397 1684 3132 9398 1443 3133 9399 1444 3133 9400 1421 3133 9401 1444 3134 9402 1530 3134 9403 1531 3134 9404 1531 3135 9405 1530 3135 9406 1648 3135 9407 1648 3136 9408 1391 3136 9409 1445 3136 9410 224 3137 9411 1606 3137 9412 1555 3137 9413 1606 3138 9414 1417 3138 9415 1504 3138 9416 1417 3139 9417 1526 3139 9418 1556 3139 9419 1556 3140 9420 1526 3140 9421 1466 3140 9422 1466 3141 9423 1501 3141 9424 1585 3141 9425 1501 3142 9426 1644 3142 9427 1649 3142 9428 1644 3143 9429 1645 3143 9430 1686 3143 9431 1686 3144 9432 1645 3144 9433 1371 3144 9434 1371 3145 9435 1467 3145 9436 1687 3145 9437 1467 3146 9438 1646 3146 9439 1608 3146 9440 1646 3147 9441 1468 3147 9442 1339 3147 9443 1339 3148 9444 1468 3148 9445 1647 3148 9446 1647 3149 9447 1441 3149 9448 1650 3149 9449 1295 3150 9450 1679 3150 9451 1557 3150 9452 1679 3151 9453 1601 3151 9454 1609 3151 9455 1601 3152 9456 1369 3152 9457 1651 3152 9458 1651 3153 9459 1369 3153 9460 1602 3153 9461 1602 3154 9462 1414 3154 9463 1320 3154 9464 1414 3155 9465 1642 3155 9466 1505 3155 9467 1642 3156 9468 1499 3156 9469 1393 3156 9470 1393 3157 9471 1499 3157 9472 1328 3157 9473 1328 3158 9474 1603 3158 9475 1558 3158 9476 1603 3159 9477 1706 3159 9478 1532 3159 9479 1706 3160 9480 1370 3160 9481 1611 3160 9482 1611 3161 9483 1370 3161 9484 1580 3161 9485 1580 3162 9486 1582 3162 9487 1653 3162 9488 1296 3163 9489 1705 3163 9490 1446 3163 9491 1705 3164 9492 1326 3164 9493 1559 3164 9494 1326 3165 9495 1412 3165 9496 1341 3165 9497 1412 3166 9498 1639 3166 9499 1688 3166 9500 1688 3167 9501 1639 3167 9502 1327 3167 9503 1376 3168 9504 1327 3168 9505 1463 3168 9506 1315 3169 9507 1463 3169 9508 1641 3169 9509 1641 3170 9510 1336 3170 9511 1316 3170 9512 1316 3171 9513 1336 3171 9514 1578 3171 9515 1342 3172 9516 1578 3172 9517 1413 3172 9518 1560 3173 9519 1413 3173 9520 1497 3173 9521 1497 3174 9522 1600 3174 9523 1561 3174 9524 1561 3175 9525 1600 3175 9526 1524 3175 9527 1294 3176 9528 1473 3176 9529 1361 3176 9530 1473 3177 9531 1343 3177 9532 1325 3177 9533 1343 3178 9534 1474 3178 9535 1459 3178 9536 1459 3179 9537 1474 3179 9538 1394 3179 9539 1394 3180 9540 1423 3180 9541 1702 3180 9542 1423 3181 9543 1612 3181 9544 1595 3181 9545 1612 3182 9546 1424 3182 9547 1460 3182 9548 1460 3183 9549 1424 3183 9550 1534 3183 9551 1534 3184 9552 1318 3184 9553 1575 3184 9554 1318 3185 9555 1654 3185 9556 1408 3185 9557 1654 3186 9558 1689 3186 9559 1438 3186 9560 1438 3187 9561 1689 3187 9562 1475 3187 9563 1475 3188 9564 1655 3188 9565 1549 3188 9566 1299 3189 9567 1613 3189 9568 1425 3189 9569 1613 3190 9570 1586 3190 9571 1395 3190 9572 1586 3191 9573 1506 3191 9574 1307 3191 9575 1506 3192 9576 1562 3192 9577 1690 3192 9578 1690 3193 9579 1562 3193 9580 1656 3193 9581 1691 3194 9582 1656 3194 9583 1396 3194 9584 1657 3195 9585 1396 3195 9586 1426 3195 9587 1426 3196 9588 1693 3196 9589 1587 3196 9590 1587 3197 9591 1693 3197 9592 1507 3197 9593 1448 3198 9594 1507 3198 9595 1508 3198 9596 1535 3199 9597 1508 3199 9598 1314 3199 9599 1314 3200 9600 1344 3200 9601 1536 3200 9602 1536 3201 9603 1344 3201 9604 1313 3201 9605 1284 3202 9606 1659 3202 9607 1358 3202 9608 1659 3203 9609 1309 3203 9610 1433 3203 9611 1309 3204 9612 1345 3204 9613 1569 3204 9614 1345 3205 9615 1660 3205 9616 1382 3205 9617 1382 3206 9618 1660 3206 9619 1588 3206 9620 1593 3207 9621 1588 3207 9622 1308 3207 9623 1324 3208 9624 1308 3208 9625 1589 3208 9626 1589 3209 9627 1661 3209 9628 1329 3209 9629 1329 3210 9630 1661 3210 9631 1615 3210 9632 1489 3211 9633 1615 3211 9634 1509 3211 9635 1330 3212 9636 1509 3212 9637 1346 3212 9638 1346 3213 9639 1662 3213 9640 1405 3213 9641 1405 3214 9642 1662 3214 9643 1537 3214 9644 219 3215 9645 217 3215 9646 1528 3215 9647 1576 3216 9648 1528 3216 9649 1710 3216 9650 1363 3217 9651 1710 3217 9652 1711 3217 9653 1493 3218 9654 1711 3218 9655 1373 3218 9656 1373 3219 9657 1712 3219 9658 1383 3219 9659 1712 3220 9660 1390 3220 9661 1323 3220 9662 1390 3221 9663 1713 3221 9664 1550 3221 9665 1550 3222 9666 1713 3222 9667 1472 3222 9668 1472 3223 9669 1684 3223 9670 1704 3223 9671 1684 3224 9672 1421 3224 9673 1638 3224 9674 1421 3225 9675 1531 3225 9676 1410 3225 9677 1410 3226 9678 1531 3226 9679 1714 3226 9680 1714 3227 9681 1445 3227 9682 1411 3227 9683 1293 3228 9684 1332 3228 9685 1510 3228 9686 1332 3229 9687 1490 3229 9688 1715 3229 9689 1490 3230 9690 1456 3230 9691 1663 3230 9692 1456 3231 9693 1435 3231 9694 1397 3231 9695 1397 3232 9696 1435 3232 9697 1436 3232 9698 1310 3233 9699 1436 3233 9700 1547 3233 9701 1538 3234 9702 1547 3234 9703 1628 3234 9704 1628 3235 9705 1407 3235 9706 1694 3235 9707 1694 3236 9708 1407 3236 9709 1360 3236 9710 1449 3237 9711 1360 3237 9712 1572 3237 9713 1563 3238 9714 1572 3238 9715 1491 3238 9716 1491 3239 9717 1458 3239 9718 1311 3239 9719 1311 3240 9720 1458 3240 9721 1573 3240 9722 1286 3241 9723 1454 3241 9724 1664 3241 9725 1454 3242 9726 1403 3242 9727 1665 3242 9728 1403 3243 9729 1434 3243 9730 1427 3243 9731 1434 3244 9732 1518 3244 9733 1398 3244 9734 1398 3245 9735 1518 3245 9736 1570 3245 9737 1428 3246 9738 1570 3246 9739 1404 3246 9740 1304 3247 9741 1404 3247 9742 1519 3247 9743 1519 3248 9744 1543 3248 9745 1478 3248 9746 1478 3249 9747 1543 3249 9748 1359 3249 9749 1450 3250 9750 1359 3250 9751 1626 3250 9752 1347 3251 9753 1626 3251 9754 1321 3251 9755 1321 3252 9756 1676 3252 9757 1511 3252 9758 1511 3253 9759 1676 3253 9760 1455 3253 9761 1300 3254 9762 1429 3254 9763 1666 3254 9764 1429 3255 9765 1452 3255 9766 1616 3255 9767 1452 3256 9768 1539 3256 9769 1667 3256 9770 1667 3257 9771 1539 3257 9772 1378 3257 9773 1378 3258 9774 1379 3258 9775 1617 3258 9776 1379 3259 9777 1399 3259 9778 1540 3259 9779 1399 3260 9780 1695 3260 9781 1479 3260 9782 1479 3261 9783 1695 3261 9784 1564 3261 9785 1564 3262 9786 1348 3262 9787 1349 3262 9788 1348 3263 9789 1618 3263 9790 1668 3263 9791 1618 3264 9792 1565 3264 9793 1481 3264 9794 1481 3265 9795 1565 3265 9796 1400 3265 9797 1400 3266 9798 1566 3266 9799 1453 3266 9800 1292 3267 9801 1557 3267 9802 1567 3267 9803 1557 3268 9804 1609 3268 9805 1717 3268 9806 1609 3269 9807 1651 3269 9808 1591 3269 9809 1651 3270 9810 1652 3270 9811 1380 3270 9812 1380 3271 9813 1652 3271 9814 1320 3271 9815 1592 3272 9816 1320 3272 9817 1505 3272 9818 1619 3273 9819 1505 3273 9820 1393 3273 9821 1393 3274 9822 1610 3274 9823 1620 3274 9824 1620 3275 9825 1610 3275 9826 1558 3275 9827 1512 3276 9828 1558 3276 9829 1532 3276 9830 1541 3277 9831 1532 3277 9832 1611 3277 9833 1611 3278 9834 1340 3278 9835 1482 3278 9836 1482 3279 9837 1340 3279 9838 1653 3279 9839 1300 3280 9840 1297 3280 9841 1574 3280 9842 1429 3281 9843 1574 3281 9844 1362 3281 9845 1452 3282 9846 1362 3282 9847 1521 3282 9848 1539 3283 9849 1521 3283 9850 1701 3283 9851 1701 3284 9852 1319 3284 9853 1379 3284 9854 1319 3285 9855 1596 3285 9856 1399 3285 9857 1596 3286 9858 1333 3286 9859 1695 3286 9860 1695 3287 9861 1333 3287 9862 1334 3287 9863 1334 3288 9864 1632 3288 9865 1348 3288 9866 1632 3289 9867 1633 3289 9868 1618 3289 9869 1633 3290 9870 1492 3290 9871 1565 3290 9872 1565 3291 9873 1492 3291 9874 1597 3291 9875 1597 3292 9876 1409 3292 9877 1566 3292 9878 1294 3293 9879 226 3293 9880 1555 3293 9881 1473 3294 9882 1555 3294 9883 1504 3294 9884 1343 3295 9885 1504 3295 9886 1556 3295 9887 1474 3296 9888 1556 3296 9889 1685 3296 9890 1685 3297 9891 1585 3297 9892 1423 3297 9893 1585 3298 9894 1649 3298 9895 1612 3298 9896 1649 3299 9897 1686 3299 9898 1424 3299 9899 1424 3300 9900 1686 3300 9901 1392 3300 9902 1392 3301 9903 1687 3301 9904 1318 3301 9905 1687 3302 9906 1608 3302 9907 1654 3302 9908 1608 3303 9909 1339 3303 9910 1689 3303 9911 1689 3304 9912 1339 3304 9913 1422 3304 9914 1422 3305 9915 1650 3305 9916 1655 3305 9917 1291 3306 9918 1666 3306 9919 1381 3306 9920 1666 3307 9921 1616 3307 9922 1483 3307 9923 1616 3308 9924 1667 3308 9925 1513 3308 9926 1513 3309 9927 1667 3309 9928 1716 3309 9929 1716 3310 9930 1617 3310 9931 1669 3310 9932 1617 3311 9933 1540 3311 9934 1402 3311 9935 1540 3312 9936 1479 3312 9937 1542 3312 9938 1542 3313 9939 1479 3313 9940 1480 3313 9941 1480 3314 9942 1349 3314 9943 1514 3314 9944 1349 3315 9945 1668 3315 9946 1515 3315 9947 1668 3316 9948 1481 3316 9949 1431 3316 9950 1431 3317 9951 1481 3317 9952 1401 3317 9953 1401 3318 9954 1453 3318 9955 1719 3318 9956 1287 3319 9957 234 3319 9958 1381 3319 9959 1579 3320 9960 1381 3320 9961 1483 3320 9962 1498 3321 9963 1483 3321 9964 1513 3321 9965 1464 3322 9966 1513 3322 9967 1568 3322 9968 1568 3323 9969 1669 3323 9970 1439 3323 9971 1439 3324 9972 1669 3324 9973 1402 3324 9974 1402 3325 9975 1542 3325 9976 1525 3325 9977 1525 3326 9978 1542 3326 9979 1484 3326 9980 1484 3327 9981 1514 3327 9982 1643 3327 9983 1514 3328 9984 1515 3328 9985 1681 3328 9986 1515 3329 9987 1431 3329 9988 1416 3329 9989 1416 3330 9990 1431 3330 9991 1670 3330 9992 1670 3331 9993 1719 3331 9994 1581 3331 9995 213 3332 9996 1446 3332 9997 1621 3332 9998 1446 3333 9999 1559 3333 10000 1432 3333 10001 1559 3334 10002 1341 3334 10003 1351 3334 10004 1341 3335 10005 1688 3335 10006 1352 3335 10007 1352 3336 10008 1688 3336 10009 1376 3336 10010 1353 3337 10011 1376 3337 10012 1315 3337 10013 1671 3338 10014 1315 3338 10015 1447 3338 10016 1447 3339 10017 1316 3339 10018 1622 3339 10019 1622 3340 10020 1316 3340 10021 1342 3340 10022 1623 3341 10023 1342 3341 10024 1560 3341 10025 1624 3342 10026 1560 3342 10027 1317 3342 10028 1317 3343 10029 1561 3343 10030 1355 3343 10031 1355 3344 10032 1561 3344 10033 1533 3344 10034 1290 3345 10035 1696 3345 10036 1522 3345 10037 1696 3346 10038 1673 3346 10039 1678 3346 10040 1673 3347 10041 1674 3347 10042 1577 3347 10043 1674 3348 10044 1356 3348 10045 1495 3348 10046 1495 3349 10047 1356 3349 10048 1697 3349 10049 1640 3350 10050 1697 3350 10051 1485 3350 10052 1366 3351 10053 1485 3351 10054 1486 3351 10055 1486 3352 10056 1698 3352 10057 1367 3352 10058 1367 3353 10059 1698 3353 10060 1487 3353 10061 1384 3354 10062 1487 3354 10063 1516 3354 10064 1368 3355 10065 1516 3355 10066 1517 3355 10067 1517 3356 10068 1675 3356 10069 1552 3356 10070 1552 3357 10071 1675 3357 10072 1357 3357 10073 1299 3358 10074 1283 3358 10075 1510 3358 10076 1613 3359 10077 1510 3359 10078 1715 3359 10079 1586 3360 10080 1715 3360 10081 1663 3360 10082 1663 3361 10083 1397 3361 10084 1562 3361 10085 1562 3362 10086 1397 3362 10087 1310 3362 10088 1656 3363 10089 1310 3363 10090 1538 3363 10091 1396 3364 10092 1538 3364 10093 1590 3364 10094 1590 3365 10095 1694 3365 10096 1693 3365 10097 1693 3366 10098 1694 3366 10099 1449 3366 10100 1507 3367 10101 1449 3367 10102 1563 3367 10103 1508 3368 10104 1563 3368 10105 1476 3368 10106 1476 3369 10107 1311 3369 10108 1344 3369 10109 1344 3370 10110 1311 3370 10111 1312 3370 10112 1284 3371 10113 1302 3371 10114 1425 3371 10115 1659 3372 10116 1425 3372 10117 1395 3372 10118 1309 3373 10119 1395 3373 10120 1307 3373 10121 1307 3374 10122 1690 3374 10123 1660 3374 10124 1660 3375 10125 1690 3375 10126 1691 3375 10127 1588 3376 10128 1691 3376 10129 1657 3376 10130 1308 3377 10131 1657 3377 10132 1692 3377 10133 1692 3378 10134 1587 3378 10135 1661 3378 10136 1661 3379 10137 1587 3379 10138 1448 3379 10139 1615 3380 10140 1448 3380 10141 1535 3380 10142 1509 3381 10143 1535 3381 10144 1614 3381 10145 1614 3382 10146 1536 3382 10147 1662 3382 10148 1662 3383 10149 1536 3383 10150 1658 3383 10151 1289 3384 10152 1288 3384 10153 1634 3384 10154 1605 3385 10155 1634 3385 10156 1306 3385 10157 1500 3386 10158 1306 3386 10159 1364 3386 10160 1583 3387 10161 1364 3387 10162 1365 3387 10163 1365 3388 10164 1636 3388 10165 1338 3388 10166 1636 3389 10167 1494 3389 10168 1607 3389 10169 1494 3390 10170 1637 3390 10171 1682 3390 10172 1682 3391 10173 1637 3391 10174 1703 3391 10175 1703 3392 10176 1461 3392 10177 1708 3392 10178 1461 3393 10179 1551 3393 10180 1553 3393 10181 1551 3394 10182 1599 3394 10183 1440 3394 10184 1440 3395 10185 1599 3395 10186 1462 3395 10187 1462 3396 10188 1335 3396 10189 1387 3396 10190 1298 3397 10191 1282 3397 10192 1567 3397 10193 1709 3398 10194 1567 3398 10195 1717 3398 10196 1418 3399 10197 1717 3399 10198 1591 3399 10199 1591 3400 10200 1380 3400 10201 1305 3400 10202 1305 3401 10203 1380 3401 10204 1592 3401 10205 1469 3402 10206 1592 3402 10207 1619 3402 10208 1388 3403 10209 1619 3403 10210 1350 3403 10211 1350 3404 10212 1620 3404 10213 1470 3404 10214 1470 3405 10215 1620 3405 10216 1512 3405 10217 1527 3406 10218 1512 3406 10219 1541 3406 10220 1471 3407 10221 1541 3407 10222 1718 3407 10223 1718 3408 10224 1482 3408 10225 1420 3408 10226 1420 3409 10227 1482 3409 10228 1430 3409 10229 1290 3410 10230 1301 3410 10231 1664 3410 10232 1696 3411 10233 1664 3411 10234 1665 3411 10235 1673 3412 10236 1665 3412 10237 1427 3412 10238 1427 3413 10239 1398 3413 10240 1356 3413 10241 1356 3414 10242 1398 3414 10243 1428 3414 10244 1697 3415 10245 1428 3415 10246 1304 3415 10247 1485 3416 10248 1304 3416 10249 1477 3416 10250 1477 3417 10251 1478 3417 10252 1698 3417 10253 1698 3418 10254 1478 3418 10255 1450 3418 10256 1487 3419 10257 1450 3419 10258 1347 3419 10259 1516 3420 10260 1347 3420 10261 1377 3420 10262 1377 3421 10263 1511 3421 10264 1675 3421 10265 1675 3422 10266 1511 3422 10267 1451 3422 10268 215 3423 10269 1281 3423 10270 1621 3423 10271 1389 3424 10272 1621 3424 10273 1432 3424 10274 1502 3425 10275 1432 3425 10276 1351 3425 10277 1529 3426 10278 1351 3426 10279 1352 3426 10280 1372 3427 10281 1352 3427 10282 1353 3427 10283 1503 3428 10284 1353 3428 10285 1671 3428 10286 1374 3429 10287 1671 3429 10288 1354 3429 10289 1584 3430 10290 1354 3430 10291 1622 3430 10292 1375 3431 10293 1622 3431 10294 1623 3431 10295 1443 3432 10296 1623 3432 10297 1624 3432 10298 1444 3433 10299 1624 3433 10300 1625 3433 10301 1530 3434 10302 1625 3434 10303 1355 3434 10304 1355 3435 10305 1672 3435 10306 1391 3435 10307 1573 3436 10308 1700 3436 10309 474 3436 10310 365 3437 10311 1523 3437 10312 1357 3437 10313 365 3438 10314 1357 3438 10315 1451 3438 10316 1312 3439 10317 1573 3439 10318 474 3439 10319 1313 3440 10320 1312 3440 10321 474 3440 10322 365 3441 10323 1451 3441 10324 1455 3441 10325 365 3442 10326 1455 3442 10327 1331 3442 10328 1313 3443 10329 474 3443 10330 1658 3443 10331 474 3444 10332 365 3444 10333 1537 3444 10334 1658 3445 10335 474 3445 10336 1537 3445 10337 1524 3446 10338 1523 3446 10339 365 3446 10340 365 3447 10341 11 3447 10342 1335 3447 10343 11 3448 10344 211 3448 10345 1655 3448 10346 1387 3449 10347 11 3449 10348 1441 3449 10349 211 3450 10350 1549 3450 10351 1655 3450 10352 1655 3451 10353 1650 3451 10354 11 3451 10355 1533 3452 10356 1524 3452 10357 365 3452 10358 1672 3453 10359 1533 3453 10360 365 3453 10361 1650 3454 10362 1441 3454 10363 11 3454 10364 1391 3455 10365 1672 3455 10366 365 3455 10367 1445 3456 10368 1391 3456 10369 365 3456 10370 11 3457 10371 1387 3457 10372 1335 3457 10373 1411 3458 10374 1445 3458 10375 365 3458 10376 1409 3459 10377 1549 3459 10378 211 3459 10379 474 3460 10380 1700 3460 10381 1554 3460 10382 474 3461 10383 1554 3461 10384 1430 3461 10385 1409 3462 10386 211 3462 10387 1566 3462 10388 211 3463 10389 474 3463 10390 1453 3463 10391 1566 3464 10392 211 3464 10393 1453 3464 10394 474 3465 10395 1430 3465 10396 1653 3465 10397 474 3466 10398 1653 3466 10399 1582 3466 10400 1719 3467 10401 1453 3467 10402 474 3467 10403 474 3468 10404 1582 3468 10405 1581 3468 10406 1721 3469 10407 1724 3469 10408 1 3469 10409 1 3470 10410 4 3470 10411 1721 3470 10412 4 3471 10413 1725 3471 10414 1720 3471 10415 4 3472 10416 10 3472 10417 1723 3472 10418 7 3473 10419 1722 3473 10420 1723 3473 10421 7 3474 10422 1 3474 10423 1724 3474 10424 1 3475 10425 7 3475 10426 10 3475 10427</p>
        </triangles>
      </mesh>
    </geometry>
  </library_geometries>
  <library_visual_scenes>
    <visual_scene id="Scene" name="Scene">
      <node id="tmp_export_Cube_002" name="tmp_export_Cube.002" type="NODE">
        <matrix sid="transform">1 0 0 0 0 1 0 0 0 0 1 0 0 0 0 1</matrix>
        <instance_geometry url="#Cube_002-mesh" name="tmp_export_Cube.002"/>
      </node>
    </visual_scene>
  </library_visual_scenes>
  <scene>
    <instance_visual_scene url="#Scene"/>
  </scene>
</COLLADA>