<?xml version="1.0" encoding="utf-8"?>
<COLLADA xmlns="http://www.collada.org/2005/11/COLLADASchema" version="1.4.1" xmlns:xsi="http://www.w3.org/2001/XMLSchema-instance">
  <asset>
    <contributor>
      <author>Blender User</author>
      <authoring_tool>Blender 4.1.0 commit date:2024-03-25, commit time:20:42, hash:40a5e739e270</authoring_tool>
    </contributor>
    <created>2024-03-31T15:20:21</created>
    <modified>2024-03-31T15:20:21</modified>
    <unit name="meter" meter="1"/>
    <up_axis>Z_UP</up_axis>
  </asset>
  <library_effects/>
  <library_images/>
  <library_geometries>
    <geometry id="right_tracks-mesh" name="right.tracks">
      <mesh>
        <source id="right_tracks-mesh-positions">
          <float_array id="right_tracks-mesh-positions-array" count="8532">-0.0684849 0.02039712 -0.0387603 -0.06844365 0.02039712 -0.03783613 -0.06848484 -0.02040272 -0.0387603 -0.06844359 -0.02040272 -0.03783619 -0.07564377 0.02039712 -0.03752303 -0.07530277 0.02039712 -0.03666007 -0.07564383 -0.02040272 -0.03752303 -0.07530283 -0.02040272 -0.03666013 -0.06848484 -0.02040272 -0.0387603 -0.0684849 0.02039712 -0.0387603 -0.07564383 -0.02040272 -0.03752303 -0.07564377 0.02039712 -0.03752303 -0.06848484 -0.02040272 -0.0387603 -0.0684849 0.02039712 -0.0387603 -0.07564383 -0.02040272 -0.03752303 -0.07564377 0.02039712 -0.03752303 -0.06848484 -0.02040272 -0.0387603 -0.0684849 0.02039712 -0.0387603 -0.07564383 -0.02040272 -0.03752303 -0.06848484 -0.02040272 -0.0387603 -0.0684849 0.02039712 -0.0387603 -0.07564383 -0.02040272 -0.03752303 -0.0700249 -0.01160585 -0.03866642 -0.07002496 0.01160025 -0.03866642 -0.07417625 -0.01160585 -0.0380311 -0.0700249 -0.01160585 -0.03866642 -0.07002496 0.01160025 -0.03866642 -0.07417625 -0.01160585 -0.0380311 -0.07008755 -0.01160585 -0.03945225 -0.07008755 0.01160025 -0.03945219 -0.07442969 -0.01160585 -0.03877937 -0.07442969 0.01160025 -0.03877937 -0.07417631 0.01160025 -0.0380311 -0.07417631 0.01160025 -0.0380311 -0.07564377 0.02039712 -0.03752303 -0.07564377 0.02039712 -0.03752303 -0.07571834 0.02039712 -0.03749495 -0.07571834 -0.02040272 -0.03749501 -0.07537382 0.02039712 -0.03663337 -0.08167129 0.02039712 -0.03338456 -0.07571834 0.02039712 -0.03749495 -0.07571834 -0.02040272 -0.03749501 -0.08167129 0.02039712 -0.03338456 -0.07571834 0.02039712 -0.03749495 -0.07571834 -0.02040272 -0.03749501 -0.08167129 0.02039712 -0.03338456 -0.08167129 -0.02040272 -0.03338456 -0.08167129 -0.02040272 -0.03338456 -0.08167129 -0.02040272 -0.03338456 -0.0810523 -0.02040272 -0.03268456 -0.07537382 -0.02040272 -0.03663343 -0.0810523 0.02039712 -0.0326845 -0.07571834 -0.02040272 -0.03749501 -0.07571834 0.02039712 -0.03749495 -0.08167129 -0.02040272 -0.03338456 -0.07571834 -0.02040272 -0.03749501 -0.07571834 0.02039712 -0.03749495 -0.08167129 -0.02040272 -0.03338456 -0.07721751 -0.01160579 -0.03679448 -0.07721751 0.01160025 -0.03679448 -0.08051544 -0.01160585 -0.03435146 -0.07721751 -0.01160579 -0.03679448 -0.07721751 0.01160025 -0.03679448 -0.08051544 -0.01160585 -0.03435146 -0.07762825 -0.01160579 -0.03747284 -0.07762831 0.01160025 -0.03747284 -0.08103579 -0.01160585 -0.03495383 -0.08103579 0.01160025 -0.03495383 -0.08051544 0.01160025 -0.03435146 -0.08051544 0.01160025 -0.03435146 -0.08167129 0.02039712 -0.03338456 -0.08167129 0.02039712 -0.03338456 -0.08172917 0.02039712 -0.03333562 -0.08172917 -0.02040272 -0.03333562 -0.08110988 0.02039712 -0.03263586 -0.08699131 0.02039712 -0.02879196 -0.08172917 0.02039712 -0.03333562 -0.08172917 -0.02040272 -0.03333562 -0.08699131 0.02039712 -0.02879196 -0.08172917 0.02039712 -0.03333562 -0.08172917 -0.02040272 -0.03333562 -0.08699131 0.02039712 -0.02879196 -0.08699125 -0.02040272 -0.02879196 -0.08699125 -0.02040272 -0.02879196 -0.08699125 -0.02040272 -0.02879196 -0.08635997 -0.02040272 -0.02810257 -0.08110988 -0.02040272 -0.03263592 -0.08635997 0.02039712 -0.02810251 -0.08172917 -0.02040272 -0.03333562 -0.08172917 0.02039712 -0.03333562 -0.08699125 -0.02040272 -0.02879196 -0.08172917 -0.02040272 -0.03333562 -0.08172917 0.02039712 -0.03333562 -0.08699125 -0.02040272 -0.02879196 -0.08287292 -0.01160585 -0.03236204 -0.08287292 0.01160025 -0.03236204 -0.08586347 -0.01160585 -0.02977633 -0.08287292 -0.01160585 -0.03236204 -0.08287292 0.01160025 -0.03236204 -0.08586347 -0.01160585 -0.02977633 -0.08340466 -0.01160585 -0.03295487 -0.08340466 0.01160025 -0.03295487 -0.08640033 -0.01160585 -0.03036469 -0.08640038 0.01160025 -0.03036469 -0.08586347 0.01160025 -0.02977633 -0.08586347 0.01160025 -0.02977633 -0.08699131 0.02039712 -0.02879196 -0.08699131 0.02039712 -0.02879196 -0.08704811 0.02039712 -0.02874237 -0.08704811 -0.02040272 -0.02874243 -0.08641672 0.02039712 -0.02805304 -0.09226107 0.02039712 -0.02416187 -0.08704811 0.02039712 -0.02874237 -0.08704811 -0.02040272 -0.02874243 -0.09226107 0.02039712 -0.02416187 -0.08704811 0.02039712 -0.02874237 -0.08704811 -0.02040272 -0.02874243 -0.09226107 0.02039712 -0.02416187 -0.09226107 -0.02040272 -0.02416187 -0.09226107 -0.02040272 -0.02416187 -0.09226107 -0.02040272 -0.02416187 -0.09162646 -0.02040272 -0.02347534 -0.08641672 -0.02040272 -0.02805304 -0.09162646 0.02039712 -0.02347534 -0.08704811 -0.02040272 -0.02874243 -0.08704811 0.02039712 -0.02874237 -0.09226107 -0.02040272 -0.02416187 -0.08704811 -0.02040272 -0.02874243 -0.08704811 0.02039712 -0.02874237 -0.09226107 -0.02040272 -0.02416187 -0.08817404 -0.01160585 -0.02775645 -0.08817404 0.01160025 -0.02775645 -0.09113883 -0.01160585 -0.02515101 -0.08817404 -0.01160585 -0.02775645 -0.08817404 0.01160025 -0.02775645 -0.09113883 -0.01160585 -0.02515101 -0.08871287 -0.01160585 -0.02834314 -0.08871287 0.01160025 -0.02834314 -0.09167915 -0.01160585 -0.02573639 -0.09167915 0.01160025 -0.02573639 -0.09113883 0.01160025 -0.02515101 -0.09113883 0.01160025 -0.02515101 -0.09226107 0.02039712 -0.02416187 -0.09226107 0.02039712 -0.02416187 -0.09231764 0.02039712 -0.02411204 -0.09231758 -0.02040272 -0.0241121 -0.09168297 0.02039712 -0.02342551 -0.09751373 0.02039712 -0.01951628 -0.09231764 0.02039712 -0.02411204 -0.09231758 -0.02040272 -0.0241121 -0.09751373 0.02039712 -0.01951628 -0.09231764 0.02039712 -0.02411204 -0.09231758 -0.02040272 -0.0241121 -0.09751373 0.02039712 -0.01951628 -0.09751373 -0.02040278 -0.01951628 -0.09751373 -0.02040278 -0.01951628 -0.09751373 -0.02040278 -0.01951628 -0.09687745 -0.02040278 -0.01883125 -0.09168297 -0.02040272 -0.02342557 -0.09687745 0.02039712 -0.01883125 -0.09231758 -0.02040272 -0.0241121 -0.09231764 0.02039712 -0.02411204 -0.09751373 -0.02040278 -0.01951628 -0.09231758 -0.02040272 -0.0241121 -0.09231764 0.02039712 -0.02411204 -0.09751373 -0.02040278 -0.01951628 -0.09343886 -0.01160585 -0.02312207 -0.09343886 0.01160019 -0.02312207 -0.09639447 -0.01160585 -0.02050828 -0.09343886 -0.01160585 -0.02312207 -0.09343886 0.01160019 -0.02312207 -0.09639447 -0.01160585 -0.02050828 -0.09397995 -0.01160585 -0.02370673 -0.09397995 0.01160019 -0.02370673 -0.0969364 -0.01160585 -0.02109217 -0.0969364 0.01160019 -0.02109217 -0.09639447 0.01160019 -0.02050822 -0.09639447 0.01160019 -0.02050822 -0.09751373 0.02039712 -0.01951628 -0.09751373 0.02039712 -0.01951628 -0.09757012 0.02039712 -0.01946628 -0.09757012 -0.02040278 -0.01946634 -0.09693378 0.02039712 -0.0187813 -0.1027562 0.02039712 -0.01486033 -0.09757012 0.02039712 -0.01946628 -0.09757012 -0.02040278 -0.01946634 -0.1027562 0.02039712 -0.01486033 -0.09757012 0.02039712 -0.01946628 -0.09757012 -0.02040278 -0.01946634 -0.1027562 0.02039712 -0.01486033 -0.1027562 -0.02040278 -0.01486039 -0.1027562 -0.02040278 -0.01486039 -0.1027562 -0.02040278 -0.01486039 -0.1021184 -0.02040278 -0.0141766 -0.09693378 -0.02040278 -0.0187813 -0.1021185 0.02039712 -0.0141766 -0.09757012 -0.02040278 -0.01946634 -0.09757012 0.02039712 -0.01946628 -0.1027562 -0.02040278 -0.01486039 -0.09757012 -0.02040278 -0.01946634 -0.09757012 0.02039712 -0.01946628 -0.1027562 -0.02040278 -0.01486039 -0.09868919 -0.01160585 -0.01847422 -0.09868919 0.01160019 -0.01847416 -0.1016387 -0.01160585 -0.01585417 -0.09868919 -0.01160585 -0.01847422 -0.09868919 0.01160019 -0.01847416 -0.1016387 -0.01160585 -0.01585417 -0.09923166 -0.01160585 -0.01905763 -0.09923166 0.01160019 -0.01905763 -0.1021819 -0.01160585 -0.01643705 -0.1021819 0.01160019 -0.01643705 -0.1016387 0.01160019 -0.01585417 -0.1016387 0.01160019 -0.01585417 -0.1027562 0.02039712 -0.01486033 -0.1027562 0.02039712 -0.01486033 -0.1028125 0.02039712 -0.01481026 -0.1028125 -0.02040278 -0.01481026 -0.1021747 0.02039712 -0.01412653 -0.1079882 0.02039712 -0.01019209 -0.1028125 0.02039712 -0.01481026 -0.1028125 -0.02040278 -0.01481026 -0.1079882 0.02039712 -0.01019209 -0.1028125 0.02039712 -0.01481026 -0.1028125 -0.02040278 -0.01481026 -0.1079882 0.02039712 -0.01019209 -0.1079882 -0.02040278 -0.01019209 -0.1079882 -0.02040278 -0.01019209 -0.1079882 -0.02040278 -0.01019209 -0.1073485 -0.02040278 -0.009510099 -0.1021747 -0.02040278 -0.01412653 -0.1073485 0.02039712 -0.00951004 -0.1028125 -0.02040278 -0.01481026 -0.1028125 0.02039712 -0.01481026 -0.1079882 -0.02040278 -0.01019209 -0.1028125 -0.02040278 -0.01481026 -0.1028125 0.02039712 -0.01481026 -0.1079882 -0.02040278 -0.01019209 -0.1039293 -0.01160585 -0.01381558 -0.1039293 0.01160019 -0.01381558 -0.1068733 -0.01160585 -0.0111891 -0.1039293 -0.01160585 -0.01381558 -0.1039293 0.01160019 -0.01381558 -0.1068733 -0.01160585 -0.0111891 -0.104473 -0.01160585 -0.01439797 -0.104473 0.01160019 -0.01439791 -0.1074179 -0.01160585 -0.01177066 -0.1074179 0.01160019 -0.01177066 -0.1068733 0.01160019 -0.0111891 -0.1068733 0.01160019 -0.0111891 -0.1079882 0.02039712 -0.01019209 -0.1079882 0.02039712 -0.01019209 -0.1080444 0.02039712 -0.01014184 -0.1080444 -0.02040278 -0.0101419 -0.1074047 0.02039712 -0.009459853 -0.113203 0.02039712 -0.005500555 -0.1080444 0.02039712 -0.01014184 -0.1080444 -0.02040278 -0.0101419 -0.113203 0.02039712 -0.005500555 -0.1080444 0.02039712 -0.01014184 -0.1080444 -0.02040278 -0.0101419 -0.113203 0.02039712 -0.005500555 -0.113203 -0.02040278 -0.005500614 -0.113203 -0.02040278 -0.005500614 -0.113203 -0.02040278 -0.005500614 -0.1125588 -0.02040278 -0.004822611 -0.1074047 -0.02040278 -0.009459912 -0.1125588 0.02039712 -0.004822611 -0.1080444 -0.02040278 -0.0101419 -0.1080444 0.02039712 -0.01014184 -0.113203 -0.02040278 -0.005500614 -0.1080444 -0.02040278 -0.0101419 -0.1080444 0.02039712 -0.01014184 -0.113203 -0.02040278 -0.005500614 -0.1091583 -0.01160585 -0.00914371 -0.1091583 0.01160019 -0.00914365 -0.1120929 -0.01160585 -0.006504416 -0.1091583 -0.01160585 -0.00914371 -0.1091583 0.01160019 -0.00914365 -0.1120929 -0.01160585 -0.006504416 -0.109704 -0.01160585 -0.009724318 -0.109704 0.01160019 -0.009724318 -0.1126406 -0.01160585 -0.007083177 -0.1126406 0.01160019 -0.007083177 -0.1120929 0.01160019 -0.006504416 -0.1120929 0.01160019 -0.006504416 -0.113203 0.02039712 -0.005500555 -0.113203 0.02039712 -0.005500555 -0.1132589 0.02039712 -0.005449831 -0.1132588 -0.02040278 -0.005449891 -0.1126146 0.02039712 -0.004771947 -0.1183643 0.02039712 -7.14333e-4 -0.1132589 0.02039712 -0.005449831 -0.1132588 -0.02040278 -0.005449891 -0.1183643 0.02039712 -7.14333e-4 -0.1132589 0.02039712 -0.005449831 -0.1132588 -0.02040278 -0.005449891 -0.1183643 0.02039712 -7.14333e-4 -0.1183643 -0.02040278 -7.14355e-4 -0.1183643 -0.02040278 -7.14355e-4 -0.1183643 -0.02040278 -7.14355e-4 -0.1176959 -0.02040278 -5.91471e-5 -0.1126146 -0.02040278 -0.004772007 -0.1176959 0.02039712 -5.91173e-5 -0.1132588 -0.02040278 -0.005449891 -0.1132589 0.02039712 -0.005449831 -0.1183643 -0.02040278 -7.14355e-4 -0.1132588 -0.02040278 -0.005449891 -0.1132589 0.02039712 -0.005449831 -0.1183643 -0.02040278 -7.14355e-4 -0.114367 -0.01160585 -0.00444287 -0.114367 0.01160019 -0.004442811 -0.1172742 -0.01160585 -0.001757502 -0.114367 -0.01160585 -0.00444287 -0.114367 0.01160019 -0.004442811 -0.1172742 -0.01160585 -0.001757502 -0.1149176 -0.01160585 -0.005018949 -0.1149176 0.01160019 -0.005018949 -0.1178345 -0.01160585 -0.00232464 -0.1178345 0.01160019 -0.00232464 -0.1172742 0.01160019 -0.001757442 -0.1172742 0.01160019 -0.001757442 -0.1183643 0.02039712 -7.14333e-4 -0.1183643 0.02039712 -7.14333e-4 -0.1184189 0.02039712 -6.61225e-4 -0.1184189 -0.02040278 -6.61247e-4 -0.1177498 0.02039712 -6.69871e-6 -0.1227256 0.02039712 0.00510782 -0.1184189 0.02039712 -6.61225e-4 -0.1184189 -0.02040278 -6.61247e-4 -0.1227256 0.02039712 0.00510782 -0.1184189 0.02039712 -6.61225e-4 -0.1184189 -0.02040278 -6.61247e-4 -0.1227256 0.02039712 0.00510782 -0.1227257 -0.02040278 0.00510782 -0.1227257 -0.02040278 0.00510782 -0.1227257 -0.02040278 0.00510782 -0.1218567 -0.02040278 0.005475461 -0.1177498 -0.02040278 -6.72479e-6 -0.1218567 0.02039712 0.005475461 -0.1184189 -0.02040278 -6.61247e-4 -0.1184189 0.02039712 -6.61225e-4 -0.1227257 -0.02040278 0.00510782 -0.1184189 -0.02040278 -6.61247e-4 -0.1184189 0.02039712 -6.61225e-4 -0.1227257 -0.02040278 0.00510782 -0.1194948 -0.01160585 4.15865e-4 -0.1194948 0.01160019 4.15876e-4 -0.1220276 -0.01160585 0.003705382 -0.1194948 -0.01160585 4.15865e-4 -0.1194948 0.01160019 4.15876e-4 -0.1220276 -0.01160585 0.003705382 -0.1200826 -0.01160585 -1.24079e-4 -0.1200826 0.01160019 -1.24068e-4 -0.1227358 -0.01160585 0.003327667 -0.1227358 0.01160019 0.003327667 -0.1220276 0.01160019 0.003705382 -0.1220276 0.01160019 0.003705382 -0.1227256 0.02039712 0.00510782 -0.1227256 0.02039712 0.00510782 -0.1227571 0.02039712 0.005179643 -0.1227571 -0.02040278 0.005179643 -0.1218866 0.02039712 0.005543768 -0.1242092 0.02039712 0.01222139 -0.1227571 0.02039712 0.005179643 -0.1227571 -0.02040278 0.005179643 -0.1242092 0.02039712 0.01222139 -0.1227571 0.02039712 0.005179643 -0.1227571 -0.02040278 0.005179643 -0.1242092 0.02039712 0.01222139 -0.1242091 -0.02040278 0.01222139 -0.1242091 -0.02040278 0.01222139 -0.1242091 -0.02040278 0.01222139 -0.1232625 -0.02040278 0.01219832 -0.1218866 -0.02040278 0.005543768 -0.1232625 0.02039712 0.01219832 -0.1227571 -0.02040278 0.005179643 -0.1227571 0.02039712 0.005179643 -0.1242091 -0.02040278 0.01222139 -0.1227571 -0.02040278 0.005179643 -0.1227571 0.02039712 0.005179643 -0.1242091 -0.02040278 0.01222139 -0.1233235 -0.01160585 0.006625592 -0.1233235 0.01160019 0.006625592 -0.1241775 -0.01160585 0.01065963 -0.1233235 -0.01160585 0.006625592 -0.1233235 0.01160019 0.006625592 -0.1241775 -0.01160585 0.01065963 -0.1240878 -0.01160585 0.006373107 -0.1240878 0.01160019 0.006373107 -0.1249824 -0.01160585 0.01060545 -0.1249824 0.01160019 0.01060545 -0.1241775 0.01160019 0.01065963 -0.1241775 0.01160019 0.01065963 -0.1242092 0.02039712 0.01222139 -0.1242092 0.02039712 0.01222139 -0.1242069 0.02039712 0.01229953 -0.1242069 -0.02040278 0.01229953 -0.1232604 0.02039712 0.01227259 -0.1228838 0.02039712 0.01929306 -0.1242069 0.02039712 0.01229953 -0.1242069 -0.02040278 0.01229953 -0.1228838 0.02039712 0.01929306 -0.1242069 0.02039712 0.01229953 -0.1242069 -0.02040278 0.01229953 -0.1228838 0.02039712 0.01929306 -0.1228838 -0.02040278 0.01929306 -0.1228838 -0.02040278 0.01929306 -0.1228838 -0.02040278 0.01929306 -0.1219932 -0.02040278 0.01897889 -0.1232604 -0.02040278 0.01227259 -0.1219932 0.02039712 0.01897883 -0.1242069 -0.02040278 0.01229953 -0.1242069 0.02039712 0.01229953 -0.1228838 -0.02040278 0.01929306 -0.1242069 -0.02040278 0.01229953 -0.1242069 0.02039712 0.01229953 -0.1228838 -0.02040278 0.01929306 -0.1241017 -0.01160585 0.01383841 -0.1241017 0.01160019 0.01383841 -0.1233587 -0.01160585 0.01781255 -0.1241017 -0.01160585 0.01383841 -0.1241017 0.01160019 0.01383841 -0.1233587 -0.01160585 0.01781255 -0.1249045 -0.01160585 0.0139181 -0.1249045 0.01160019 0.0139181 -0.1241375 -0.01160585 0.01801842 -0.1241375 0.01160019 0.01801842 -0.1233587 0.01160019 0.01781249 -0.1233587 0.01160019 0.01781249 -0.1228838 0.02039712 0.01929306 -0.1228838 0.02039712 0.01929306 -0.122856 0.02039712 0.01936686 -0.122856 -0.02040278 0.01936686 -0.1219669 0.02039712 0.01904857 -0.1188259 0.02039712 0.02538734 -0.122856 0.02039712 0.01936686 -0.122856 -0.02040278 0.01936686 -0.1188259 0.02039712 0.02538734 -0.122856 0.02039712 0.01936686 -0.122856 -0.02040278 0.01936686 -0.1188259 0.02039712 0.02538734 -0.1188258 -0.02040278 0.02538734 -0.1188258 -0.02040278 0.02538734 -0.1188258 -0.02040278 0.02538734 -0.118161 -0.02040278 0.02472859 -0.1219669 -0.02040278 0.01904863 -0.1181611 0.02039712 0.02472859 -0.122856 -0.02040278 0.01936686 -0.122856 0.02039712 0.01936686 -0.1188258 -0.02040278 0.02538734 -0.122856 -0.02040278 0.01936686 -0.122856 0.02039712 0.01936686 -0.1188258 -0.02040278 0.02538734 -0.1222319 -0.01160585 0.0208106 -0.1222319 0.01160019 0.0208106 -0.1199101 -0.01160585 0.02424782 -0.1222319 -0.01160585 0.0208106 -0.1222319 0.01160019 0.0208106 -0.1199101 -0.01160585 0.02424782 -0.1229582 -0.01160585 0.02115392 -0.1229582 0.01160019 0.02115392 -0.1205243 -0.01160585 0.02475899 -0.1205243 0.01160019 0.02475899 -0.1199101 0.01160019 0.02424782 -0.1199101 0.01160019 0.02424782 -0.1188259 0.02039712 0.02538734 -0.1188259 0.02039712 0.02538734 -0.1187687 0.02039712 0.02544242 -0.1187687 -0.02040278 0.02544248 -0.118107 0.02039712 0.0247808 -0.1125837 0.02039712 0.02929639 -0.1187687 0.02039712 0.02544242 -0.1187687 -0.02040278 0.02544248 -0.1125837 0.02039712 0.02929639 -0.1187687 0.02039712 0.02544242 -0.1187687 -0.02040278 0.02544248 -0.1125837 0.02039712 0.02929639 -0.1125837 -0.02040278 0.02929645 -0.1125837 -0.02040278 0.02929645 -0.1125837 -0.02040278 0.02929645 -0.1122371 -0.02040278 0.02843564 -0.1181069 -0.02040278 0.0247808 -0.1122372 0.02039712 0.02843558 -0.1187687 -0.02040278 0.02544248 -0.1187687 0.02039712 0.02544242 -0.1125837 -0.02040278 0.02929645 -0.1187687 -0.02040278 0.02544248 -0.1187687 0.02039712 0.02544242 -0.1125837 -0.02040278 0.02929645 -0.1175755 -0.01160585 0.02648067 -0.1175755 0.01160019 0.02648067 -0.1140361 -0.01160585 0.02867335 -0.1175755 -0.01160585 0.02648067 -0.1175755 0.01160019 0.02648067 -0.1140361 -0.01160585 0.02867335 -0.1180836 -0.01160585 0.02709293 -0.1180837 0.01160019 0.02709287 -0.1143906 -0.01160585 0.02938133 -0.1143907 0.01160019 0.02938133 -0.1140362 0.01160019 0.02867329 -0.1140362 0.01160019 0.02867329 -0.1125837 0.02039712 0.02929639 -0.1125837 0.02039712 0.02929639 -0.1125096 0.02039712 0.02932494 -0.1125096 -0.02040278 0.02932494 -0.1121664 0.02039712 0.02846282 -0.1053278 0.02039712 0.03055316 -0.1125096 0.02039712 0.02932494 -0.1125096 -0.02040278 0.02932494 -0.1053278 0.02039712 0.03055316 -0.1125096 0.02039712 0.02932494 -0.1125096 -0.02040278 0.02932494 -0.1053278 0.02039712 0.03055316 -0.1053277 -0.02040278 0.03055322 -0.1053277 -0.02040278 0.03055322 -0.1053277 -0.02040278 0.03055322 -0.1053173 -0.02040278 0.02962827 -0.1121663 -0.02040278 0.02846288 -0.1053174 0.02039712 0.02962821 -0.1125096 -0.02040278 0.02932494 -0.1125096 0.02039712 0.02932494 -0.1053277 -0.02040278 0.03055322 -0.1125096 -0.02040278 0.02932494 -0.1125096 0.02039712 0.02932494 -0.1053277 -0.02040278 0.03055322 -0.1110216 -0.01160585 0.02983254 -0.1110216 0.01160019 0.02983254 -0.1068534 -0.01160585 0.03052872 -0.1110216 -0.01160585 0.02983254 -0.1110216 0.01160019 0.02983254 -0.1068534 -0.01160585 0.03052872 -0.1112614 -0.01160585 0.03058511 -0.1112614 0.01160019 0.03058505 -0.1068751 -0.01160585 0.03131657 -0.1068751 0.01160019 0.03131657 -0.1068534 0.01160019 0.03052872 -0.1068534 0.01160019 0.03052872 -0.1053278 0.02039712 0.03055316 -0.1053278 0.02039712 0.03055316 -0.1052514 0.02039712 0.03055381 -0.1052514 -0.02040278 0.03055387 -0.1052413 0.02039712 0.02962887 -0.09823584 0.02039712 0.03058272 -0.1052514 0.02039712 0.03055381 -0.1052514 -0.02040278 0.03055387 -0.09823584 0.02039712 0.03058272 -0.1052514 0.02039712 0.03055381 -0.1052514 -0.02040278 0.03055387 -0.09823584 0.02039712 0.03058272 -0.09823578 -0.02040278 0.03058272 -0.09823578 -0.02040278 0.03058272 -0.09823578 -0.02040278 0.03058272 -0.09823405 -0.02040278 0.02965772 -0.1052412 -0.02040278 0.02962893 -0.09823411 0.02039712 0.02965772 -0.1052514 -0.02040278 0.03055387 -0.1052514 0.02039712 0.03055381 -0.09823578 -0.02040278 0.03058272 -0.1052514 -0.02040278 0.03055387 -0.1052514 0.02039712 0.03055381 -0.09823578 -0.02040278 0.03058272 -0.1037364 -0.01160585 0.03056514 -0.1037364 0.01160019 0.03056514 -0.09974724 -0.01160585 0.0305795 -0.1037364 -0.01160585 0.03056514 -0.1037364 0.01160019 0.03056514 -0.09974724 -0.01160585 0.0305795 -0.1037414 -0.01160585 0.03135329 -0.1037415 0.01160019 0.03135329 -0.0997492 -0.01160585 0.03136771 -0.09974926 0.01160019 0.03136765 -0.0997473 0.01160019 0.0305795 -0.0997473 0.01160019 0.0305795 -0.09823584 0.02039712 0.03058272 -0.09823584 0.02039712 0.03058272 -0.09815973 0.02039712 0.03058284 -0.09815967 -0.02040278 0.03058284 -0.098158 0.02039712 0.02965784 -0.09115141 0.02039712 0.03059041 -0.09815973 0.02039712 0.03058284 -0.09815967 -0.02040278 0.03058284 -0.09115141 0.02039712 0.03059041 -0.09815973 0.02039712 0.03058284 -0.09815967 -0.02040278 0.03058284 -0.09115141 0.02039712 0.03059041 -0.09115135 -0.02040272 0.03059047 -0.09115135 -0.02040272 0.03059047 -0.09115135 -0.02040272 0.03059047 -0.09115064 -0.02040272 0.02966547 -0.09815794 -0.02040278 0.02965784 -0.09115076 0.02039712 0.02966541 -0.09815967 -0.02040278 0.03058284 -0.09815973 0.02039712 0.03058284 -0.09115135 -0.02040272 0.03059047 -0.09815967 -0.02040278 0.03058284 -0.09815973 0.02039712 0.03058284 -0.09115135 -0.02040272 0.03059047 -0.09664851 -0.01160585 0.03058499 -0.09664857 0.01160019 0.03058499 -0.09266233 -0.01160585 0.03058922 -0.09664851 -0.01160585 0.03058499 -0.09664857 0.01160019 0.03058499 -0.09266233 -0.01160585 0.03058922 -0.0966497 -0.01160585 0.03137314 -0.09664976 0.01160019 0.03137314 -0.09266304 -0.01160585 0.03137737 -0.0926631 0.01160019 0.03137737 -0.09266239 0.01160019 0.03058922 -0.09266239 0.01160019 0.03058922 -0.09115141 0.02039712 0.03059041 -0.09115141 0.02039712 0.03059041 -0.09107536 0.02039712 0.03059047 -0.09107524 -0.02040272 0.03059047 -0.09107464 0.02039712 0.02966547 -0.08406776 0.02039712 0.03059375 -0.09107536 0.02039712 0.03059047 -0.09107524 -0.02040272 0.03059047 -0.08406776 0.02039712 0.03059375 -0.09107536 0.02039712 0.03059047 -0.09107524 -0.02040272 0.03059047 -0.08406776 0.02039712 0.03059375 -0.0840677 -0.02040272 0.03059381 -0.0840677 -0.02040272 0.03059381 -0.0840677 -0.02040272 0.03059381 -0.08406734 -0.02040272 0.0296688 -0.09107458 -0.02040278 0.02966547 -0.0840674 0.02039712 0.02966874 -0.09107524 -0.02040272 0.03059047 -0.09107536 0.02039712 0.03059047 -0.0840677 -0.02040272 0.03059381 -0.09107524 -0.02040272 0.03059047 -0.09107536 0.02039712 0.03059047 -0.0840677 -0.02040272 0.03059381 -0.08956432 -0.01160585 0.03059136 -0.08956438 0.01160025 0.0305913 -0.08557856 -0.01160585 0.03059327 -0.08956432 -0.01160585 0.03059136 -0.08956438 0.01160025 0.0305913 -0.08557856 -0.01160585 0.03059327 -0.08956485 -0.01160585 0.03137952 -0.08956491 0.01160025 0.03137952 -0.08557885 -0.01160585 0.03138142 -0.08557891 0.01160025 0.03138142 -0.08557856 0.01160025 0.03059327 -0.08557856 0.01160025 0.03059327 -0.08406776 0.02039712 0.03059375 -0.08406776 0.02039712 0.03059375 -0.08399158 0.02039712 0.03059381 -0.08399152 -0.02040272 0.03059381 -0.08399128 0.02039712 0.0296688 -0.07698422 0.02039712 0.03059554 -0.08399158 0.02039712 0.03059381 -0.08399152 -0.02040272 0.03059381 -0.07698422 0.02039712 0.03059554 -0.08399158 0.02039712 0.03059381 -0.08399152 -0.02040272 0.03059381 -0.07698422 0.02039712 0.03059554 -0.07698416 -0.02040272 0.0305956 -0.07698416 -0.02040272 0.0305956 -0.07698416 -0.02040272 0.0305956 -0.07698398 -0.02040272 0.02967059 -0.08399122 -0.02040272 0.0296688 -0.07698404 0.02039712 0.02967053 -0.08399152 -0.02040272 0.03059381 -0.08399158 0.02039712 0.03059381 -0.07698416 -0.02040272 0.0305956 -0.08399152 -0.02040272 0.03059381 -0.08399158 0.02039712 0.03059381 -0.07698416 -0.02040272 0.0305956 -0.08248066 -0.01160585 0.03059434 -0.08248072 0.01160025 0.03059434 -0.07849502 -0.01160579 0.03059524 -0.08248066 -0.01160585 0.03059434 -0.08248072 0.01160025 0.03059434 -0.07849502 -0.01160579 0.03059524 -0.0824809 -0.01160585 0.0313825 -0.08248096 0.01160025 0.0313825 -0.0784952 -0.01160579 0.03138339 -0.07849526 0.01160025 0.03138339 -0.07849508 0.01160025 0.03059524 -0.07849508 0.01160025 0.03059524 -0.07698422 0.02039712 0.03059554 -0.07698422 0.02039712 0.03059554 -0.07690811 0.02039712 0.03059554 -0.07690805 -0.02040272 0.0305956 -0.07690793 0.02039712 0.02967053 -0.06990075 0.02039718 0.03059643 -0.07690811 0.02039712 0.03059554 -0.07690805 -0.02040272 0.0305956 -0.06990075 0.02039718 0.03059643 -0.07690811 0.02039712 0.03059554 -0.07690805 -0.02040272 0.0305956 -0.06990075 0.02039718 0.03059643 -0.06990069 -0.02040272 0.03059649 -0.06990069 -0.02040272 0.03059649 -0.06990069 -0.02040272 0.03059649 -0.06990057 -0.02040272 0.02967149 -0.07690787 -0.02040272 0.02967059 -0.06990063 0.02039718 0.02967143 -0.07690805 -0.02040272 0.0305956 -0.07690811 0.02039712 0.03059554 -0.06990069 -0.02040272 0.03059649 -0.07690805 -0.02040272 0.0305956 -0.07690811 0.02039712 0.03059554 -0.06990069 -0.02040272 0.03059649 -0.07539719 -0.01160579 0.03059589 -0.07539719 0.01160025 0.03059583 -0.07141155 -0.01160579 0.03059631 -0.07539719 -0.01160579 0.03059589 -0.07539719 0.01160025 0.03059583 -0.07141155 -0.01160579 0.03059631 -0.07539731 -0.01160579 0.03138405 -0.07539737 0.01160025 0.03138405 -0.0714116 -0.01160579 0.03138446 -0.07141166 0.01160025 0.0313844 -0.0714116 0.01160025 0.03059625 -0.0714116 0.01160025 0.03059625 -0.06990075 0.02039718 0.03059643 -0.06990075 0.02039718 0.03059643 -0.06982463 0.02039718 0.03059643 -0.06982457 -0.02040272 0.03059649 -0.06982457 0.02039718 0.02967143 -0.06281727 0.02039718 0.03059679 -0.06982463 0.02039718 0.03059643 -0.06982457 -0.02040272 0.03059649 -0.06281727 0.02039718 0.03059679 -0.06982463 0.02039718 0.03059643 -0.06982457 -0.02040272 0.03059649 -0.06281727 0.02039718 0.03059679 -0.06281721 -0.02040272 0.03059679 -0.06281721 -0.02040272 0.03059679 -0.06281721 -0.02040272 0.03059679 -0.06281721 -0.02040272 0.02967178 -0.06982451 -0.02040272 0.02967149 -0.06281727 0.02039718 0.02967178 -0.06982457 -0.02040272 0.03059649 -0.06982463 0.02039718 0.03059643 -0.06281721 -0.02040272 0.03059679 -0.06982457 -0.02040272 0.03059649 -0.06982463 0.02039718 0.03059643 -0.06281721 -0.02040272 0.03059679 -0.06831371 -0.01160579 0.03059661 -0.06831377 0.01160025 0.03059661 -0.06432813 -0.01160579 0.03059673 -0.06831371 -0.01160579 0.03059661 -0.06831377 0.01160025 0.03059661 -0.06432813 -0.01160579 0.03059673 -0.06831377 -0.01160579 0.03138476 -0.06831383 0.01160025 0.03138476 -0.06432813 -0.01160579 0.03138488 -0.06432819 0.01160025 0.03138488 -0.06432819 0.01160025 0.03059673 -0.06432819 0.01160025 0.03059673 -0.06281727 0.02039718 0.03059679 -0.06281727 0.02039718 0.03059679 -0.06274121 0.02039718 0.03059679 -0.06274116 -0.02040272 0.03059679 -0.06274121 0.02039718 0.02967178 -0.05573391 0.02039718 0.03059673 -0.06274121 0.02039718 0.03059679 -0.06274116 -0.02040272 0.03059679 -0.05573391 0.02039718 0.03059673 -0.06274121 0.02039718 0.03059679 -0.06274116 -0.02040272 0.03059679 -0.05573391 0.02039718 0.03059673 -0.05573379 -0.02040272 0.03059679 -0.05573379 -0.02040272 0.03059679 -0.05573379 -0.02040272 0.03059679 -0.05573385 -0.02040272 0.02967178 -0.0627411 -0.02040272 0.02967178 -0.05573391 0.02039718 0.02967172 -0.06274116 -0.02040272 0.03059679 -0.06274121 0.02039718 0.03059679 -0.05573379 -0.02040272 0.03059679 -0.06274116 -0.02040272 0.03059679 -0.06274121 0.02039718 0.03059679 -0.05573379 -0.02040272 0.03059679 -0.0612303 -0.01160579 0.03059685 -0.0612303 0.01160025 0.03059679 -0.05724471 -0.01160579 0.03059679 -0.0612303 -0.01160579 0.03059685 -0.0612303 0.01160025 0.03059679 -0.05724471 -0.01160579 0.03059679 -0.0612303 -0.01160579 0.031385 -0.06123036 0.01160025 0.031385 -0.05724471 -0.01160579 0.03138494 -0.05724471 0.01160025 0.03138494 -0.05724471 0.01160025 0.03059679 -0.05724471 0.01160025 0.03059679 -0.05573391 0.02039718 0.03059673 -0.05573391 0.02039718 0.03059673 -0.0556578 0.02039718 0.03059673 -0.05565774 -0.02040272 0.03059679 -0.0556578 0.02039718 0.02967172 -0.0486505 0.02039718 0.03059643 -0.0556578 0.02039718 0.03059673 -0.05565774 -0.02040272 0.03059679 -0.0486505 0.02039718 0.03059643 -0.0556578 0.02039718 0.03059673 -0.05565774 -0.02040272 0.03059679 -0.0486505 0.02039718 0.03059643 -0.04865038 -0.02040272 0.03059649 -0.04865038 -0.02040272 0.03059649 -0.04865038 -0.02040272 0.03059649 -0.04865044 -0.02040272 0.02967149 -0.05565774 -0.02040272 0.02967178 -0.0486505 0.02039718 0.02967143 -0.05565774 -0.02040272 0.03059679 -0.0556578 0.02039718 0.03059673 -0.04865038 -0.02040272 0.03059649 -0.05565774 -0.02040272 0.03059679 -0.0556578 0.02039718 0.03059673 -0.04865038 -0.02040272 0.03059649 -0.05414688 -0.01160579 0.03059673 -0.05414694 0.01160025 0.03059673 -0.0501613 -0.01160579 0.03059655 -0.05414688 -0.01160579 0.03059673 -0.05414694 0.01160025 0.03059673 -0.0501613 -0.01160579 0.03059655 -0.05414688 -0.01160579 0.03138488 -0.05414688 0.01160025 0.03138488 -0.05016124 -0.01160579 0.0313847 -0.0501613 0.01160025 0.0313847 -0.0501613 0.01160025 0.03059655 -0.0501613 0.01160025 0.03059655 -0.0486505 0.02039718 0.03059643 -0.0486505 0.02039718 0.03059643 -0.04857438 0.02039718 0.03059643 -0.04857426 -0.02040272 0.03059649 -0.04857444 0.02039718 0.02967143 -0.04156708 0.02039718 0.03059589 -0.04857438 0.02039718 0.03059643 -0.04857426 -0.02040272 0.03059649 -0.04156708 0.02039718 0.03059589 -0.04857438 0.02039718 0.03059643 -0.04857426 -0.02040272 0.03059649 -0.04156708 0.02039718 0.03059589 -0.04156702 -0.02040266 0.03059595 -0.04156702 -0.02040266 0.03059595 -0.04156702 -0.02040266 0.03059595 -0.04156714 -0.02040266 0.02967095 -0.04857432 -0.02040272 0.02967149 -0.0415672 0.02039718 0.02967089 -0.04857426 -0.02040272 0.03059649 -0.04857438 0.02039718 0.03059643 -0.04156702 -0.02040266 0.03059595 -0.04857426 -0.02040272 0.03059649 -0.04857438 0.02039718 0.03059643 -0.04156702 -0.02040266 0.03059595 -0.04706346 -0.01160579 0.03059637 -0.04706352 0.01160025 0.03059631 -0.04307788 -0.01160579 0.03059607 -0.04706346 -0.01160579 0.03059637 -0.04706352 0.01160025 0.03059631 -0.04307788 -0.01160579 0.03059607 -0.04706341 -0.01160579 0.03138452 -0.04706346 0.01160025 0.03138446 -0.04307782 -0.01160579 0.03138422 -0.04307782 0.01160025 0.03138422 -0.04307794 0.01160025 0.03059607 -0.04307794 0.01160025 0.03059607 -0.04156708 0.02039718 0.03059589 -0.04156708 0.02039718 0.03059589 -0.04149103 0.02039718 0.03059589 -0.04149091 -0.02040266 0.03059595 -0.04149109 0.02039718 0.02967089 -0.03448373 0.02039718 0.03059512 -0.04149103 0.02039718 0.03059589 -0.04149091 -0.02040266 0.03059595 -0.03448373 0.02039718 0.03059512 -0.04149103 0.02039718 0.03059589 -0.04149091 -0.02040266 0.03059595 -0.03448373 0.02039718 0.03059512 -0.03448361 -0.02040266 0.03059518 -0.03448361 -0.02040266 0.03059518 -0.03448361 -0.02040266 0.03059518 -0.03448373 -0.02040266 0.02967017 -0.04149103 -0.02040266 0.02967095 -0.03448385 0.02039718 0.02967017 -0.04149091 -0.02040266 0.03059595 -0.04149103 0.02039718 0.03059589 -0.03448361 -0.02040266 0.03059518 -0.04149091 -0.02040266 0.03059595 -0.04149103 0.02039718 0.03059589 -0.03448361 -0.02040266 0.03059518 -0.03998005 -0.01160579 0.03059577 -0.03998011 0.01160031 0.03059577 -0.03599447 -0.01160579 0.03059536 -0.03998005 -0.01160579 0.03059577 -0.03998011 0.01160031 0.03059577 -0.03599447 -0.01160579 0.03059536 -0.03997999 -0.01160579 0.03138393 -0.03998005 0.01160031 0.03138393 -0.03599441 -0.01160579 0.03138351 -0.03599441 0.01160031 0.03138345 -0.03599452 0.01160031 0.0305953 -0.03599452 0.01160031 0.0305953 -0.03448373 0.02039718 0.03059512 -0.03448373 0.02039718 0.03059512 -0.03440761 0.02039718 0.03059512 -0.03440755 -0.02040266 0.03059518 -0.03440773 0.02039718 0.02967011 -0.02740031 0.02039718 0.03059417 -0.03440761 0.02039718 0.03059512 -0.03440755 -0.02040266 0.03059518 -0.02740031 0.02039718 0.03059417 -0.03440761 0.02039718 0.03059512 -0.03440755 -0.02040266 0.03059518 -0.02740031 0.02039718 0.03059417 -0.02740025 -0.02040266 0.03059422 -0.02740025 -0.02040266 0.03059422 -0.02740025 -0.02040266 0.03059422 -0.02740037 -0.02040266 0.02966922 -0.03440767 -0.02040266 0.02967017 -0.02740043 0.02039718 0.02966916 -0.03440755 -0.02040266 0.03059518 -0.03440761 0.02039718 0.03059512 -0.02740025 -0.02040266 0.03059422 -0.03440755 -0.02040266 0.03059518 -0.03440761 0.02039718 0.03059512 -0.02740025 -0.02040266 0.03059422 -0.03289669 -0.01160579 0.030595 -0.03289669 0.01160031 0.030595 -0.02891111 -0.01160573 0.0305944 -0.03289669 -0.01160579 0.030595 -0.03289669 0.01160031 0.030595 -0.02891111 -0.01160573 0.0305944 -0.03289657 -0.01160579 0.03138315 -0.03289663 0.01160031 0.03138315 -0.02891099 -0.01160573 0.03138256 -0.02891099 0.01160031 0.03138256 -0.02891111 0.01160031 0.0305944 -0.02891111 0.01160031 0.0305944 -0.02740031 0.02039718 0.03059417 -0.02740031 0.02039718 0.03059417 -0.02732419 0.02039718 0.03059417 -0.02732414 -0.02040266 0.03059422 -0.02732437 0.02039718 0.02966916 -0.02031689 0.02039718 0.03059303 -0.02732419 0.02039718 0.03059417 -0.02732414 -0.02040266 0.03059422 -0.02031689 0.02039718 0.03059303 -0.02732419 0.02039718 0.03059417 -0.02732414 -0.02040266 0.03059422 -0.02031689 0.02039718 0.03059303 -0.02031683 -0.02040266 0.03059309 -0.02031683 -0.02040266 0.03059309 -0.02031683 -0.02040266 0.03059309 -0.02031695 -0.02040266 0.02966809 -0.02732425 -0.02040266 0.02966922 -0.02031707 0.02039718 0.02966803 -0.02732414 -0.02040266 0.03059422 -0.02732419 0.02039718 0.03059417 -0.02031683 -0.02040266 0.03059309 -0.02732414 -0.02040266 0.03059422 -0.02732419 0.02039718 0.03059417 -0.02031683 -0.02040266 0.03059309 -0.02581328 -0.01160573 0.03059399 -0.02581334 0.01160031 0.03059393 -0.02182769 -0.01160573 0.03059339 -0.02581328 -0.01160573 0.03059399 -0.02581334 0.01160031 0.03059393 -0.02182769 -0.01160573 0.03059339 -0.02581316 -0.01160573 0.03138214 -0.02581316 0.01160031 0.03138208 -0.02182757 -0.01160573 0.03138154 -0.02182757 0.01160031 0.03138148 -0.02182775 0.01160031 0.03059333 -0.02182775 0.01160031 0.03059333 -0.02031689 0.02039718 0.03059303 -0.02031689 0.02039718 0.03059303 -0.02024078 0.02039718 0.03059303 -0.02024072 -0.02040266 0.03059303 -0.02024096 0.02039718 0.02966803 -0.01323348 0.02039724 0.03059166 -0.02024078 0.02039718 0.03059303 -0.02024072 -0.02040266 0.03059303 -0.01323348 0.02039724 0.03059166 -0.02024078 0.02039718 0.03059303 -0.02024072 -0.02040266 0.03059303 -0.01323348 0.02039724 0.03059166 -0.01323336 -0.02040266 0.03059166 -0.01323336 -0.02040266 0.03059166 -0.01323336 -0.02040266 0.03059166 -0.0132336 -0.02040266 0.02966666 -0.0202409 -0.02040266 0.02966809 -0.01323366 0.02039724 0.02966666 -0.02024072 -0.02040266 0.03059303 -0.02024078 0.02039718 0.03059303 -0.01323336 -0.02040266 0.03059166 -0.02024072 -0.02040266 0.03059303 -0.02024078 0.02039718 0.03059303 -0.01323336 -0.02040266 0.03059166 -0.01872986 -0.01160573 0.03059273 -0.01872992 0.01160031 0.03059273 -0.01474428 -0.01160573 0.03059196 -0.01872986 -0.01160573 0.03059273 -0.01872992 0.01160031 0.03059273 -0.01474428 -0.01160573 0.03059196 -0.01872974 -0.01160573 0.03138089 -0.01872974 0.01160031 0.03138089 -0.0147441 -0.01160573 0.03138011 -0.01474416 0.01160031 0.03138011 -0.01474434 0.01160031 0.03059196 -0.01474434 0.01160031 0.03059196 -0.01323348 0.02039724 0.03059166 -0.01323348 0.02039724 0.03059166 -0.01315736 0.02039724 0.03059166 -0.0131573 -0.02040266 0.03059166 -0.0131576 0.02039724 0.02966666 -0.006150066 0.02039724 0.03058999 -0.01315736 0.02039724 0.03059166 -0.0131573 -0.02040266 0.03059166 -0.006150066 0.02039724 0.03058999 -0.01315736 0.02039724 0.03059166 -0.0131573 -0.02040266 0.03059166 -0.006150066 0.02039724 0.03058999 -0.006150007 -0.02040266 0.03059005 -0.006150007 -0.02040266 0.03059005 -0.006150007 -0.02040266 0.03059005 -0.006150245 -0.02040266 0.02966505 -0.01315748 -0.02040266 0.02966666 -0.006150305 0.02039724 0.02966499 -0.0131573 -0.02040266 0.03059166 -0.01315736 0.02039724 0.03059166 -0.006150007 -0.02040266 0.03059005 -0.0131573 -0.02040266 0.03059166 -0.01315736 0.02039724 0.03059166 -0.006150007 -0.02040266 0.03059005 -0.0116465 -0.01160573 0.03059136 -0.0116465 0.01160031 0.03059136 -0.007660865 -0.01160573 0.03059041 -0.0116465 -0.01160573 0.03059136 -0.0116465 0.01160031 0.03059136 -0.007660865 -0.01160573 0.03059041 -0.01164633 -0.01160573 0.03137952 -0.01164633 0.01160031 0.03137952 -0.007660686 -0.01160573 0.03137856 -0.007660686 0.01160031 0.03137856 -0.007660925 0.01160031 0.03059041 -0.007660925 0.01160031 0.03059041 -0.006150066 0.02039724 0.03058999 -0.006150066 0.02039724 0.03058999 -0.006073951 0.02039724 0.03058999 -0.006073892 -0.02040266 0.03059005 -0.00607419 0.02039724 0.02966499 9.33274e-4 0.02039724 0.0305882 -0.006073951 0.02039724 0.03058999 -0.006073892 -0.02040266 0.03059005 9.33274e-4 0.02039724 0.0305882 -0.006073951 0.02039724 0.03058999 -0.006073892 -0.02040266 0.03059005 9.33274e-4 0.02039724 0.0305882 9.33344e-4 -0.02040266 0.03058826 9.33344e-4 -0.02040266 0.03058826 9.33344e-4 -0.02040266 0.03058826 9.33062e-4 -0.02040266 0.02966326 -0.00607413 -0.02040266 0.02966505 9.32991e-4 0.02039724 0.0296632 -0.006073892 -0.02040266 0.03059005 -0.006073951 0.02039724 0.03058999 9.33337e-4 -0.02040266 0.03058826 -0.006073892 -0.02040266 0.03059005 -0.006073951 0.02039724 0.03058999 9.33337e-4 -0.02040266 0.03058826 -0.004563093 -0.01160573 0.03058964 -0.004563093 0.01160031 0.03058964 -5.77507e-4 -0.01160573 0.03058868 -0.004563093 -0.01160573 0.03058964 -0.004563093 0.01160031 0.03058964 -5.77507e-4 -0.01160573 0.03058868 -0.004562854 -0.01160573 0.03137779 -0.004562914 0.01160031 0.03137779 -5.77274e-4 -0.01160573 0.03137683 -5.7732e-4 0.01160031 0.03137677 -5.77546e-4 0.01160031 0.03058862 -5.77546e-4 0.01160031 0.03058862 9.33267e-4 0.02039724 0.0305882 9.33267e-4 0.02039724 0.0305882 0.001009345 0.02039724 0.03058815 0.001009404 -0.02040266 0.0305882 0.001009047 0.02039724 0.0296632 0.008016645 0.02039724 0.03058594 0.001009345 0.02039724 0.03058815 0.001009404 -0.02040266 0.0305882 0.008016645 0.02039724 0.03058594 0.001009345 0.02039724 0.03058815 0.001009404 -0.02040266 0.0305882 0.008016645 0.02039724 0.03058594 0.008016765 -0.02040266 0.030586 0.008016765 -0.02040266 0.030586 0.008016765 -0.02040266 0.030586 0.008016407 -0.02040266 0.02966099 0.001009166 -0.02040266 0.0296632 0.008016347 0.02039724 0.02966094 0.001009404 -0.02040266 0.0305882 0.001009345 0.02039724 0.03058815 0.008016765 -0.02040266 0.030586 0.001009404 -0.02040266 0.0305882 0.001009345 0.02039724 0.03058815 0.008016765 -0.02040266 0.030586 0.002520263 -0.01160573 0.03058773 0.002520203 0.01160031 0.03058773 0.006505906 -0.01160573 0.03058648 0.002520263 -0.01160573 0.03058773 0.002520203 0.01160031 0.03058773 0.006505906 -0.01160573 0.03058648 0.002520501 -0.01160573 0.03137588 0.002520501 0.01160031 0.03137588 0.006506145 -0.01160573 0.03137463 0.006506145 0.01160031 0.03137463 0.006505846 0.01160031 0.03058648 0.006505846 0.01160031 0.03058648 0.008016645 0.02039724 0.03058594 0.008016645 0.02039724 0.03058594 0.008092761 0.02039724 0.03058594 0.00809282 -0.02040266 0.030586 0.008092403 0.02039724 0.02966094 0.01510012 0.02039724 0.03058344 0.008092761 0.02039724 0.03058594 0.00809282 -0.02040266 0.030586 0.01510012 0.02039724 0.03058344 0.008092761 0.02039724 0.03058594 0.00809282 -0.02040266 0.030586 0.01510012 0.02039724 0.03058344 0.01510018 -0.02040261 0.03058344 0.01510018 -0.02040261 0.03058344 0.01510018 -0.02040261 0.03058344 0.01509982 -0.02040261 0.02965843 0.008092522 -0.02040266 0.02966099 0.0150997 0.02039724 0.02965843 0.00809282 -0.02040266 0.030586 0.008092761 0.02039724 0.03058594 0.01510018 -0.02040261 0.03058344 0.00809282 -0.02040266 0.030586 0.008092761 0.02039724 0.03058594 0.01510018 -0.02040261 0.03058344 0.009603679 -0.01160573 0.03058552 0.009603679 0.01160031 0.03058546 0.01358932 -0.01160573 0.03058403 0.009603679 -0.01160573 0.03058552 0.009603679 0.01160031 0.03058546 0.01358932 -0.01160573 0.03058403 0.009603977 -0.01160573 0.03137367 0.009603917 0.01160031 0.03137362 0.01358962 -0.01160573 0.03137218 0.01358956 0.01160031 0.03137218 0.01358926 0.01160031 0.03058403 0.01358926 0.01160031 0.03058403 0.01510012 0.02039724 0.03058344 0.01510012 0.02039724 0.03058344 0.01517617 0.02039724 0.03058338 0.01517629 -0.02040261 0.03058344 0.01517581 0.02039724 0.02965837 0.02218353 0.02039724 0.03058058 0.01517617 0.02039724 0.03058338 0.01517629 -0.02040261 0.03058344 0.02218353 0.02039724 0.03058058 0.01517617 0.02039724 0.03058338 0.01517629 -0.02040261 0.03058344 0.02218353 0.02039724 0.03058058 0.02218359 -0.02040261 0.03058063 0.02218359 -0.02040261 0.03058063 0.02218359 -0.02040261 0.03058063 0.02218317 -0.02040261 0.02965563 0.01517587 -0.02040261 0.02965843 0.02218312 0.02039724 0.02965557 0.01517623 -0.02040261 0.03058344 0.01517617 0.02039724 0.03058338 0.02218359 -0.02040261 0.03058063 0.01517623 -0.02040261 0.03058344 0.01517617 0.02039724 0.03058338 0.02218359 -0.02040261 0.03058063 0.01668715 -0.01160573 0.03058284 0.01668709 0.01160037 0.03058278 0.02067273 -0.01160567 0.03058123 0.01668715 -0.01160573 0.03058284 0.01668709 0.01160037 0.03058278 0.02067273 -0.01160567 0.03058123 0.01668745 -0.01160573 0.03137099 0.01668745 0.01160037 0.03137093 0.02067309 -0.01160567 0.03136938 0.02067303 0.01160037 0.03136938 0.02067267 0.01160037 0.03058123 0.02067267 0.01160037 0.03058123 0.02218353 0.02039724 0.03058058 0.02218353 0.02039724 0.03058058 0.02225965 0.02039724 0.03058058 0.02225971 -0.02040261 0.03058058 0.02225917 0.02039724 0.02965557 0.02926701 0.02039724 0.03057712 0.02225965 0.02039724 0.03058058 0.02225971 -0.02040261 0.03058058 0.02926701 0.02039724 0.03057712 0.02225965 0.02039724 0.03058058 0.02225971 -0.02040261 0.03058058 0.02926701 0.02039724 0.03057712 0.02926707 -0.02040261 0.03057712 0.02926707 -0.02040261 0.03057712 0.02926707 -0.02040261 0.03057712 0.02926659 -0.02040261 0.02965211 0.02225929 -0.02040261 0.02965557 0.02926647 0.02039724 0.02965211 0.02225971 -0.02040261 0.03058058 0.02225965 0.02039724 0.03058058 0.02926707 -0.02040261 0.03057712 0.02225971 -0.02040261 0.03058058 0.02225965 0.02039724 0.03058058 0.02926707 -0.02040261 0.03057712 0.02377057 -0.01160567 0.03057986 0.02377051 0.01160037 0.0305798 0.02775615 -0.01160567 0.03057789 0.02377057 -0.01160567 0.03057986 0.02377051 0.01160037 0.0305798 0.02775615 -0.01160567 0.03057789 0.02377092 -0.01160567 0.03136801 0.02377092 0.01160037 0.03136795 0.02775657 -0.01160567 0.03136605 0.02775651 0.01160037 0.03136599 0.02775609 0.01160037 0.03057783 0.02775609 0.01160037 0.03057783 0.02926701 0.0203973 0.03057712 0.02926701 0.0203973 0.03057712 0.02934306 0.0203973 0.03057706 0.02934312 -0.02040261 0.03057706 0.02934259 0.0203973 0.02965205 0.03635036 0.0203973 0.03057312 0.02934306 0.0203973 0.03057706 0.02934312 -0.02040261 0.03057706 0.03635036 0.0203973 0.03057312 0.02934306 0.0203973 0.03057706 0.02934312 -0.02040261 0.03057706 0.03635036 0.0203973 0.03057312 0.03635042 -0.02040261 0.03057318 0.03635042 -0.02040261 0.03057318 0.03635042 -0.02040261 0.03057318 0.03634983 -0.02040261 0.02964818 0.02934265 -0.02040261 0.02965211 0.03634977 0.0203973 0.02964812 0.02934312 -0.02040261 0.03057706 0.02934306 0.0203973 0.03057706 0.03635042 -0.02040261 0.03057318 0.02934312 -0.02040261 0.03057706 0.02934306 0.0203973 0.03057706 0.03635042 -0.02040261 0.03057318 0.03085398 -0.01160567 0.03057634 0.03085392 0.01160037 0.03057628 0.03483957 -0.01160567 0.03057408 0.03085398 -0.01160567 0.03057634 0.03085392 0.01160037 0.03057628 0.03483957 -0.01160567 0.03057408 0.0308544 -0.01160567 0.0313645 0.03085434 0.01160037 0.0313645 0.03484004 -0.01160567 0.03136223 0.03484004 0.01160037 0.03136223 0.03483957 0.01160037 0.03057408 0.03483957 0.01160037 0.03057408 0.03635036 0.0203973 0.03057312 0.03635036 0.0203973 0.03057312 0.03642654 0.0203973 0.03057307 0.0364266 -0.02040261 0.03057312 0.03642594 0.0203973 0.02964806 0.04343384 0.0203973 0.03056865 0.03642654 0.0203973 0.03057307 0.0364266 -0.02040261 0.03057312 0.04343384 0.0203973 0.03056865 0.03642654 0.0203973 0.03057307 0.0364266 -0.02040261 0.03057312 0.04343384 0.0203973 0.03056865 0.0434339 -0.02040261 0.03056871 0.0434339 -0.02040261 0.03056871 0.0434339 -0.02040261 0.03056871 0.04343324 -0.02040261 0.02964371 0.036426 -0.02040261 0.02964812 0.04343318 0.0203973 0.02964365 0.0364266 -0.02040261 0.03057312 0.03642654 0.0203973 0.03057307 0.0434339 -0.02040261 0.03056871 0.0364266 -0.02040261 0.03057312 0.03642654 0.0203973 0.03057307 0.0434339 -0.02040261 0.03056871 0.03793746 -0.01160567 0.03057217 0.0379374 0.01160037 0.03057217 0.04192304 -0.01160567 0.03056973 0.03793746 -0.01160567 0.03057217 0.0379374 0.01160037 0.03057217 0.04192304 -0.01160567 0.03056973 0.03793793 -0.01160567 0.03136032 0.03793793 0.01160037 0.03136032 0.04192364 -0.01160567 0.03135788 0.04192358 0.01160037 0.03135788 0.04192304 0.01160037 0.03056973 0.04192304 0.01160037 0.03056973 0.04343384 0.0203973 0.03056865 0.04343384 0.0203973 0.03056865 0.0435099 0.0203973 0.03056859 0.04351001 -0.02040261 0.03056865 0.04350924 0.0203973 0.02964359 0.05051732 0.0203973 0.03056329 0.0435099 0.0203973 0.03056859 0.04351001 -0.02040261 0.03056865 0.05051732 0.0203973 0.03056329 0.0435099 0.0203973 0.03056859 0.04351001 -0.02040261 0.03056865 0.05051732 0.0203973 0.03056329 0.05051738 -0.02040261 0.03056335 0.05051738 -0.02040261 0.03056335 0.05051738 -0.02040261 0.03056335 0.0505166 -0.02040261 0.02963835 0.0435093 -0.02040261 0.02964365 0.05051654 0.0203973 0.02963829 0.04351001 -0.02040261 0.03056865 0.04350996 0.0203973 0.03056859 0.05051738 -0.02040261 0.03056335 0.04351001 -0.02040261 0.03056865 0.04350996 0.0203973 0.03056859 0.05051738 -0.02040261 0.03056335 0.04502087 -0.01160567 0.03056746 0.04502081 0.01160037 0.03056746 0.04900652 -0.01160567 0.03056448 0.04502087 -0.01160567 0.03056746 0.04502081 0.01160037 0.03056746 0.04900652 -0.01160567 0.03056448 0.04502147 -0.01160567 0.03135561 0.04502141 0.01160037 0.03135561 0.04900717 -0.01160567 0.03135263 0.04900717 0.01160037 0.03135257 0.04900652 0.01160037 0.03056442 0.04900652 0.01160037 0.03056442 0.05051732 0.0203973 0.03056329 0.05051732 0.0203973 0.03056329 0.05059343 0.0203973 0.03056323 0.05059349 -0.02040261 0.03056329 0.0505926 0.0203973 0.02963823 0.05760079 0.0203973 0.03055697 0.05059343 0.0203973 0.03056323 0.05059349 -0.02040261 0.03056329 0.05760079 0.0203973 0.03055697 0.05059343 0.0203973 0.03056323 0.05059349 -0.02040261 0.03056329 0.05760079 0.0203973 0.03055697 0.05760085 -0.02040261 0.03055703 0.05760085 -0.02040261 0.03055703 0.05760085 -0.02040261 0.03055703 0.0575999 -0.02040261 0.02963203 0.05059272 -0.02040261 0.02963829 0.05759984 0.0203973 0.02963197 0.05059349 -0.02040261 0.03056329 0.05059343 0.0203973 0.03056323 0.05760091 -0.02040261 0.03055703 0.05059349 -0.02040261 0.03056329 0.05059343 0.0203973 0.03056323 0.05760091 -0.02040261 0.03055703 0.05210435 -0.01160567 0.0305621 0.05210429 0.01160037 0.0305621 0.05608999 -0.01160567 0.0305584 0.05210435 -0.01160567 0.0305621 0.05210429 0.01160037 0.0305621 0.05608999 -0.01160567 0.0305584 0.052105 -0.01160567 0.03135025 0.052105 0.01160037 0.03135025 0.05609077 -0.01160567 0.03134655 0.05609071 0.01160037 0.03134655 0.05608999 0.01160037 0.0305584 0.05608999 0.01160037 0.0305584 0.05760079 0.0203973 0.03055697 0.05760079 0.0203973 0.03055697 0.05767691 0.0203973 0.03055691 0.05767697 -0.02040261 0.03055691 0.05767595 0.0203973 0.02963191 0.06468439 0.0203973 0.03054958 0.05767691 0.0203973 0.03055691 0.05767697 -0.02040261 0.03055691 0.06468439 0.0203973 0.03054958 0.05767691 0.0203973 0.03055691 0.05767697 -0.02040261 0.03055691 0.06468439 0.0203973 0.03054958 0.06468439 -0.02040255 0.03054958 0.06468439 -0.02040255 0.03054958 0.06468439 -0.02040255 0.03054958 0.06468331 -0.02040255 0.02962458 0.05767607 -0.02040261 0.02963191 0.06468325 0.0203973 0.02962458 0.05767697 -0.02040261 0.03055691 0.05767691 0.0203973 0.03055691 0.06468439 -0.02040255 0.03054958 0.05767697 -0.02040261 0.03055691 0.05767691 0.0203973 0.03055691 0.06468439 -0.02040255 0.03054958 0.05918782 -0.01160567 0.03055554 0.05918782 0.01160037 0.03055548 0.06317359 -0.01160567 0.03055131 0.05918782 -0.01160567 0.03055554 0.05918782 0.01160037 0.03055548 0.06317359 -0.01160567 0.03055131 0.05918866 -0.01160567 0.03134369 0.05918866 0.01160037 0.03134369 0.06317448 -0.01160567 0.03133946 0.06317442 0.01160037 0.03133946 0.06317353 0.01160037 0.03055131 0.06317353 0.01160037 0.03055131 0.06468439 0.0203973 0.03054958 0.06468439 0.0203973 0.03054958 0.06476044 0.0203973 0.03054946 0.0647605 -0.02040255 0.03054952 0.06475931 0.0203973 0.02962446 0.07176792 0.0203973 0.0305407 0.06476044 0.0203973 0.03054946 0.0647605 -0.02040255 0.03054952 0.07176792 0.0203973 0.0305407 0.06476044 0.0203973 0.03054946 0.0647605 -0.02040255 0.03054952 0.07176792 0.0203973 0.0305407 0.07176798 -0.02040255 0.03054076 0.07176798 -0.02040255 0.03054076 0.07176798 -0.02040255 0.03054076 0.07176667 -0.02040255 0.02961575 0.06475937 -0.02040255 0.02962452 0.07176655 0.0203973 0.0296157 0.06476044 -0.02040255 0.03054952 0.06476038 0.0203973 0.03054946 0.07176798 -0.02040255 0.03054076 0.06476044 -0.02040255 0.03054952 0.06476038 0.0203973 0.03054946 0.07176798 -0.02040255 0.03054076 0.0662713 -0.01160567 0.03054779 0.0662713 0.01160043 0.03054779 0.07025706 -0.01160567 0.03054285 0.0662713 -0.01160567 0.03054779 0.0662713 0.01160043 0.03054779 0.07025706 -0.01160567 0.03054285 0.06627231 -0.01160567 0.03133594 0.06627225 0.01160043 0.03133594 0.07025814 -0.01160567 0.031331 0.07025814 0.01160043 0.031331 0.070257 0.01160043 0.03054285 0.070257 0.01160043 0.03054285 0.07176792 0.0203973 0.0305407 0.07176792 0.0203973 0.0305407 0.07184404 0.0203973 0.03054064 0.0718441 -0.02040255 0.03054064 0.07184267 0.0203973 0.02961564 0.07885158 0.0203973 0.03052991 0.07184404 0.0203973 0.03054064 0.0718441 -0.02040255 0.03054064 0.07885158 0.0203973 0.03052991 0.07184404 0.0203973 0.03054064 0.0718441 -0.02040255 0.03054064 0.07885158 0.0203973 0.03052991 0.07885164 -0.02040255 0.03052991 0.07885164 -0.02040255 0.03052991 0.07885164 -0.02040255 0.03052991 0.07884997 -0.02040255 0.02960491 0.07184278 -0.02040255 0.02961564 0.07884991 0.0203973 0.02960491 0.0718441 -0.02040255 0.03054064 0.07184404 0.0203973 0.03054064 0.07885164 -0.02040255 0.03052991 0.0718441 -0.02040255 0.03054064 0.07184404 0.0203973 0.03054064 0.07885164 -0.02040255 0.03052991 0.07335495 -0.01160567 0.03053855 0.07335489 0.01160043 0.03053849 0.07734072 -0.01160567 0.03053247 0.07335495 -0.01160567 0.03053855 0.07335489 0.01160043 0.03053849 0.07734072 -0.01160567 0.03053247 0.07335615 -0.01160567 0.03132671 0.07335609 0.01160043 0.03132671 0.07734209 -0.01160567 0.03132069 0.07734203 0.01160043 0.03132063 0.07734072 0.01160043 0.03053247 0.07734072 0.01160043 0.03053247 0.07885158 0.0203973 0.03052991 0.07885158 0.0203973 0.03052991 0.07892769 0.0203973 0.03052973 0.07892775 -0.02040255 0.03052979 0.07892602 0.0203973 0.02960473 0.08593541 0.02039736 0.03051626 0.07892769 0.0203973 0.03052973 0.07892775 -0.02040255 0.03052979 0.08593541 0.02039736 0.03051626 0.07892769 0.0203973 0.03052973 0.07892775 -0.02040255 0.03052979 0.08593541 0.02039736 0.03051626 0.08593547 -0.02040255 0.03051632 0.08593547 -0.02040255 0.03051632 0.08593547 -0.02040255 0.03051632 0.08593332 -0.02040255 0.02959132 0.07892608 -0.02040255 0.02960479 0.08593326 0.02039736 0.02959126 0.07892775 -0.02040255 0.03052979 0.07892769 0.0203973 0.03052973 0.08593547 -0.02040255 0.03051632 0.07892775 -0.02040255 0.03052979 0.07892769 0.0203973 0.03052973 0.08593547 -0.02040255 0.03051632 0.08043867 -0.01160562 0.03052723 0.08043861 0.01160043 0.03052717 0.08442455 -0.01160562 0.03051948 0.08043867 -0.01160562 0.03052723 0.08043861 0.01160043 0.03052717 0.08442455 -0.01160562 0.03051948 0.08044016 -0.01160562 0.03131538 0.0804401 0.01160043 0.03131532 0.08442628 -0.01160562 0.03130763 0.08442622 0.01160043 0.03130763 0.08442449 0.01160043 0.03051942 0.08442449 0.01160043 0.03051942 0.08593541 0.02039736 0.03051626 0.08593541 0.02039736 0.03051626 0.08601152 0.02039736 0.03051608 0.08601158 -0.02040255 0.03051614 0.08600938 0.02039736 0.02959108 0.09301966 0.02039736 0.03049802 0.08601152 0.02039736 0.03051608 0.08601158 -0.02040255 0.03051614 0.09301966 0.02039736 0.03049802 0.08601152 0.02039736 0.03051608 0.08601158 -0.02040255 0.03051614 0.09301966 0.02039736 0.03049802 0.09301972 -0.02040255 0.03049802 0.09301972 -0.02040255 0.03049802 0.09301972 -0.02040255 0.03049802 0.09301668 -0.02040255 0.02957302 0.08600944 -0.02040255 0.02959114 0.09301662 0.02039736 0.02957302 0.08601158 -0.02040255 0.03051614 0.08601152 0.02039736 0.03051608 0.09301972 -0.02040255 0.03049802 0.08601158 -0.02040255 0.03051614 0.08601152 0.02039736 0.03051608 0.09301972 -0.02040255 0.03049802 0.08752256 -0.01160562 0.03051292 0.0875225 0.01160043 0.03051292 0.09150856 -0.01160562 0.03050255 0.08752256 -0.01160562 0.03051292 0.0875225 0.01160043 0.03051292 0.09150856 -0.01160562 0.03050255 0.08752447 -0.01160562 0.03130108 0.08752441 0.01160043 0.03130108 0.09151095 -0.01160562 0.0312907 0.09151089 0.01160043 0.0312907 0.09150856 0.01160043 0.03050255 0.09150856 0.01160043 0.03050255 0.09301966 0.02039736 0.03049802 0.09301966 0.02039736 0.03049802 0.09309571 0.02039736 0.03049778 0.09309577 -0.02040255 0.03049778 0.09309267 0.02039736 0.02957278 0.1001049 0.02039736 0.03047043 0.09309571 0.02039736 0.03049778 0.09309577 -0.02040255 0.03049778 0.1001049 0.02039736 0.03047043 0.09309571 0.02039736 0.03049778 0.09309577 -0.02040255 0.03049778 0.1001049 0.02039736 0.03047043 0.1001049 -0.02040255 0.03047043 0.1001049 -0.02040255 0.03047043 0.1001049 -0.02040255 0.03047043 0.1001 -0.02040255 0.02954548 0.09309273 -0.02040255 0.02957278 0.1000999 0.02039736 0.02954542 0.09309577 -0.02040255 0.03049778 0.09309571 0.02039736 0.03049778 0.1001049 -0.02040255 0.03047043 0.09309577 -0.02040255 0.03049778 0.09309571 0.02039736 0.03049778 0.1001049 -0.02040255 0.03047043 0.09460693 -0.01160562 0.0304929 0.09460687 0.01160043 0.03049284 0.09859347 -0.01160562 0.03047776 0.09460693 -0.01160562 0.0304929 0.09460687 0.01160043 0.03049284 0.09859347 -0.01160562 0.03047776 0.09460973 -0.01160562 0.03128105 0.09460967 0.01160043 0.03128105 0.09859716 -0.01160562 0.03126591 0.09859716 0.01160043 0.03126591 0.09859347 0.01160043 0.03047776 0.09859347 0.01160043 0.03047776 0.1001049 0.02039736 0.03047043 0.1001049 0.02039736 0.03047043 0.100181 0.02039736 0.03047001 0.1001811 -0.02040255 0.03047007 0.100176 0.02039736 0.02954506 0.1072024 0.02039736 0.03040879 0.100181 0.02039736 0.03047001 0.1001811 -0.02040255 0.03047007 0.1072024 0.02039736 0.03040879 0.100181 0.02039736 0.03047001 0.1001811 -0.02040255 0.03047007 0.1072024 0.02039736 0.03040879 0.1072025 -0.02040255 0.03040885 0.1072025 -0.02040255 0.03040885 0.1072025 -0.02040255 0.03040885 0.107183 -0.02040255 0.02948403 0.1001761 -0.02040255 0.02954506 0.1071829 0.02039736 0.02948397 0.1001811 -0.02040255 0.03047007 0.100181 0.02039736 0.03047001 0.1072025 -0.02040255 0.03040885 0.1001811 -0.02040255 0.03047007 0.100181 0.02039736 0.03047001 0.1072025 -0.02040255 0.03040885 0.1016926 -0.01160562 0.03046196 0.1016926 0.01160043 0.03046196 0.1056833 -0.01160562 0.03043061 0.1016926 -0.01160562 0.03046196 0.1016926 0.01160043 0.03046196 0.1056833 -0.01160562 0.03043061 0.1016976 -0.01160562 0.03125011 0.1016975 0.01160043 0.03125011 0.1056926 -0.01160562 0.0312187 0.1056925 0.01160043 0.0312187 0.1056832 0.01160043 0.03043061 0.1056832 0.01160043 0.03043061 0.1072024 0.02039736 0.03040879 0.1072024 0.02039736 0.03040879 0.1072798 0.02039736 0.03040713 0.1072798 -0.02040255 0.03040713 0.107259 0.02039736 0.0294823 0.1144366 0.02039736 0.02866756 0.1072798 0.02039736 0.03040713 0.1072798 -0.02040255 0.03040713 0.1144366 0.02039736 0.02866756 0.1072798 0.02039736 0.03040713 0.1072798 -0.02040255 0.03040713 0.1144366 0.02039736 0.02866756 0.1144367 -0.02040249 0.02866756 0.1144367 -0.02040249 0.02866756 0.1144367 -0.02040249 0.02866756 0.113977 -0.02040249 0.02785891 0.1072591 -0.02040255 0.02948236 0.1139768 0.02039736 0.02785891 0.1072798 -0.02040255 0.03040713 0.1072798 0.02039736 0.03040713 0.1144367 -0.02040249 0.02866756 0.1072798 -0.02040255 0.03040713 0.1072798 0.02039736 0.03040713 0.1144367 -0.02040249 0.02866756 0.1088286 -0.01160562 0.03033369 0.1088286 0.01160043 0.03033369 0.1130004 -0.01160562 0.02936202 0.1088286 -0.01160562 0.03033369 0.1088286 0.01160043 0.03033369 0.1130004 -0.01160562 0.02936202 0.1088804 -0.01160562 0.0311203 0.1088803 0.01160043 0.03112024 0.1133216 -0.01160562 0.03008502 0.1133215 0.01160049 0.03008502 0.1130003 0.01160043 0.02936196 0.1130003 0.01160043 0.02936196 0.1144366 0.02039736 0.02866756 0.1144366 0.02039736 0.02866756 0.114507 0.02039736 0.0286293 0.1145071 -0.02040249 0.0286293 0.1140434 0.02039736 0.02782273 0.1200195 0.02039736 0.02394908 0.114507 0.02039736 0.0286293 0.1145071 -0.02040249 0.0286293 0.1200195 0.02039736 0.02394908 0.114507 0.02039736 0.0286293 0.1145071 -0.02040249 0.0286293 0.1200195 0.02039736 0.02394908 0.1200196 -0.02040249 0.02394908 0.1200196 -0.02040249 0.02394908 0.1200196 -0.02040249 0.02394908 0.1192978 -0.02040249 0.02335041 0.1140435 -0.02040249 0.02782279 0.1192976 0.02039736 0.02335041 0.1145071 -0.02040249 0.0286293 0.114507 0.02039736 0.0286293 0.1200196 -0.02040249 0.02394908 0.1145071 -0.02040249 0.0286293 0.114507 0.02039736 0.0286293 0.1200196 -0.02040249 0.02394908 0.1158654 -0.01160562 0.02779805 0.1158654 0.01160049 0.02779805 0.1189748 -0.01160562 0.02508211 0.1158654 -0.01160562 0.02779805 0.1158654 0.01160049 0.02779805 0.1189748 -0.01160562 0.02508211 0.1163274 -0.01160562 0.02844429 0.1163273 0.01160049 0.02844429 0.1195613 -0.01160562 0.02562344 0.1195612 0.01160049 0.02562338 0.1189748 0.01160049 0.02508211 0.1189748 0.01160049 0.02508211 0.1200195 0.02039736 0.02394908 0.1200195 0.02039736 0.02394908 0.1200709 0.02039736 0.02388983 0.1200711 -0.02040249 0.02388983 0.1193469 0.02039736 0.02329373 0.1234115 0.02039736 0.01751136 0.1200709 0.02039736 0.02388983 0.1200711 -0.02040249 0.02388983 0.1234115 0.02039736 0.01751136 0.1200709 0.02039736 0.02388983 0.1200711 -0.02040249 0.02388983 0.1234115 0.02039736 0.01751136 0.1234116 -0.02040249 0.0175113 0.1234116 -0.02040249 0.0175113 0.1234116 -0.02040249 0.0175113 0.1225043 -0.02040249 0.01724654 0.1193469 -0.02040249 0.02329379 0.1225042 0.02039736 0.01724654 0.1200711 -0.02040249 0.02388983 0.1200709 0.02039736 0.02388983 0.1234116 -0.02040249 0.0175113 0.1200711 -0.02040249 0.02388983 0.1200709 0.02039736 0.02388983 0.1234116 -0.02040249 0.0175113 0.1210467 -0.01160562 0.02265387 0.1210466 0.01160049 0.02265387 0.1229271 -0.01160562 0.01895928 0.1210467 -0.01160562 0.02265387 0.1210466 0.01160049 0.02265387 0.1229271 -0.01160562 0.01895928 0.121709 -0.01160562 0.02310401 0.1217089 0.01160049 0.02310401 0.1236873 -0.01160562 0.01922351 0.1236873 0.01160049 0.01922351 0.1229271 0.01160049 0.01895928 0.1229271 0.01160049 0.01895928 0.1234115 0.02039736 0.01751136 0.1234115 0.02039736 0.01751136 0.1234339 0.02039736 0.01743757 0.123434 -0.02040249 0.01743757 0.1225258 0.02039736 0.01717525 0.1240996 0.02039736 0.01032721 0.1234339 0.02039736 0.01743757 0.123434 -0.02040249 0.01743757 0.1240996 0.02039736 0.01032721 0.1234339 0.02039736 0.01743757 0.123434 -0.02040249 0.01743757 0.1240996 0.02039736 0.01032721 0.1240997 -0.02040249 0.01032721 0.1240997 -0.02040249 0.01032721 0.1240997 -0.02040249 0.01032721 0.1231559 -0.02040249 0.01040273 0.1225259 -0.02040249 0.01717519 0.1231558 0.02039736 0.01040273 0.123434 -0.02040249 0.01743757 0.1234339 0.02039736 0.01743757 0.1240997 -0.02040249 0.01032721 0.123434 -0.02040249 0.01743757 0.1234339 0.02039736 0.01743757 0.1240997 -0.02040249 0.01032721 0.123831 -0.01160562 0.01594251 0.123831 0.01160049 0.01594251 0.1241778 -0.01160562 0.01185673 0.123831 -0.01160562 0.01594251 0.123831 0.01160049 0.01594251 0.1241778 -0.01160562 0.01185673 0.1246197 -0.01160562 0.01610898 0.1246197 0.01160049 0.01610898 0.1249845 -0.01160562 0.01183992 0.1249845 0.01160049 0.01183992 0.1241778 0.01160049 0.01185679 0.1241778 0.01160049 0.01185679 0.1240996 0.02039736 0.01032721 0.1240996 0.02039736 0.01032721 0.1240929 0.02039736 0.01024967 0.124093 -0.02040249 0.01024967 0.1231495 0.02039736 0.01032865 0.1217851 0.02039736 0.003422319 0.1240929 0.02039736 0.01024967 0.124093 -0.02040249 0.01024967 0.1217851 0.02039736 0.003422319 0.1240929 0.02039736 0.01024967 0.124093 -0.02040249 0.01024967 0.1217851 0.02039736 0.003422319 0.1217852 -0.02040249 0.00342226 0.1217852 -0.02040249 0.00342226 0.1217852 -0.02040249 0.00342226 0.1209689 -0.02040249 0.00389111 0.1231495 -0.02040249 0.01032865 0.1209688 0.02039736 0.00389117 0.124093 -0.02040249 0.01024967 0.1240929 0.02039736 0.01024967 0.1217852 -0.02040249 0.00342226 0.124093 -0.02040249 0.01024967 0.1240929 0.02039736 0.01024967 0.1217852 -0.02040249 0.00342226 0.1238887 -0.01160562 0.008703112 0.1238886 0.01160049 0.008703172 0.1225341 -0.01160562 0.004781126 0.1238887 -0.01160562 0.008703112 0.1238886 0.01160049 0.008703172 0.1225341 -0.01160562 0.004781126 0.124683 -0.01160562 0.008564889 0.124683 0.01160049 0.008564889 0.1232577 -0.01160562 0.004432439 0.1232576 0.01160049 0.004432439 0.122534 0.01160049 0.004781126 0.122534 0.01160049 0.004781126 0.1217851 0.02039736 0.003422319 0.1217851 0.02039736 0.003422319 0.1217443 0.02039736 0.003354787 0.1217444 -0.02040249 0.003354728 0.1209301 0.02039736 0.003827095 0.1168723 0.02039736 -0.001889467 0.1217443 0.02039736 0.003354787 0.1217444 -0.02040249 0.003354728 0.1168723 0.02039736 -0.001889467 0.1217443 0.02039736 0.003354787 0.1217444 -0.02040249 0.003354728 0.1168723 0.02039736 -0.001889467 0.1168723 -0.02040249 -0.001889526 0.1168723 -0.02040249 -0.001889526 0.1168723 -0.02040249 -0.001889526 0.1162292 -0.02040249 -0.00121057 0.1209302 -0.02040249 0.003827095 0.1162291 0.02039736 -0.00121057 0.1217444 -0.02040249 0.003354728 0.1217443 0.02039736 0.003354787 0.1168723 -0.02040249 -0.001889526 0.1217444 -0.02040249 0.003354728 0.1217443 0.02039736 0.003354787 0.1168723 -0.02040249 -0.001889526 0.1208452 -0.01160556 0.002041101 0.1208452 0.01160049 0.002041101 0.117983 -0.01160562 -8.79981e-4 0.1208452 -0.01160556 0.002041101 0.1208452 0.01160049 0.002041101 0.117983 -0.01160562 -8.79981e-4 0.1214876 -0.01160556 0.001564204 0.1214876 0.01160049 0.001564264 0.1185349 -0.01160556 -0.001454889 0.1185349 0.01160049 -0.001454889 0.117983 0.01160049 -8.79959e-4 0.117983 0.01160049 -8.79959e-4 0.1168723 0.02039736 -0.001889467 0.1168723 0.02039736 -0.001889467 0.1168163 0.02039736 -0.001940131 0.1168164 -0.02040249 -0.00194019 0.1161733 0.02039736 -0.001261055 0.1116448 0.02039736 -0.006568551 0.1168163 0.02039736 -0.001940131 0.1168164 -0.02040249 -0.00194019 0.1116448 0.02039736 -0.006568551 0.1168163 0.02039736 -0.001940131 0.1168164 -0.02040249 -0.00194019 0.1116448 0.02039736 -0.006568551 0.1116449 -0.02040249 -0.006568551 0.1116449 -0.02040249 -0.006568551 0.1116449 -0.02040249 -0.006568551 0.1110067 -0.02040249 -0.005885124 0.1161734 -0.02040249 -0.001261115 0.1110067 0.02039736 -0.005885124 0.1168164 -0.02040249 -0.00194019 0.1168163 0.02039736 -0.001940131 0.1116449 -0.02040249 -0.006568551 0.1168164 -0.02040249 -0.00194019 0.1168163 0.02039736 -0.001940131 0.1116449 -0.02040249 -0.006568551 0.1157032 -0.01160562 -0.002942144 0.1157032 0.01160049 -0.002942144 0.1127613 -0.01160562 -0.005573391 0.1157032 -0.01160562 -0.002942144 0.1157032 0.01160049 -0.002942144 0.1127613 -0.01160562 -0.005573391 0.1162493 -0.01160556 -0.003522396 0.1162493 0.01160049 -0.003522336 0.1133054 -0.01160562 -0.006155371 0.1133053 0.01160049 -0.006155371 0.1127613 0.01160049 -0.005573332 0.1127613 0.01160049 -0.005573332 0.1116448 0.02039736 -0.006568551 0.1116448 0.02039736 -0.006568551 0.1115886 0.02039736 -0.006618678 0.1115887 -0.02040249 -0.006618678 0.1109505 0.02039736 -0.005935192 0.1064061 0.02039736 -0.01122772 0.1115886 0.02039736 -0.006618678 0.1115887 -0.02040249 -0.006618678 0.1064061 0.02039736 -0.01122772 0.1115886 0.02039736 -0.006618678 0.1115887 -0.02040249 -0.006618678 0.1064061 0.02039736 -0.01122772 0.1064062 -0.02040249 -0.01122778 0.1064062 -0.02040249 -0.01122778 0.1064062 -0.02040249 -0.01122778 0.1057691 -0.02040249 -0.01054346 0.1109505 -0.02040249 -0.005935251 0.105769 0.02039736 -0.0105434 0.1115886 -0.02040249 -0.006618678 0.1115885 0.02039736 -0.006618678 0.1064062 -0.02040255 -0.01122778 0.1115886 -0.02040249 -0.006618678 0.1115885 0.02039736 -0.006618678 0.1064062 -0.02040255 -0.01122778 0.1104717 -0.01160562 -0.007613182 0.1104717 0.01160049 -0.007613182 0.1075239 -0.01160562 -0.01023459 0.1104717 -0.01160562 -0.007613182 0.1104717 0.01160049 -0.007613182 0.1075239 -0.01160562 -0.01023459 0.1110152 -0.01160562 -0.008195757 0.1110152 0.01160049 -0.008195757 0.1080669 -0.01160562 -0.01081758 0.1080669 0.01160049 -0.01081758 0.1075239 0.01160043 -0.01023453 0.1075239 0.01160043 -0.01023453 0.1064061 0.02039736 -0.01122772 0.1064061 0.02039736 -0.01122772 0.1063498 0.02039736 -0.01127779 0.1063498 -0.02040249 -0.01127779 0.1057127 0.02039736 -0.01059341 0.1011638 0.02039736 -0.01588171 0.1063498 0.02039736 -0.01127779 0.1063498 -0.02040249 -0.01127779 0.1011638 0.02039736 -0.01588171 0.1063498 0.02039736 -0.01127779 0.1063498 -0.02040249 -0.01127779 0.1011638 0.02039736 -0.01588171 0.1011639 -0.02040249 -0.01588171 0.1011639 -0.02040249 -0.01588171 0.1011639 -0.02040249 -0.01588171 0.1005271 -0.02040249 -0.01519709 0.1057128 -0.02040249 -0.01059347 0.1005271 0.02039736 -0.01519703 0.1063498 -0.02040249 -0.01127779 0.1063498 0.02039736 -0.01127779 0.1011639 -0.02040249 -0.01588171 0.1063498 -0.02040249 -0.01127779 0.1063498 0.02039736 -0.01127779 0.1011639 -0.02040249 -0.01588171 0.1052318 -0.01160562 -0.01227068 0.1052318 0.01160043 -0.01227062 0.1022821 -0.01160562 -0.01488929 0.1052318 -0.01160562 -0.01227068 0.1052318 0.01160043 -0.01227062 0.1022821 -0.01160562 -0.01488929 0.1057746 -0.01160562 -0.01285386 0.1057745 0.01160043 -0.01285386 0.1028247 -0.01160562 -0.01547265 0.1028246 0.01160049 -0.01547259 0.1022821 0.01160049 -0.01488924 0.1022821 0.01160049 -0.01488924 0.1011638 0.02039736 -0.01588171 0.1011638 0.02039736 -0.01588171 0.1011074 0.02039736 -0.01593172 0.1011075 -0.02040255 -0.01593172 0.1004707 0.02039736 -0.01524704 0.09592068 0.02039736 -0.02053421 0.1011074 0.02039736 -0.01593172 0.1011075 -0.02040255 -0.01593172 0.09592068 0.02039736 -0.02053421 0.1011074 0.02039736 -0.01593172 0.1011075 -0.02040255 -0.01593172 0.09592068 0.02039736 -0.02053421 0.09592074 -0.02040255 -0.02053427 0.09592074 -0.02040255 -0.02053427 0.09592074 -0.02040255 -0.02053427 0.09528404 -0.02040255 -0.01984959 0.1004708 -0.02040255 -0.0152471 0.09528398 0.02039736 -0.01984953 0.1011075 -0.02040255 -0.01593172 0.1011074 0.02039736 -0.01593172 0.09592074 -0.02040255 -0.02053427 0.1011075 -0.02040255 -0.01593172 0.1011074 0.02039736 -0.01593172 0.09592074 -0.02040255 -0.02053427 0.09998917 -0.01160562 -0.01692408 0.09998917 0.01160043 -0.01692408 0.09703898 -0.01160562 -0.01954185 0.09998917 -0.01160562 -0.01692408 0.09998917 0.01160043 -0.01692408 0.09703898 -0.01160562 -0.01954185 0.1005317 -0.01160562 -0.01750749 0.1005316 0.01160043 -0.01750749 0.09758156 -0.01160562 -0.02012526 0.0975815 0.01160043 -0.02012526 0.09703898 0.01160043 -0.01954185 0.09703898 0.01160043 -0.01954185 0.09592068 0.02039736 -0.02053421 0.09592068 0.02039736 -0.02053421 0.09586435 0.02039736 -0.02058416 0.09586447 -0.02040255 -0.02058422 0.09522765 0.02039736 -0.01989954 0.09067857 0.02039736 -0.02518731 0.09586435 0.02039736 -0.02058416 0.09586447 -0.02040255 -0.02058422 0.09067857 0.02039736 -0.02518731 0.09586435 0.02039736 -0.02058416 0.09586447 -0.02040255 -0.02058422 0.09067857 0.02039736 -0.02518731 0.09067869 -0.02040255 -0.02518737 0.09067869 -0.02040255 -0.02518737 0.09067869 -0.02040255 -0.02518737 0.09004169 -0.02040255 -0.02450293 0.09522771 -0.02040255 -0.01989954 0.09004163 0.02039736 -0.02450287 0.09586447 -0.02040249 -0.02058422 0.09586441 0.02039736 -0.02058416 0.09067869 -0.02040255 -0.02518737 0.09586447 -0.02040249 -0.02058422 0.09586441 0.02039736 -0.02058416 0.09067869 -0.02040255 -0.02518737 0.09474617 -0.01160562 -0.02157658 0.09474617 0.01160043 -0.02157658 0.09179657 -0.01160562 -0.02419477 0.09474617 -0.01160562 -0.02157658 0.09474617 0.01160043 -0.02157658 0.09179657 -0.01160562 -0.02419477 0.09528875 -0.01160562 -0.02215993 0.09528875 0.01160049 -0.02215993 0.09233927 -0.01160562 -0.024778 0.09233921 0.01160043 -0.024778 0.09179657 0.01160043 -0.02419471 0.09179657 0.01160043 -0.02419471 0.09067863 0.02039736 -0.02518731 0.09067863 0.02039736 -0.02518731 0.09062224 0.02039736 -0.02523738 0.09062236 -0.02040255 -0.02523738 0.08998531 0.02039736 -0.02455288 0.08543795 0.02039736 -0.02984219 0.09062224 0.02039736 -0.02523738 0.09062236 -0.02040255 -0.02523738 0.08543795 0.02039736 -0.02984219 0.09062224 0.02039736 -0.02523738 0.09062236 -0.02040255 -0.02523738 0.08543795 0.02039736 -0.02984219 0.08543795 -0.02040255 -0.02984225 0.08543795 -0.02040255 -0.02984225 0.08543795 -0.02040255 -0.02984225 0.08480095 -0.02040255 -0.02915787 0.08998537 -0.02040255 -0.02455294 0.08480089 0.02039736 -0.02915781 0.09062236 -0.02040255 -0.02523738 0.09062224 0.02039736 -0.02523738 0.08543795 -0.02040255 -0.02984225 0.09062236 -0.02040255 -0.02523738 0.09062224 0.02039736 -0.02523738 0.08543795 -0.02040255 -0.02984225 0.08950448 -0.01160562 -0.02623009 0.08950442 0.01160043 -0.02623003 0.08655577 -0.01160562 -0.0288493 0.08950448 -0.01160562 -0.02623009 0.08950442 0.01160043 -0.02623003 0.08655577 -0.01160562 -0.0288493 0.09004724 -0.01160562 -0.02681326 0.09004718 0.01160043 -0.0268132 0.08709859 -0.01160562 -0.02943241 0.08709859 0.01160043 -0.02943235 0.08655571 0.01160043 -0.02884924 0.08655571 0.01160043 -0.02884924 0.08543789 0.02039736 -0.02984219 0.08543789 0.02039736 -0.02984219 0.08538162 0.02039736 -0.0298922 0.08538168 -0.02040255 -0.02989226 0.08474457 0.02039736 -0.02920782 0.08016932 0.02039736 -0.03449201 0.08538162 0.02039736 -0.0298922 0.08538168 -0.02040255 -0.02989226 0.08016932 0.02039736 -0.03449201 0.08538162 0.02039736 -0.0298922 0.08538168 -0.02040255 -0.02989226 0.08016932 0.02039736 -0.03449201 0.08016937 -0.02040255 -0.03449207 0.08016937 -0.02040255 -0.03449207 0.08016937 -0.02040255 -0.03449207 0.07954514 -0.02040255 -0.03379654 0.08474463 -0.02040255 -0.02920788 0.07954508 0.02039736 -0.03379648 0.08538168 -0.02040255 -0.02989226 0.08538156 0.02039736 -0.0298922 0.08016937 -0.02040255 -0.03449207 0.08538168 -0.02040255 -0.02989226 0.08538156 0.02039736 -0.0298922 0.08016937 -0.02040255 -0.03449207 0.08426356 -0.01160562 -0.03088521 0.0842635 0.01160043 -0.03088515 0.08130651 -0.01160562 -0.03350281 0.08426356 -0.01160562 -0.03088521 0.0842635 0.01160043 -0.03088515 0.08130651 -0.01160562 -0.03350281 0.0848062 -0.01160562 -0.03146851 0.08480614 0.01160043 -0.03146851 0.08184599 -0.01160562 -0.0340889 0.08184593 0.01160043 -0.03408885 0.08130645 0.01160043 -0.03350281 0.08130645 0.01160043 -0.03350281 0.08016932 0.02039736 -0.03449201 0.08016932 0.02039736 -0.03449201 0.08011114 0.02039736 -0.03454172 0.0801112 -0.02040255 -0.03454178 0.07948774 0.02039736 -0.03384542 0.07382178 0.02039736 -0.03816241 0.08011114 0.02039736 -0.03454172 0.0801112 -0.02040255 -0.03454178 0.07382178 0.02039736 -0.03816241 0.08011114 0.02039736 -0.03454172 0.0801112 -0.02040255 -0.03454178 0.07382178 0.02039736 -0.03816241 0.07382184 -0.02040255 -0.03816241 0.07382184 -0.02040255 -0.03816241 0.07382184 -0.02040255 -0.03816241 0.07348501 -0.02040255 -0.0372979 0.07948786 -0.02040255 -0.03384548 0.07348495 0.02039736 -0.0372979 0.0801112 -0.02040255 -0.03454178 0.08011114 0.02039736 -0.03454172 0.07382184 -0.02040255 -0.03816241 0.0801112 -0.02040255 -0.03454178 0.08011114 0.02039736 -0.03454172 0.07382184 -0.02040255 -0.03816241 0.07891315 -0.01160562 -0.03552365 0.07891309 0.01160043 -0.03552365 0.07527226 -0.01160562 -0.03753083 0.07891315 -0.01160562 -0.03552365 0.07891309 0.01160043 -0.03552365 0.07527226 -0.01160562 -0.03753083 0.0794093 -0.01160562 -0.03614521 0.07940924 0.01160043 -0.03614515 0.07562005 -0.01160562 -0.03824204 0.07561999 0.01160043 -0.03824198 0.07527226 0.01160043 -0.03753077 0.07527226 0.01160043 -0.03753077 0.07382178 0.02039736 -0.03816241 0.07382178 0.02039736 -0.03816241 0.07374221 0.02039736 -0.03819179 0.07374227 -0.02040255 -0.03819179 0.07341378 0.02039736 -0.03732419 0.0664792 0.02039736 -0.03887504 0.07374221 0.02039736 -0.03819179 0.07374227 -0.02040255 -0.03819179 0.0664792 0.02039736 -0.03887504 0.07374221 0.02039736 -0.03819179 0.07374227 -0.02040255 -0.03819179 0.0664792 0.02039736 -0.03887504 0.0664792 -0.02040255 -0.0388751 0.0664792 -0.02040255 -0.0388751 0.0664792 -0.02040255 -0.0388751 0.06646972 -0.02040255 -0.03795015 0.07341384 -0.02040255 -0.03732424 0.06646972 0.02039736 -0.03795009 0.07374227 -0.02040255 -0.03819179 0.07374221 0.02039736 -0.03819179 0.0664792 -0.02040255 -0.0388751 0.07374227 -0.02040255 -0.03819179 0.07374221 0.02039736 -0.03819179 0.0664792 -0.02040255 -0.0388751 0.07212632 -0.01160562 -0.03860992 0.07212626 0.01160043 -0.03860992 0.06799656 -0.01160562 -0.03885567 0.07212632 -0.01160562 -0.03860992 0.07212626 0.01160043 -0.03860992 0.06799656 -0.01160562 -0.03885567 0.07227236 -0.01160562 -0.03938508 0.0722723 0.01160043 -0.03938508 0.06801033 -0.01160562 -0.0396437 0.06801033 0.01160043 -0.0396437 0.0679965 0.01160043 -0.03885561 0.0679965 0.01160043 -0.03885561 0.0664792 0.02039736 -0.03887504 0.0664792 0.02039736 -0.03887504 0.06640285 0.02039736 -0.03887569 0.06640291 -0.02040255 -0.03887575 0.06639355 0.02039736 -0.03795075 0.05938637 0.0203973 -0.03889936 0.06640285 0.02039736 -0.03887569 0.06640291 -0.02040255 -0.03887575 0.05938637 0.0203973 -0.03889936 0.06640285 0.02039736 -0.03887569 0.06640291 -0.02040255 -0.03887575 0.05938637 0.0203973 -0.03889936 0.05938637 -0.02040255 -0.03889942 0.05938637 -0.02040255 -0.03889942 0.05938637 -0.02040255 -0.03889942 0.05938643 -0.02040255 -0.03797441 0.06639361 -0.02040255 -0.03795081 0.05938643 0.0203973 -0.03797435 0.06640291 -0.02040255 -0.03887575 0.06640285 0.02039736 -0.03887569 0.05938637 -0.02040255 -0.03889942 0.06640291 -0.02040255 -0.03887575 0.06640285 0.02039736 -0.03887569 0.05938637 -0.02040255 -0.03889942 0.06488853 -0.01160562 -0.0388869 0.06488853 0.01160043 -0.03888684 0.06089818 -0.01160562 -0.03889876 0.06488853 -0.01160562 -0.0388869 0.06488853 0.01160043 -0.03888684 0.06089818 -0.01160562 -0.03889876 0.06489342 -0.01160562 -0.03967505 0.06489336 0.01160043 -0.03967499 0.06089901 -0.01160562 -0.03968697 0.06089895 0.01160043 -0.03968691 0.06089818 0.01160043 -0.03889876 0.06089818 0.01160043 -0.03889876 0.05938637 0.0203973 -0.03889936 0.05938637 0.0203973 -0.03889936 0.05931019 0.0203973 -0.03889936 0.05931025 -0.02040255 -0.03889942 0.05931031 0.0203973 -0.03797435 0.05230075 0.0203973 -0.03888875 0.05931019 0.0203973 -0.03889936 0.05931025 -0.02040255 -0.03889942 0.05230075 0.0203973 -0.03888875 0.05931019 0.0203973 -0.03889936 0.05931025 -0.02040255 -0.03889942 0.05230075 0.0203973 -0.03888875 0.05230081 -0.02040255 -0.03888881 0.05230081 -0.02040255 -0.03888881 0.05230081 -0.02040255 -0.03888881 0.05230313 -0.02040255 -0.0379638 0.05931031 -0.02040255 -0.03797441 0.05230307 0.0203973 -0.03796374 0.05931025 -0.02040255 -0.03889942 0.05931019 0.0203973 -0.03889936 0.05230081 -0.02040255 -0.03888881 0.05931025 -0.02040255 -0.03889942 0.05931019 0.0203973 -0.03889936 0.05230081 -0.02040255 -0.03888881 0.05779868 -0.01160562 -0.0388987 0.05779868 0.01160043 -0.0388987 0.05381184 -0.01160567 -0.03889232 0.05779868 -0.01160562 -0.0388987 0.05779868 0.01160043 -0.0388987 0.05381184 -0.01160567 -0.03889232 0.05779796 -0.01160562 -0.03968685 0.0577979 0.01160043 -0.03968685 0.05381011 -0.01160567 -0.03968048 0.05381006 0.01160043 -0.03968048 0.05381184 0.01160043 -0.03889232 0.05381184 0.01160043 -0.03889232 0.05230075 0.0203973 -0.03888875 0.05230075 0.0203973 -0.03888875 0.05222463 0.0203973 -0.03888857 0.05222469 -0.02040255 -0.03888863 0.05222696 0.0203973 -0.03796356 0.04521691 0.0203973 -0.0388692 0.05222463 0.0203973 -0.03888857 0.05222469 -0.02040255 -0.03888863 0.04521691 0.0203973 -0.0388692 0.05222463 0.0203973 -0.03888857 0.05222469 -0.02040255 -0.03888863 0.04521691 0.0203973 -0.0388692 0.04521691 -0.02040255 -0.03886926 0.04521691 -0.02040255 -0.03886926 0.04521691 -0.02040255 -0.03886926 0.04521971 -0.02040255 -0.03794425 0.05222702 -0.02040255 -0.03796362 0.04521971 0.0203973 -0.03794419 0.05222469 -0.02040255 -0.03888863 0.05222463 0.0203973 -0.03888857 0.04521691 -0.02040255 -0.03886926 0.05222469 -0.02040255 -0.03888863 0.05222463 0.0203973 -0.03888857 0.04521691 -0.02040255 -0.03886926 0.05071365 -0.01160567 -0.03888475 0.05071365 0.01160043 -0.03888475 0.04672777 -0.01160567 -0.03887367 0.05071365 -0.01160567 -0.03888475 0.05071365 0.01160043 -0.03888475 0.04672777 -0.01160567 -0.03887367 0.05071145 -0.01160562 -0.03967291 0.05071145 0.01160043 -0.03967291 0.04672539 -0.01160567 -0.03966182 0.04672539 0.01160043 -0.03966176 0.04672777 0.01160043 -0.03887361 0.04672777 0.01160043 -0.03887361 0.04521691 0.0203973 -0.0388692 0.04521691 0.0203973 -0.0388692 0.0451408 0.0203973 -0.03886896 0.04514086 -0.02040255 -0.03886902 0.0451436 0.0203973 -0.03794395 0.0381338 0.0203973 -0.03884905 0.0451408 0.0203973 -0.03886896 0.04514086 -0.02040255 -0.03886902 0.0381338 0.0203973 -0.03884905 0.0451408 0.0203973 -0.03886896 0.04514086 -0.02040255 -0.03886902 0.0381338 0.0203973 -0.03884905 0.0381338 -0.02040261 -0.03884911 0.0381338 -0.02040261 -0.03884911 0.0381338 -0.02040261 -0.03884911 0.03813642 -0.02040261 -0.03792411 0.04514366 -0.02040255 -0.03794401 0.03813636 0.0203973 -0.03792405 0.04514086 -0.02040255 -0.03886902 0.0451408 0.0203973 -0.03886896 0.0381338 -0.02040261 -0.03884911 0.04514086 -0.02040255 -0.03886902 0.0451408 0.0203973 -0.03886896 0.0381338 -0.02040261 -0.03884911 0.04363 -0.01160567 -0.03886461 0.04363 0.01160043 -0.03886455 0.03964453 -0.01160567 -0.03885322 0.04363 -0.01160567 -0.03886461 0.04363 0.01160043 -0.03886455 0.03964453 -0.01160567 -0.03885322 0.04362761 -0.01160567 -0.03965276 0.04362761 0.01160043 -0.03965276 0.03964227 -0.01160567 -0.03964138 0.03964221 0.01160043 -0.03964138 0.03964453 0.01160037 -0.03885316 0.03964453 0.01160037 -0.03885316 0.0381338 0.0203973 -0.03884905 0.0381338 0.0203973 -0.03884905 0.03805768 0.0203973 -0.03884887 0.03805774 -0.02040261 -0.03884893 0.0380603 0.0203973 -0.03792387 0.03105098 0.0203973 -0.03883177 0.03805768 0.0203973 -0.03884887 0.03805774 -0.02040261 -0.03884893 0.03105098 0.0203973 -0.03883177 0.03805768 0.0203973 -0.03884887 0.03805774 -0.02040261 -0.03884893 0.03105098 0.0203973 -0.03883177 0.03105103 -0.02040261 -0.03883183 0.03105103 -0.02040261 -0.03883183 0.03105103 -0.02040261 -0.03883183 0.03105312 -0.02040261 -0.03790682 0.0380603 -0.02040261 -0.03792393 0.03105306 0.0203973 -0.03790676 0.03805774 -0.02040261 -0.03884893 0.03805768 0.0203973 -0.03884887 0.03105103 -0.02040261 -0.03883183 0.03805774 -0.02040261 -0.03884893 0.03805768 0.0203973 -0.03884887 0.03105103 -0.02040261 -0.03883183 0.036547 -0.01160567 -0.03884488 0.03654694 0.01160037 -0.03884482 0.03256171 -0.01160567 -0.03883522 0.036547 -0.01160567 -0.03884488 0.03654694 0.01160037 -0.03884482 0.03256171 -0.01160567 -0.03883522 0.03654485 -0.01160567 -0.03963303 0.03654485 0.01160037 -0.03963303 0.03255981 -0.01160567 -0.03962337 0.03255981 0.01160037 -0.03962337 0.03256171 0.01160037 -0.03883516 0.03256171 0.01160037 -0.03883516 0.03105098 0.0203973 -0.03883177 0.03105098 0.0203973 -0.03883177 0.03097486 0.0203973 -0.03883159 0.03097492 -0.02040261 -0.03883165 0.03097695 0.0203973 -0.03790658 0.02396827 0.0203973 -0.03881901 0.03097486 0.0203973 -0.03883159 0.03097492 -0.02040261 -0.03883165 0.02396827 0.0203973 -0.03881901 0.03097486 0.0203973 -0.03883159 0.03097492 -0.02040261 -0.03883165 0.02396827 0.0203973 -0.03881901 0.02396833 -0.02040261 -0.03881907 0.02396833 -0.02040261 -0.03881907 0.02396833 -0.02040261 -0.03881907 0.02396976 -0.02040261 -0.03789407 0.03097701 -0.02040261 -0.03790664 0.0239697 0.0203973 -0.03789401 0.03097492 -0.02040261 -0.03883165 0.03097486 0.0203973 -0.03883159 0.02396833 -0.02040261 -0.03881907 0.03097492 -0.02040261 -0.03883165 0.03097486 0.0203973 -0.03883159 0.02396833 -0.02040261 -0.03881907 0.02946424 -0.01160567 -0.03882861 0.02946418 0.01160037 -0.03882855 0.02547901 -0.01160567 -0.03882128 0.02946424 -0.01160567 -0.03882861 0.02946418 0.01160037 -0.03882855 0.02547901 -0.01160567 -0.03882128 0.02946257 -0.01160567 -0.03961676 0.02946257 0.01160037 -0.0396167 0.02547764 -0.01160567 -0.03960949 0.02547764 0.01160037 -0.03960943 0.02547895 0.01160037 -0.03882128 0.02547895 0.01160037 -0.03882128 0.02396827 0.0203973 -0.03881901 0.02396827 0.0203973 -0.03881901 0.02389216 0.0203973 -0.03881889 0.02389222 -0.02040261 -0.03881895 0.02389359 0.0203973 -0.03789389 0.01688551 0.0203973 -0.03881078 0.02389216 0.0203973 -0.03881889 0.02389222 -0.02040261 -0.03881895 0.01688551 0.0203973 -0.03881078 0.02389216 0.0203973 -0.03881889 0.02389222 -0.02040261 -0.03881895 0.01688551 0.0203973 -0.03881078 0.01688551 -0.02040261 -0.03881078 0.01688551 -0.02040261 -0.03881078 0.01688551 -0.02040261 -0.03881078 0.01688641 -0.02040261 -0.03788578 0.02389365 -0.02040261 -0.03789395 0.01688635 0.0203973 -0.03788578 0.02389222 -0.02040261 -0.03881895 0.02389216 0.0203973 -0.03881889 0.01688557 -0.02040261 -0.03881078 0.02389222 -0.02040261 -0.03881895 0.02389216 0.0203973 -0.03881889 0.01688557 -0.02040261 -0.03881078 0.02238154 -0.01160567 -0.03881675 0.02238154 0.01160037 -0.03881675 0.01839625 -0.01160567 -0.03881222 0.02238154 -0.01160567 -0.03881675 0.02238154 0.01160037 -0.03881675 0.01839625 -0.01160567 -0.03881222 0.02238041 -0.01160567 -0.03960496 0.02238041 0.01160037 -0.0396049 0.01839548 -0.01160567 -0.03960037 0.01839542 0.01160037 -0.03960037 0.01839625 0.01160037 -0.03881222 0.01839625 0.01160037 -0.03881222 0.01688551 0.0203973 -0.03881078 0.01688551 0.0203973 -0.03881078 0.0168094 0.0203973 -0.03881072 0.0168094 -0.02040261 -0.03881072 0.01681023 0.0203973 -0.03788572 0.00980252 0.0203973 -0.03880631 0.0168094 0.0203973 -0.03881072 0.0168094 -0.02040261 -0.03881072 0.00980252 0.0203973 -0.03880631 0.0168094 0.0203973 -0.03881072 0.0168094 -0.02040261 -0.03881072 0.00980252 0.0203973 -0.03880631 0.00980252 -0.02040261 -0.03880637 0.00980252 -0.02040261 -0.03880637 0.00980252 -0.02040261 -0.03880637 0.009802997 -0.02040261 -0.03788137 0.01681029 -0.02040261 -0.03788572 0.009802937 0.0203973 -0.03788131 0.0168094 -0.02040261 -0.03881072 0.0168094 0.0203973 -0.03881072 0.00980252 -0.02040261 -0.03880637 0.0168094 -0.02040261 -0.03881072 0.0168094 0.0203973 -0.03881072 0.00980252 -0.02040261 -0.03880637 0.01529872 -0.01160567 -0.03880953 0.01529872 0.01160037 -0.03880953 0.01131337 -0.01160567 -0.03880703 0.01529872 -0.01160567 -0.03880953 0.01529872 0.01160037 -0.03880953 0.01131337 -0.01160567 -0.03880703 0.01529806 -0.01160567 -0.03959769 0.01529806 0.01160037 -0.03959769 0.01131296 -0.01160567 -0.03959524 0.0113129 0.01160037 -0.03959518 0.01131331 0.01160037 -0.03880703 0.01131331 0.01160037 -0.03880703 0.00980252 0.0203973 -0.03880631 0.00980252 0.0203973 -0.03880631 0.009726405 0.0203973 -0.03880625 0.009726464 -0.02040261 -0.03880631 0.009726881 0.0203973 -0.03788125 0.002719342 0.0203973 -0.03880423 0.009726405 0.0203973 -0.03880625 0.009726464 -0.02040261 -0.03880631 0.002719342 0.0203973 -0.03880423 0.009726405 0.0203973 -0.03880625 0.009726464 -0.02040261 -0.03880631 0.002719342 0.0203973 -0.03880423 0.002719402 -0.02040261 -0.03880429 0.002719402 -0.02040261 -0.03880429 0.002719402 -0.02040261 -0.03880429 0.002719581 -0.02040261 -0.03787928 0.009726881 -0.02040261 -0.03788131 0.002719521 0.0203973 -0.03787922 0.009726464 -0.02040261 -0.03880631 0.009726405 0.0203973 -0.03880625 0.002719402 -0.02040261 -0.03880429 0.009726464 -0.02040261 -0.03880631 0.009726405 0.0203973 -0.03880625 0.002719402 -0.02040261 -0.03880429 0.008215665 -0.01160567 -0.03880572 0.008215665 0.01160037 -0.03880566 0.00423026 -0.01160567 -0.03880459 0.008215665 -0.01160567 -0.03880572 0.008215665 0.01160037 -0.03880566 0.00423026 -0.01160567 -0.03880459 0.008215367 -0.01160567 -0.03959387 0.008215367 0.01160037 -0.03959387 0.004230082 -0.01160567 -0.03959274 0.004230022 0.01160037 -0.03959274 0.004230201 0.01160037 -0.03880453 0.004230201 0.01160037 -0.03880453 0.002719342 0.0203973 -0.03880423 0.002719342 0.0203973 -0.03880423 0.002643287 0.0203973 -0.03880423 0.002643346 -0.02040261 -0.03880429 0.002643465 0.0203973 -0.03787922 -0.004363834 0.02039724 -0.03880345 0.002643287 0.0203973 -0.03880423 0.002643346 -0.02040261 -0.03880429 -0.004363834 0.02039724 -0.03880345 0.002643287 0.0203973 -0.03880423 0.002643346 -0.02040261 -0.03880429 -0.004363834 0.02039724 -0.03880345 -0.004363775 -0.02040261 -0.03880351 -0.004363775 -0.02040261 -0.03880351 -0.004363775 -0.02040261 -0.03880351 -0.004363715 -0.02040261 -0.03787851 0.002643525 -0.02040261 -0.03787928 -0.004363775 0.02039724 -0.03787851 0.002643346 -0.02040261 -0.03880429 0.002643287 0.0203973 -0.03880423 -0.004363775 -0.02040261 -0.03880351 0.002643346 -0.02040261 -0.03880429 0.002643287 0.0203973 -0.03880423 -0.004363775 -0.02040261 -0.03880351 0.001132488 -0.01160567 -0.03880399 0.001132488 0.01160037 -0.03880399 -0.002852916 -0.01160573 -0.03880363 0.001132488 -0.01160567 -0.03880399 0.001132488 0.01160037 -0.03880399 -0.002852916 -0.01160573 -0.03880363 0.001132369 -0.01160567 -0.0395922 0.001132369 0.01160037 -0.03959214 -0.002852976 -0.01160573 -0.03959178 -0.002852976 0.01160037 -0.03959178 -0.002852976 0.01160037 -0.03880357 -0.002852976 0.01160037 -0.03880357 -0.004363834 0.02039724 -0.03880345 -0.004363834 0.02039724 -0.03880345 -0.00443989 0.02039724 -0.03880345 -0.00443989 -0.02040261 -0.03880351 -0.00443983 0.02039724 -0.03787845 -0.01144719 0.02039724 -0.03880333 -0.00443989 0.02039724 -0.03880345 -0.00443989 -0.02040261 -0.03880351 -0.01144719 0.02039724 -0.03880333 -0.00443989 0.02039724 -0.03880345 -0.00443989 -0.02040261 -0.03880351 -0.01144719 0.02039724 -0.03880333 -0.01144713 -0.02040261 -0.03880339 -0.01144713 -0.02040261 -0.03880339 -0.01144713 -0.02040261 -0.03880339 -0.01144713 -0.02040261 -0.03787839 -0.00443983 -0.02040261 -0.03787851 -0.01144719 0.02039724 -0.03787833 -0.00443989 -0.02040261 -0.03880351 -0.00443989 0.02039724 -0.03880345 -0.01144713 -0.02040261 -0.03880339 -0.00443989 -0.02040261 -0.03880351 -0.00443989 0.02039724 -0.03880345 -0.01144713 -0.02040261 -0.03880339 -0.005950748 -0.01160573 -0.03880345 -0.005950748 0.01160037 -0.03880345 -0.009936273 -0.01160573 -0.03880339 -0.005950748 -0.01160573 -0.03880345 -0.005950748 0.01160037 -0.03880345 -0.009936273 -0.01160573 -0.03880339 -0.005950748 -0.01160573 -0.03959167 -0.005950808 0.01160037 -0.03959161 -0.009936273 -0.01160573 -0.03959155 -0.009936273 0.01160037 -0.03959155 -0.009936273 0.01160037 -0.03880333 -0.009936273 0.01160037 -0.03880333 -0.01144719 0.02039724 -0.03880333 -0.01144719 0.02039724 -0.03880333 -0.01152324 0.02039724 -0.03880333 -0.01152318 -0.02040261 -0.03880339 -0.01152324 0.02039724 -0.03787833 -0.01853054 0.02039724 -0.03880333 -0.01152324 0.02039724 -0.03880333 -0.01152318 -0.02040261 -0.03880339 -0.01853054 0.02039724 -0.03880333 -0.01152324 0.02039724 -0.03880333 -0.01152318 -0.02040261 -0.03880339 -0.01853054 0.02039724 -0.03880333 -0.01853048 -0.02040261 -0.03880339 -0.01853048 -0.02040261 -0.03880339 -0.01853048 -0.02040261 -0.03880339 -0.01853048 -0.02040261 -0.03787839 -0.01152318 -0.02040261 -0.03787839 -0.01853054 0.02039724 -0.03787833 -0.01152318 -0.02040261 -0.03880339 -0.01152324 0.02039724 -0.03880333 -0.01853048 -0.02040261 -0.03880339 -0.01152318 -0.02040261 -0.03880339 -0.01152324 0.02039724 -0.03880333 -0.01853048 -0.02040261 -0.03880339 -0.0130341 -0.01160573 -0.03880333 -0.0130341 0.01160037 -0.03880333 -0.01701962 -0.01160573 -0.03880333 -0.0130341 -0.01160573 -0.03880333 -0.0130341 0.01160037 -0.03880333 -0.01701962 -0.01160573 -0.03880333 -0.0130341 -0.01160573 -0.03959155 -0.0130341 0.01160037 -0.03959149 -0.01701962 -0.01160573 -0.03959155 -0.01701962 0.01160037 -0.03959149 -0.01701962 0.01160037 -0.03880333 -0.01701962 0.01160037 -0.03880333 -0.01853054 0.02039724 -0.03880333 -0.01853054 0.02039724 -0.03880333 -0.0186066 0.02039724 -0.03880333 -0.0186066 -0.02040261 -0.03880339 -0.0186066 0.02039724 -0.03787833 -0.02561396 0.02039724 -0.03880333 -0.0186066 0.02039724 -0.03880333 -0.0186066 -0.02040261 -0.03880339 -0.02561396 0.02039724 -0.03880333 -0.0186066 0.02039724 -0.03880333 -0.0186066 -0.02040261 -0.03880339 -0.02561396 0.02039724 -0.03880333 -0.0256139 -0.02040266 -0.03880339 -0.0256139 -0.02040266 -0.03880339 -0.0256139 -0.02040266 -0.03880339 -0.0256139 -0.02040266 -0.03787839 -0.0186066 -0.02040261 -0.03787839 -0.02561396 0.02039724 -0.03787833 -0.0186066 -0.02040261 -0.03880339 -0.0186066 0.02039724 -0.03880333 -0.0256139 -0.02040266 -0.03880339 -0.0186066 -0.02040261 -0.03880339 -0.0186066 0.02039724 -0.03880333 -0.0256139 -0.02040266 -0.03880339 -0.02011746 -0.01160573 -0.03880333 -0.02011752 0.01160037 -0.03880333 -0.02410304 -0.01160573 -0.03880333 -0.02011746 -0.01160573 -0.03880333 -0.02011752 0.01160037 -0.03880333 -0.02410304 -0.01160573 -0.03880333 -0.02011746 -0.01160573 -0.03959155 -0.02011752 0.01160037 -0.03959149 -0.02410304 -0.01160573 -0.03959155 -0.02410304 0.01160031 -0.03959149 -0.02410304 0.01160031 -0.03880333 -0.02410304 0.01160031 -0.03880333 -0.02561396 0.02039724 -0.03880333 -0.02561396 0.02039724 -0.03880333 -0.02569001 0.02039724 -0.03880333 -0.02568995 -0.02040266 -0.03880339 -0.02569001 0.02039724 -0.03787833 -0.03269731 0.02039724 -0.03880333 -0.02569001 0.02039724 -0.03880333 -0.02568995 -0.02040266 -0.03880339 -0.03269731 0.02039724 -0.03880333 -0.02569001 0.02039724 -0.03880333 -0.02568995 -0.02040266 -0.03880339 -0.03269731 0.02039724 -0.03880333 -0.03269726 -0.02040266 -0.03880339 -0.03269726 -0.02040266 -0.03880339 -0.03269726 -0.02040266 -0.03880339 -0.03269726 -0.02040266 -0.03787839 -0.02568995 -0.02040266 -0.03787839 -0.03269731 0.02039724 -0.03787833 -0.02568995 -0.02040266 -0.03880339 -0.02569001 0.02039724 -0.03880333 -0.03269726 -0.02040266 -0.03880339 -0.02568995 -0.02040266 -0.03880339 -0.02569001 0.02039724 -0.03880333 -0.03269726 -0.02040266 -0.03880339 -0.02720087 -0.01160573 -0.03880333 -0.02720087 0.01160031 -0.03880333 -0.0311864 -0.01160573 -0.03880333 -0.02720087 -0.01160573 -0.03880333 -0.02720087 0.01160031 -0.03880333 -0.0311864 -0.01160573 -0.03880333 -0.02720087 -0.01160573 -0.03959155 -0.02720087 0.01160031 -0.03959149 -0.0311864 -0.01160573 -0.03959155 -0.0311864 0.01160031 -0.03959149 -0.0311864 0.01160031 -0.03880333 -0.0311864 0.01160031 -0.03880333 -0.03269731 0.02039724 -0.03880333 -0.03269731 0.02039724 -0.03880333 -0.03277337 0.02039724 -0.03880333 -0.03277337 -0.02040266 -0.03880339 -0.03277337 0.02039724 -0.03787833 -0.03978067 0.02039724 -0.03880333 -0.03277337 0.02039724 -0.03880333 -0.03277337 -0.02040266 -0.03880339 -0.03978067 0.02039724 -0.03880333 -0.03277337 0.02039724 -0.03880333 -0.03277337 -0.02040266 -0.03880339 -0.03978067 0.02039724 -0.03880333 -0.03978067 -0.02040266 -0.03880339 -0.03978067 -0.02040266 -0.03880339 -0.03978067 -0.02040266 -0.03880339 -0.03978067 -0.02040266 -0.03787839 -0.03277337 -0.02040266 -0.03787839 -0.03978067 0.02039724 -0.03787833 -0.03277337 -0.02040266 -0.03880339 -0.03277337 0.02039724 -0.03880333 -0.03978067 -0.02040266 -0.03880339 -0.03277337 -0.02040266 -0.03880339 -0.03277337 0.02039724 -0.03880333 -0.03978067 -0.02040266 -0.03880339 -0.03428423 -0.01160573 -0.03880333 -0.03428429 0.01160031 -0.03880333 -0.03826981 -0.01160573 -0.03880333 -0.03428423 -0.01160573 -0.03880333 -0.03428429 0.01160031 -0.03880333 -0.03826981 -0.01160573 -0.03880333 -0.03428423 -0.01160573 -0.03959155 -0.03428429 0.01160031 -0.03959149 -0.03826981 -0.01160573 -0.03959155 -0.03826981 0.01160031 -0.03959149 -0.03826981 0.01160031 -0.03880333 -0.03826981 0.01160031 -0.03880333 -0.03978067 0.02039724 -0.03880333 -0.03978067 0.02039724 -0.03880333 -0.03985679 0.02039724 -0.03880333 -0.03985673 -0.02040266 -0.03880339 -0.03985679 0.02039724 -0.03787833 -0.04686409 0.02039724 -0.03880333 -0.03985679 0.02039724 -0.03880333 -0.03985673 -0.02040266 -0.03880339 -0.04686409 0.02039724 -0.03880333 -0.03985679 0.02039724 -0.03880333 -0.03985673 -0.02040266 -0.03880339 -0.04686409 0.02039724 -0.03880333 -0.04686403 -0.02040266 -0.03880339 -0.04686403 -0.02040266 -0.03880339 -0.04686403 -0.02040266 -0.03880339 -0.04686403 -0.02040266 -0.03787839 -0.03985673 -0.02040266 -0.03787839 -0.04686409 0.02039724 -0.03787833 -0.03985673 -0.02040266 -0.03880339 -0.03985679 0.02039724 -0.03880333 -0.04686403 -0.02040266 -0.03880339 -0.03985673 -0.02040266 -0.03880339 -0.03985679 0.02039724 -0.03880333 -0.04686403 -0.02040266 -0.03880339 -0.04136765 -0.01160573 -0.03880333 -0.04136765 0.01160031 -0.03880333 -0.04535317 -0.01160573 -0.03880333 -0.04136765 -0.01160573 -0.03880333 -0.04136765 0.01160031 -0.03880333 -0.04535317 -0.01160573 -0.03880333 -0.04136765 -0.01160573 -0.03959155 -0.04136765 0.01160031 -0.03959149 -0.04535317 -0.01160573 -0.03959155 -0.04535317 0.01160031 -0.03959149 -0.04535317 0.01160031 -0.03880333 -0.04535317 0.01160031 -0.03880333 -0.04686409 0.02039724 -0.03880333 -0.04686409 0.02039724 -0.03880333 -0.04694014 0.02039724 -0.03880333 -0.04694014 -0.02040266 -0.03880339 -0.04694014 0.02039724 -0.03787833 -0.05394744 0.02039718 -0.03880333 -0.04694014 0.02039724 -0.03880333 -0.04694014 -0.02040266 -0.03880339 -0.05394744 0.02039718 -0.03880333 -0.04694014 0.02039724 -0.03880333 -0.04694014 -0.02040266 -0.03880339 -0.05394744 0.02039718 -0.03880333 -0.05394744 -0.02040266 -0.03880339 -0.05394744 -0.02040266 -0.03880339 -0.05394744 -0.02040266 -0.03880339 -0.05394744 -0.02040266 -0.03787839 -0.04694014 -0.02040266 -0.03787839 -0.05394744 0.02039718 -0.03787833 -0.04694014 -0.02040266 -0.03880339 -0.04694014 0.02039724 -0.03880333 -0.05394744 -0.02040266 -0.03880339 -0.04694014 -0.02040266 -0.03880339 -0.04694014 0.02039724 -0.03880333 -0.05394744 -0.02040266 -0.03880339 -0.048451 -0.01160573 -0.03880333 -0.04845106 0.01160031 -0.03880333 -0.05243659 -0.01160573 -0.03880333 -0.048451 -0.01160573 -0.03880333 -0.04845106 0.01160031 -0.03880333 -0.05243659 -0.01160573 -0.03880333 -0.048451 -0.01160573 -0.03959155 -0.04845106 0.01160031 -0.03959149 -0.05243659 -0.01160573 -0.03959155 -0.05243659 0.01160031 -0.03959149 -0.05243659 0.01160031 -0.03880333 -0.05243659 0.01160031 -0.03880333 -0.05394744 0.02039718 -0.03880333 -0.05394744 0.02039718 -0.03880333 -0.05402356 0.02039718 -0.03880333 -0.0540235 -0.02040266 -0.03880333 -0.05402356 0.02039718 -0.03787833 -0.06103092 0.02039718 -0.0388031 -0.05402356 0.02039718 -0.03880333 -0.0540235 -0.02040266 -0.03880333 -0.06103092 0.02039718 -0.0388031 -0.05402356 0.02039718 -0.03880333 -0.0540235 -0.02040266 -0.03880333 -0.06103092 0.02039718 -0.0388031 -0.06103092 -0.02040266 -0.03880316 -0.06103092 -0.02040266 -0.03880316 -0.06103092 -0.02040266 -0.03880316 -0.0610308 -0.02040266 -0.03787815 -0.0540235 -0.02040266 -0.03787839 -0.06103086 0.02039718 -0.03787809 -0.0540235 -0.02040266 -0.03880333 -0.05402356 0.02039718 -0.03880333 -0.06103092 -0.02040266 -0.03880316 -0.0540235 -0.02040266 -0.03880333 -0.05402356 0.02039718 -0.03880333 -0.06103092 -0.02040266 -0.03880316 -0.05553442 -0.01160573 -0.03880333 -0.05553442 0.01160031 -0.03880333 -0.05952 -0.01160579 -0.03880327 -0.05553442 -0.01160573 -0.03880333 -0.05553442 0.01160031 -0.03880333 -0.05952 -0.01160579 -0.03880327 -0.05553442 -0.01160573 -0.03959155 -0.05553442 0.01160031 -0.03959149 -0.05952006 -0.01160579 -0.03959143 -0.05952006 0.01160031 -0.03959143 -0.05952006 0.01160031 -0.03880321 -0.05952006 0.01160031 -0.03880321 -0.06103092 0.02039718 -0.0388031 -0.06103092 0.02039718 -0.0388031 -0.06110703 0.02039718 -0.0388031 -0.06110703 -0.02040266 -0.03880316 -0.06110697 0.02039718 -0.03787809 -0.06814664 0.02039718 -0.03877359 -0.06110703 0.02039718 -0.0388031 -0.06110703 -0.02040266 -0.03880316 -0.06814664 0.02039718 -0.03877359 -0.06110703 0.02039718 -0.0388031 -0.06110703 -0.02040266 -0.03880316 -0.06814664 0.02039718 -0.03877359 -0.06814658 -0.02040266 -0.03877359 -0.06814658 -0.02040266 -0.03877359 -0.06814658 -0.02040266 -0.03877359 -0.06811392 -0.02040266 -0.03784918 -0.06110692 -0.02040266 -0.03787815 -0.06811398 0.02039718 -0.03784912 -0.06110703 -0.02040266 -0.03880316 -0.06110703 0.02039718 -0.0388031 -0.06814658 -0.02040266 -0.03877359 -0.06110703 -0.02040266 -0.03880316 -0.06110703 0.02039718 -0.0388031 -0.06814658 -0.02040266 -0.03877359 -0.06261795 -0.01160579 -0.03880292 -0.06261801 0.01160031 -0.03880292 -0.06660854 -0.01160579 -0.03879892 -0.06261795 -0.01160579 -0.03880292 -0.06261801 0.01160031 -0.03880292 -0.06660854 -0.01160579 -0.03879892 -0.06261813 -0.01160579 -0.03959113 -0.06261819 0.01160031 -0.03959107 -0.06661295 -0.01160579 -0.03958708 -0.06661301 0.01160031 -0.03958708 -0.0666086 0.01160031 -0.03879892 -0.0666086 0.01160031 -0.03879892 -0.06814664 0.02039718 -0.03877359 -0.06814664 0.02039718 -0.03877359</float_array>
          <technique_common>
            <accessor source="#right_tracks-mesh-positions-array" count="2844" stride="3">
              <param name="X" type="float"/>
              <param name="Y" type="float"/>
              <param name="Z" type="float"/>
            </accessor>
          </technique_common>
        </source>
        <source id="right_tracks-mesh-normals">
          <float_array id="right_tracks-mesh-normals-array" count="14220">0.9990051 1.15161e-6 -0.04459655 -4.87099e-7 -1 1.92485e-7 -0.9300159 7.14721e-7 0.3675193 2.37098e-6 1 7.69698e-6 0 0 1 0.1689937 -5.44538e-7 0.9856171 0 0 1 0 0 1 0 0 1 0 0 1 0 0 1 0 0 1 0 0 1 0 0 1 0 0 1 -0.06084108 1.20926e-6 -0.9981475 -0.1512061 -0.03183507 -0.9879894 0 0 1 0 0 1 0.9968382 7.42076e-7 -0.0794593 -6.64914e-7 -1 0 -0.1531302 1.17077e-6 -0.988206 -0.9471588 -1.02013e-6 0.320765 2.2417e-6 1 -7.59173e-7 0 0 1 0 0 1 -0.3271401 1.00318e-6 -0.9449758 -0.1702696 0.01929646 -0.9852085 0 0 1 0 0 1 0 0 1 0.9285176 6.10325e-7 -0.3712882 3.69823e-6 1 7.16856e-6 0 0 1 0 0 1 0 0 1 0 0 1 0 0 1 0 0 1 0 0 1 2.33951e-6 -1 3.38819e-6 -0.7491242 -6.36503e-7 0.6624295 0.5709288 -4.51212e-7 0.8209996 0 0 1 0 0 1 -0.4233419 5.07151e-7 -0.90597 -0.5952118 -0.01011019 -0.8035053 0 0 1 0 0 1 0.8553969 6.06929e-7 -0.5179731 1.45627e-6 -1 4.91047e-7 -0.594454 3.3296e-7 -0.8041296 -0.7567622 -6.62716e-7 0.6536903 -1.38721e-6 1 -3.47782e-7 0 0 1 0 0 1 -0.6416301 2.86079e-7 -0.7670142 -0.5679194 0.03128701 -0.8224893 0 0 1 0 0 1 0 0 1 0.7488316 3.63085e-7 -0.6627603 -1.10511e-6 1 -1.68978e-6 0 0 1 0 0 1 0 0 1 0 0 1 0 0 1 0 0 1 0 0 1 2.68649e-6 -1 2.41651e-7 -0.7374973 -5.66322e-7 0.6753501 0.6535537 -2.953e-7 0.7568801 0 0 1 0 0 1 -0.6481979 4.17163e-7 -0.7614719 -0.6540503 -7.93205e-4 -0.7564507 0 0 1 0 0 1 0.7444208 6.6748e-7 -0.6677109 1.92937e-6 -1 -1.73058e-6 -0.6540486 4.84929e-7 -0.7564526 -0.7386554 -4.33624e-7 0.6740833 -1.46011e-6 1 -2.50469e-7 0 0 1 0 0 1 -0.657569 4.84333e-7 -0.7533944 -0.653549 0.001204371 -0.7568833 0 0 1 0 0 1 0 0 1 0.7374383 4.31687e-7 -0.6754146 -2.69565e-6 1 -2.21362e-7 0 0 1 0 0 1 0 0 1 0 0 1 0 0 1 0 0 1 0 0 1 1.51265e-6 -1 1.31487e-6 -0.734338 -5.6794e-7 0.6787841 0.6600649 -3.59594e-7 0.7512085 0 0 1 0 0 1 -0.6587776 2.71688e-7 -0.7523378 -0.6601205 -2.45771e-4 -0.7511597 0 0 1 0 0 1 0.7365363 6.70375e-7 -0.676398 -8.6918e-7 -1 7.98218e-7 -0.6601212 6.0292e-7 -0.7511591 -0.7348196 -4.35527e-7 0.6782627 -5.20063e-7 1 4.80028e-7 0 0 1 0 0 1 -0.6612085 2.71812e-7 -0.7502022 -0.6600649 2.92577e-4 -0.7512086 0 0 1 0 0 1 0 0 1 0.734312 6.29614e-7 -0.6788122 -1.91061e-6 1 -9.44319e-7 0 0 1 0 0 1 0 0 1 0 0 1 0 0 1 0 0 1 0 0 1 1.91061e-6 -1 9.44319e-7 -0.7326787 -5.68781e-7 0.6805747 0.6625094 -3.60024e-7 0.7490537 0 0 1 0 0 1 -0.6618734 4.2669e-7 -0.7496157 -0.6624614 -1.83332e-4 -0.749096 0 0 1 0 0 1 0.7339032 6.71842e-7 -0.6792541 1.46777e-6 -1 2.34484e-7 -0.6624623 0 -0.7490952 -0.7329794 -6.71829e-7 0.6802509 -5.19047e-7 1 4.81708e-7 0 0 1 0 0 1 -0.6632719 2.68602e-7 -0.7483785 -0.662509 1.45045e-4 -0.749054 0 0 1 0 0 1 0 0 1 0.7326655 6.30329e-7 -0.680589 -3.92879e-7 1 3.66435e-7 0 0 1 0 0 1 0 0 1 0 0 1 0 0 1 0 0 1 0 0 1 -2.25362e-6 -1 -3.34627e-6 -0.7312889 -3.74006e-7 0.6820678 0.6640506 -2.88347e-7 0.7476876 0 0 1 0 0 1 -0.6634015 3.60335e-7 -0.7482637 -0.6641052 -1.01039e-4 -0.7476392 0 0 1 0 0 1 0.7323663 2.18614e-7 -0.6809108 -4.74415e-6 -1 -6.76276e-6 -0.6641044 2.40038e-7 -0.7476399 -0.7315925 -6.71796e-7 0.6817423 -5.18143e-7 1 4.82837e-7 0 0 1 0 0 1 -0.6645529 4.09367e-7 -0.7472412 -0.6640496 1.47983e-4 -0.7476885 0 0 1 0 0 1 0 0 1 0.7312736 4.3595e-7 -0.6820843 4.7187e-6 1 6.49842e-6 0 0 1 0 0 1 0 0 1 0 0 1 0 0 1 0 0 1 0 0 1 -1.67365e-6 -1 -3.89237e-6 -0.7293658 -6.32488e-7 0.684124 0.6657713 -4.76901e-7 0.7461558 0 0 1 0 0 1 -0.6650874 4.8153e-7 -0.7467656 -0.6657716 -1.84014e-4 -0.7461555 0 0 1 0 0 1 0.7309352 4.38118e-7 -0.6824468 2.67687e-6 -1 -9.00028e-7 -0.6657232 4.76675e-7 -0.7461987 -0.7298752 -3.29206e-7 0.6835804 -1.29528e-6 1 -3.88421e-7 0 0 1 0 0 1 -0.6665838 4.22773e-7 -0.74543 -0.6657226 1.45138e-4 -0.7461994 0 0 1 0 0 1 0 0 1 0.7293426 3.74725e-7 -0.6841486 5.52517e-6 1 5.73972e-6 0 0 1 0 0 1 0 0 1 0 0 1 0 0 1 0 0 1 0 0 1 9.73282e-7 -1 -9.24828e-7 -0.7249231 -3.70947e-7 0.6888298 0.6688456 -4.7514e-7 0.7434014 0 0 1 0 0 1 -0.6673368 4.78179e-7 -0.744756 -0.6688457 -4.26945e-4 -0.7434012 0 0 1 0 0 1 0.7287104 4.39619e-7 -0.684822 1.29781e-6 -1 3.84387e-7 -0.6687087 1.43379e-7 -0.7435244 -0.726324 -6.74559e-7 0.6873524 -1.2958e-6 1 -3.82896e-7 0 0 1 0 0 1 -0.6707204 1.40749e-7 -0.7417102 -0.6687073 3.13324e-4 -0.7435257 0 0 1 0 0 1 0 0 1 0.724824 6.35594e-7 -0.6889341 -5.6237e-7 1 5.73704e-7 0 0 1 0 0 1 0 0 1 0 0 1 0 0 1 0 0 1 0 0 1 -2.14732e-6 -1 -3.49504e-6 -0.700017 -5.18738e-7 0.7141261 0.6800269 -4.11375e-7 0.7331872 0 0 1 0 0 1 -0.6725509 3.76268e-7 -0.7400509 -0.6800468 -0.002670109 -0.733164 0 0 1 0 0 1 0.7228833 7.86856e-7 -0.6909703 1.87146e-6 -1 -1.78885e-6 -0.678524 2.56619e-7 -0.7345783 -0.7113974 -5.66873e-7 0.70279 -1.46087e-6 1 -1.98905e-7 0 0 1 0 0 1 -0.6913834 2.69551e-7 -0.722488 -0.6785175 0.001378059 -0.7345829 0 0 1 0 0 1 0 0 1 0.6992632 5.19324e-7 -0.7148644 4.57581e-6 1 4.3845e-6 0 0 1 0 0 1 0 0 1 0 0 1 0 0 1 0 0 1 0 0 1 -1.31765e-6 -1 -1.95225e-6 -0.3896449 0 0.9209652 0.8003326 -4.01788e-7 0.5995563 0 0 1 0 0 1 -0.7075259 0 -0.7066874 -0.8009347 -0.03176778 -0.5979084 0 0 1 0 0 1 0.676497 3.54666e-7 -0.7364454 -8.33828e-6 -1 -4.72152e-6 -0.7928462 2.97068e-7 -0.6094218 -0.4705856 0 0.8823544 -1.23892e-6 1 -1.42873e-7 0 0 1 0 0 1 -0.8952465 -1.43856e-7 -0.4455712 -0.7921456 0.02219671 -0.6099284 0 0 1 0 0 1 0 0 1 0.3859337 0 -0.9225265 0 1 0 0 0 1 0 0 1 0 0 1 0 0 1 0 0 1 0 0 1 0 0 1 0 -1 -1.0634e-6 0.02439159 4.65307e-7 0.9997025 0.9792867 4.13123e-7 0.2024785 0 0 1 0 0 1 -0.9311184 0 -0.3647171 -0.9788823 -0.03231513 -0.2018545 0 0 1 0 0 1 0.3136609 0 -0.9495351 1.2101e-6 -1 0 -0.9783794 0 -0.206818 -0.06718003 3.20336e-7 0.9977408 -1.15536e-6 1 0 0 0 1 0 0 1 -0.9997947 0 -0.02026635 -0.977906 0.02893048 -0.2070336 0 0 1 0 0 1 0 0 1 -0.02846372 -4.56346e-7 -0.9995948 0 1 0 0 0 1 0 0 1 0 0 1 0 0 1 0 0 1 0 0 1 0 0 1 0 -1 0 0.3327172 6.02626e-7 0.9430267 0.9826119 4.19641e-7 -0.1856715 0 0 1 0 0 1 -0.9976721 0 0.06819385 -0.9823379 -0.02174985 0.1858471 0 0 1 0 0 1 -0.0987721 -4.79017e-7 -0.9951101 1.16119e-6 -1 0 -0.982954 0 0.1838518 0.2556116 6.20791e-7 0.9667795 -1.19851e-6 1 0 0 0 1 0 0 1 -0.9522188 1.96924e-7 0.3054167 -0.9827622 0.02039247 0.1837464 0 0 1 0 0 1 0 0 1 -0.3370165 -6.87718e-7 -0.9414988 -1.60066e-6 1 1.38089e-6 0 0 1 0 0 1 0 0 1 0 0 1 0 0 1 0 0 1 0 0 1 -1.42197e-6 -1 1.88005e-6 0.7038712 1.03315e-6 0.7103276 0.8307507 3.51926e-7 -0.5566446 0 0 1 0 0 1 -0.9179012 2.89849e-7 0.3968089 -0.8306101 -0.03035527 0.5560263 0 0 1 0 0 1 -0.4273425 -1.00008e-6 -0.9040899 1.85139e-7 -1 3.91678e-7 -0.8287957 0 0.5595512 0.6397147 1.39786e-6 0.7686125 -1.40375e-6 1 1.35354e-7 0 0 1 0 0 1 -0.7244386 0 0.6893394 -0.8282098 0.03305697 0.5594426 0 0 1 0 0 1 0 0 1 -0.707059 -1.16213e-6 -0.7071546 -5.56596e-7 1 -5.56671e-7 0 0 1 0 0 1 0 0 1 0 0 1 0 0 1 0 0 1 0 0 1 1.29872e-6 -1 1.2989e-6 0.927636 1.45857e-6 0.3734855 0.5285609 -3.50983e-7 -0.8488954 0 0 1 0 0 1 -0.6564108 0 0.7544036 -0.5286538 -0.02718895 0.848402 0 0 1 0 0 1 -0.7695016 -1.15142e-6 -0.6386449 1.28862e-6 -1 -4.51663e-7 -0.5267387 5.86362e-7 0.8500274 0.8941787 1.43583e-6 0.4477103 -1.42531e-6 1 6.01731e-7 0 0 1 0 0 1 -0.3942633 0 0.9189975 -0.5264168 0.02888339 0.849736 0 0 1 0 0 1 0 0 1 -0.9290471 -1.28817e-6 -0.3699615 -9.71272e-7 1 -3.86776e-7 0 0 1 0 0 1 0 0 1 0 0 1 0 0 1 0 0 1 0 0 1 4.85634e-7 -1 1.93387e-7 0.9999372 1.8342e-6 0.01121205 0.1677427 -4.13781e-7 -0.9858307 0 0 1 0 0 1 -0.3228572 0 0.9464477 -0.1646879 -0.02582031 0.9860077 0 0 1 0 0 1 -0.9527984 -1.91943e-6 -0.3036039 -2.17256e-6 -1 9.20794e-6 -0.1645005 1.00251e-6 0.986377 0.9996227 1.94328e-6 0.02747017 -1.11207e-6 1 0 0 0 1 0 0 1 -0.016029 6.11118e-7 0.9998715 -0.1685053 0.02835065 0.985293 0 0 1 0 0 1 0 0 1 -0.9999402 -1.65139e-6 -0.01093018 -1.06196e-6 1 0 0 0 1 0 0 1 0 0 1 0 0 1 0 0 1 0 0 1 0 0 1 5.30978e-7 -1 0 0.9999983 1.64488e-6 0.001868665 0.00411266 -7.23685e-7 -0.9999915 0 0 1 0 0 1 -0.007449686 7.18186e-7 0.9999722 -0.00360465 -2.53473e-4 0.9999935 0 0 1 0 0 1 -0.9999796 -1.93043e-6 -0.006380677 9.33122e-7 -1 0 -0.003605604 6.35197e-7 0.9999935 0.9999969 1.92796e-6 0.002495527 -9.33852e-7 1 0 0 0 1 0 0 1 -0.002123296 6.38021e-7 0.9999977 -0.004116237 5.75066e-4 0.9999914 0 0 1 0 0 1 0 0 1 -0.9999983 -1.82748e-6 -0.001852512 -1.05437e-6 1 -8.0566e-6 0 0 1 0 0 1 0 0 1 0 0 1 0 0 1 0 0 1 0 0 1 2.13058e-6 -1 -4.02337e-6 0.9999997 1.82694e-6 7.41039e-4 0.001086652 -7.28664e-7 -0.9999994 0 0 1 0 0 1 -0.001424193 7.27848e-7 0.9999989 -0.001065373 -4.40967e-5 0.9999995 0 0 1 0 0 1 -0.9999989 -1.9283e-6 -0.00150299 9.34438e-7 -1 0 -0.001065254 6.40077e-7 0.9999995 0.9999996 1.92694e-6 8.98043e-4 -9.34551e-7 1 0 0 0 1 0 0 1 -8.06284e-4 1.28269e-6 0.9999997 -0.001084327 5.76464e-5 0.9999994 0 0 1 0 0 1 0 0 1 -0.9999997 -1.64405e-6 -7.32972e-4 -1.06322e-6 1 0 0 0 1 0 0 1 0 0 1 0 0 1 0 0 1 0 0 1 0 0 1 1.05942e-6 -1 8.05543e-6 0.9999999 1.46117e-6 3.70514e-4 4.72092e-4 -7.2976e-7 -0.9999999 0 0 1 0 0 1 -5.65885e-4 6.41214e-7 0.9999998 -4.82274e-4 -2.18484e-5 0.9999999 0 0 1 0 0 1 -0.9999998 -1.60572e-6 -6.42798e-4 9.34602e-7 -1 0 -4.78515e-4 6.41205e-7 1 0.9999999 1.60586e-6 4.34834e-4 -9.3464e-7 1 0 0 0 1 0 0 1 -3.48937e-4 6.4145e-7 1 -4.72069e-4 1.71647e-5 0.9999999 0 0 1 0 0 1 0 0 1 -0.9999999 -1.64378e-6 -3.62465e-4 -1.06324e-6 1 0 0 0 1 0 0 1 0 0 1 0 0 1 0 0 1 0 0 1 0 0 1 1.06324e-6 -1 0 1 1.64365e-6 1.93315e-4 2.50931e-4 -1.09531e-6 -1 0 0 1 0 0 1 -3.49439e-4 7.29876e-7 0.9999999 -2.318e-4 -4.23994e-6 1 0 0 1 0 0 1 -1 -1.60551e-6 -3.21405e-4 9.34663e-7 -1 0 -2.31796e-4 1.2838e-6 1 1 1.92651e-6 2.26874e-4 -9.34681e-7 1 0 0 0 1 0 0 1 -2.14592e-4 1.28383e-6 1 -2.50926e-4 1.7883e-5 1 0 0 1 0 0 1 0 0 1 -1 -1.46104e-6 -1.85257e-4 -2.1265e-6 1 0 0 0 1 0 0 1 0 0 1 0 0 1 0 0 1 0 0 1 0 0 1 1.06274e-6 -1 4.02758e-6 1 1.82623e-6 9.66557e-5 1.23339e-4 -1.09545e-6 -1 0 0 1 0 0 1 -1.91643e-4 7.3017e-7 1 -1.04684e-4 2.34725e-6 1 0 0 1 0 0 1 -1 -1.92647e-6 -1.607e-4 9.34672e-7 -1 0 -1.00945e-4 6.41928e-7 1 1 1.92651e-6 1.13435e-4 -9.34679e-7 1 0 0 0 1 0 0 1 -1.02366e-4 6.41958e-7 1 -1.04684e-4 1.58986e-5 1 0 0 1 0 0 1 0 0 1 -1 -1.461e-6 -8.86025e-5 0 1 0 0 0 1 0 0 1 0 0 1 0 0 1 0 0 1 0 0 1 0 0 1 1.06306e-6 -1 4.02742e-6 1 1.64352e-6 1.61096e-5 4.89099e-5 -1.09561e-6 -1 0 0 1 0 0 1 -1.06104e-4 1.28407e-6 1 -4.6783e-5 -1.25952e-6 1 0 0 1 0 0 1 -1 -1.6054e-6 -7.56233e-5 9.34681e-7 -1 0 -2.99098e-5 6.42074e-7 1 1 1.60537e-6 4.72646e-5 -9.34688e-7 1 0 0 0 1 0 0 1 -3.3326e-5 6.42058e-7 1 -3.36488e-5 1.28538e-5 1 0 0 1 0 0 1 0 0 1 -1 -1.64353e-6 -2.41639e-5 -1.06326e-6 1 0 0 0 1 0 0 1 0 0 1 0 0 1 0 0 1 0 0 1 0 0 1 1.59489e-6 -1 4.02744e-6 1 1.64349e-6 -2.41639e-5 -4.25306e-6 -1.09568e-6 -1 0 0 1 0 0 1 -3.38409e-5 7.30395e-7 1 2.12652e-6 -1.32868e-6 1 0 0 1 0 0 1 -1 -1.60532e-6 -9.45291e-6 9.34686e-7 -1 0 1.12162e-5 6.4214e-7 1 1 1.28423e-6 -1.41797e-5 -9.34689e-7 1 0 0 0 1 0 0 1 2.32087e-5 1.09571e-6 1 4.25302e-6 5.81219e-6 1 0 0 1 0 0 1 0 0 1 -1 -1.64349e-6 2.41639e-5 -1.06326e-6 1 0 0 0 1 0 0 1 0 0 1 0 0 1 0 0 1 0 0 1 0 0 1 2.12652e-6 -1 0 1 1.64345e-6 -6.04108e-5 -4.25305e-5 -7.3052e-7 -1 0 0 1 0 0 1 2.53356e-5 7.30492e-7 1 4.25303e-5 -2.85886e-6 1 0 0 1 0 0 1 -1 -1.60529e-6 2.83593e-5 1.16835e-6 -1 0 4.11258e-5 1.28431e-6 1 1 1.60527e-6 -5.1991e-5 -1.16835e-6 1 0 0 0 1 0 0 1 7.25224e-5 1.09579e-6 1 4.1126e-5 3.67548e-6 1 0 0 1 0 0 1 0 0 1 -1 -1.82606e-6 6.04108e-5 -1.06385e-6 1 -8.05454e-6 0 0 1 0 0 1 0 0 1 0 0 1 0 0 1 0 0 1 0 0 1 1.06327e-6 -1 0 1 1.64341e-6 -9.66557e-5 -7.23025e-5 -1.0958e-6 -1 0 0 1 0 0 1 7.51645e-5 6.42243e-7 1 7.23022e-5 -1.13358e-6 1 0 0 1 0 0 1 -1 -1.60526e-6 6.61716e-5 1.16836e-6 -1 0 6.72974e-5 1.28435e-6 1 1 1.28413e-6 -8.50762e-5 -1.16836e-6 1 0 0 0 1 0 0 1 9.48906e-5 6.42259e-7 1 7.23021e-5 2.25429e-6 1 0 0 1 0 0 1 0 0 1 -1 -1.73472e-6 9.26284e-5 -1.06415e-6 1 -8.05454e-6 0 0 1 0 0 1 0 0 1 0 0 1 0 0 1 0 0 1 0 0 1 1.06326e-6 -1 0 1 1.73468e-6 -1.24847e-4 -1.10579e-4 -7.30642e-7 -1 0 0 1 0 0 1 1.14612e-4 6.42306e-7 1 1.12163e-4 2.32454e-6 1 0 0 1 0 0 1 -1 -1.60524e-6 9.92575e-5 1.16836e-6 -1 0 1.12162e-4 1.28442e-6 1 1 1.44462e-6 -1.18161e-4 -1.16836e-6 1 0 0 0 1 0 0 1 1.14616e-4 6.42306e-7 1 1.10579e-4 2.05324e-6 1 0 0 1 0 0 1 0 0 1 -1 -1.64342e-6 1.24847e-4 -1.06326e-6 1 0 0 0 1 0 0 1 0 0 1 0 0 1 0 0 1 0 0 1 0 0 1 1.59488e-6 -1 0 1 1.73465e-6 -1.53038e-4 -1.36097e-4 -1.09593e-6 -1 0 0 1 0 0 1 1.01011e-4 1.28441e-6 1 1.45812e-4 1.32852e-6 1 0 0 1 0 0 1 -1 -1.60514e-6 1.32341e-4 1.16836e-6 -1 0 1.45811e-4 6.42333e-7 1 1 1.52494e-6 -1.51249e-4 -1.16836e-6 1 0 0 0 1 0 0 1 1.54065e-4 6.42369e-7 1 1.38223e-4 5.10733e-6 1 0 0 1 0 0 1 0 0 1 -1 -1.689e-6 1.55052e-4 0 1 0 0 0 1 0 0 1 0 0 1 0 0 1 0 0 1 0 0 1 0 0 1 1.06325e-6 -1 0 1 1.68896e-6 -1.89284e-4 -1.59489e-4 -1.09595e-6 -1 0 0 1 0 0 1 1.54062e-4 6.42369e-7 1 1.59488e-4 -4.79156e-6 1 0 0 1 0 0 1 -1 -1.6052e-6 1.60703e-4 1.16837e-6 -1 0 1.49551e-4 6.42363e-7 1 1 1.52492e-6 -1.79609e-4 -1.16837e-6 1 0 0 0 1 0 0 1 1.89774e-4 1.28453e-6 1 1.59488e-4 3.67791e-6 1 0 0 1 0 0 1 0 0 1 -1 -1.68903e-6 1.87273e-4 -1.06325e-6 1 0 0 0 1 0 0 1 0 0 1 0 0 1 0 0 1 0 0 1 0 0 1 1.59567e-6 -1 4.02697e-6 1 1.73466e-6 -2.21506e-4 -1.97766e-4 -3.65568e-7 -1 0 0 1 0 0 1 1.93002e-4 7.30776e-7 1 1.95639e-4 -2.76527e-7 1 0 0 1 0 0 1 -1 -1.60518e-6 1.93788e-4 1.16836e-6 -1 0 1.94415e-4 6.42452e-7 1 1 1.80583e-6 -2.13876e-4 -1.16836e-6 1 0 0 0 1 0 0 1 1.89773e-4 1.28459e-6 1 1.98154e-4 1.84875e-6 1 0 0 1 0 0 1 0 0 1 -1 -1.75748e-6 2.21506e-4 -2.12652e-6 1 0 0 0 1 0 0 1 0 0 1 0 0 1 0 0 1 0 0 1 0 0 1 1.06326e-6 -1 0 1 1.74596e-6 -2.51708e-4 -2.31791e-4 -1.09612e-6 -0.9999999 0 0 1 0 0 1 1.93005e-4 7.30789e-7 1 2.29664e-4 -1.20896e-6 1 0 0 1 0 0 1 -1 -1.64529e-6 2.24511e-4 9.34678e-7 -1 0 2.35539e-4 6.42512e-7 1 1 1.66535e-6 -2.4164e-4 -9.34683e-7 1 0 0 0 1 0 0 1 2.50051e-4 1.09615e-6 0.9999999 2.39279e-4 8.91125e-6 1 0 0 1 0 0 1 0 0 1 -1 -1.74604e-6 2.59762e-4 -1.06534e-6 1 -8.05432e-6 0 0 1 0 0 1 0 0 1 0 0 1 0 0 1 0 0 1 0 0 1 1.06327e-6 -1 0 1 1.73306e-6 -3.0507e-4 -2.55186e-4 -1.09612e-6 -0.9999999 0 0 1 0 0 1 2.52695e-4 6.42613e-7 1 2.55184e-4 -3.60228e-6 0.9999999 0 0 1 0 0 1 -1 -1.94626e-6 2.68231e-4 9.3469e-7 -1 0 2.46757e-4 1.28466e-6 1 1 1.95377e-6 -2.95409e-4 -9.34685e-7 1 0 0 0 1 0 0 1 2.79645e-4 1.09616e-6 1 2.57311e-4 1.84466e-6 0.9999999 0 0 1 0 0 1 0 0 1 -1 -1.72879e-6 2.97518e-4 -1.86324e-6 1 -8.054e-6 0 0 1 0 0 1 0 0 1 0 0 1 0 0 1 0 0 1 0 0 1 7.97444e-7 -1 0 0.9999999 1.73444e-6 -3.43329e-4 -3.14727e-4 -1.09617e-6 -1 0 0 1 0 0 1 3.19091e-4 1.09623e-6 1 3.14053e-4 1.42655e-6 0.9999999 0 0 1 0 0 1 -1 -1.65527e-6 3.13429e-4 9.34681e-7 -1 0 3.14051e-4 1.28477e-6 1 1 1.66507e-6 -3.40305e-4 -9.34676e-7 1 0 0 0 1 0 0 1 3.21738e-4 6.42652e-7 1 3.14724e-4 1.54285e-6 1 0 0 1 0 0 1 0 0 1 -0.9999999 -1.75739e-6 3.51389e-4 -7.97439e-7 1 0 0 0 1 0 0 1 0 0 1 0 0 1 0 0 1 0 0 1 0 0 1 7.97439e-7 -1 0 0.9999999 1.73438e-6 -4.03739e-4 -3.61508e-4 -1.09631e-6 -0.9999999 0 0 1 0 0 1 3.08124e-4 1.28475e-6 1 3.66397e-4 -3.13329e-6 1 0 0 1 0 0 1 -0.9999999 -1.64498e-6 3.58029e-4 9.34686e-7 -1 0 3.66394e-4 6.42844e-7 1 0.9999999 1.64493e-6 -3.94659e-4 -9.34679e-7 1 0 0 0 1 0 0 1 4.00631e-4 6.42781e-7 0.9999999 3.61506e-4 7.88483e-6 1 0 0 1 0 0 1 0 0 1 -0.9999999 -1.91699e-6 4.03739e-4 -1.06325e-6 1 0 0 0 1 0 0 1 0 0 1 0 0 1 0 0 1 0 0 1 0 0 1 1.06325e-6 -1 0 0.9999999 1.50604e-6 -4.65156e-4 -3.99786e-4 -1.0963e-6 -0.9999999 0 0 1 0 0 1 3.97984e-4 1.09637e-6 1 3.99782e-4 9.07729e-7 1 0 0 1 0 0 1 -0.9999999 -1.60477e-6 4.20655e-4 9.34692e-7 -1 0 4.00046e-4 6.42762e-7 1 0.9999999 1.52447e-6 -4.4665e-4 -9.34686e-7 1 0 0 0 1 0 0 1 4.10486e-4 6.42783e-7 0.9999999 3.99782e-4 9.07959e-7 1 0 0 1 0 0 1 0 0 1 -0.9999999 -1.73448e-6 4.65156e-4 -1.06325e-6 1 0 0 0 1 0 0 1 0 0 1 0 0 1 0 0 1 0 0 1 0 0 1 1.06325e-6 -1 0 0.9999998 1.87138e-6 -5.49738e-4 -4.93353e-4 -1.09651e-6 -0.9999999 0 0 1 0 0 1 4.88883e-4 7.31365e-7 0.9999999 4.93348e-4 0 0.9999999 0 0 1 0 0 1 -0.9999999 -1.52441e-6 4.91551e-4 9.34684e-7 -1 0 4.9351e-4 6.4292e-7 0.9999998 0.9999999 1.84576e-6 -5.36463e-4 -9.34678e-7 1 0 0 0 1 0 0 1 4.85646e-4 1.28503e-6 0.9999999 4.93514e-4 0 0.9999999 0 0 1 0 0 1 0 0 1 -0.9999999 -1.68877e-6 5.41683e-4 -1.06326e-6 1 0 0 0 1 0 0 1 0 0 1 0 0 1 0 0 1 0 0 1 0 0 1 1.06326e-6 -1 0 0.9999998 1.64282e-6 -6.36317e-4 -5.59282e-4 -1.09665e-6 -0.9999998 0 0 1 0 0 1 4.85666e-4 1.28502e-6 0.9999999 5.57149e-4 -7.63903e-6 0.9999998 0 0 1 0 0 1 -0.9999998 -1.60459e-6 5.55359e-4 1.16835e-6 -1 0 5.64543e-4 1.28529e-6 0.9999998 0.9999998 1.60452e-6 -6.09713e-4 -1.16834e-6 1 0 0 0 1 0 0 1 6.1762e-4 6.43112e-7 0.9999998 5.59275e-4 1.13589e-5 0.9999998 0 0 1 0 0 1 0 0 1 -0.9999998 -1.82565e-6 6.44371e-4 -1.06326e-6 1 0 0 0 1 0 0 1 0 0 1 0 0 1 0 0 1 0 0 1 0 0 1 1.06326e-6 -1 0 0.9999997 1.82559e-6 -7.32972e-4 -6.31583e-4 -7.31546e-7 -0.9999998 0 0 1 0 0 1 6.17622e-4 6.43013e-7 0.9999998 6.31576e-4 -1.01015e-5 0.9999999 0 0 1 0 0 1 -0.9999998 -1.44436e-6 6.52263e-4 1.16835e-6 -1 0 6.13145e-4 1.28523e-6 0.9999998 0.9999998 1.60486e-6 -6.99529e-4 -1.16834e-6 1 0 0 0 1 0 0 1 6.82924e-4 1.28534e-6 0.9999998 6.31576e-4 3.44983e-6 0.9999998 0 0 1 0 0 1 0 0 1 -0.9999997 -1.73428e-6 7.32984e-4 -2.13259e-6 1 -8.05282e-6 0 0 1 0 0 1 0 0 1 0 0 1 0 0 1 0 0 1 0 0 1 1.06325e-6 -1 0 0.9999997 1.73388e-6 -8.53792e-4 -7.57043e-4 -1.09699e-6 -0.9999997 0 0 1 0 0 1 7.55172e-4 7.3176e-7 0.9999997 7.58953e-4 3.30623e-6 0.9999997 0 0 1 0 0 1 -0.9999997 -1.44429e-6 7.60974e-4 1.16834e-6 -1 0 7.55206e-4 6.43213e-7 0.9999998 0.9999997 9.62127e-7 -8.22403e-4 -1.16832e-6 1 0 0 0 1 0 0 1 7.53058e-4 1.09698e-6 0.9999997 7.57033e-4 1.28497e-6 0.9999997 0 0 1 0 0 1 0 0 1 -0.9999997 -1.73418e-6 8.69915e-4 -1.06325e-6 1 0 0 0 1 0 0 1 0 0 1 0 0 1 0 0 1 0 0 1 0 0 1 1.06325e-6 -1 0 0.9999995 1.46016e-6 -0.001006841 -8.93146e-4 -1.09731e-6 -0.9999996 0 0 1 0 0 1 7.51953e-4 1.28545e-6 0.9999998 8.93127e-4 -5.83238e-6 0.9999997 0 0 1 0 0 1 -0.9999996 -1.60418e-6 8.79121e-4 1.16831e-6 -1 0 9.30915e-4 6.43469e-7 0.9999996 0.9999995 2.08626e-6 -9.83121e-4 -1.16834e-6 1 0 0 0 1 0 0 1 9.1962e-4 1.28572e-6 0.9999996 8.93127e-4 2.29641e-5 0.9999995 0 0 1 0 0 1 0 0 1 -0.9999995 -1.46016e-6 0.001006782 -1.06324e-6 1 0 0 0 1 0 0 1 0 0 1 0 0 1 0 0 1 0 0 1 0 0 1 1.06324e-6 -1 0 0.9999994 1.27742e-6 -0.001183986 -0.00104624 -7.3236e-7 -0.9999995 0 0 1 0 0 1 9.19604e-4 1.28572e-6 0.9999996 0.001057982 -1.30837e-5 0.9999995 0 0 1 0 0 1 -0.9999995 -1.60397e-6 0.001039803 1.16833e-6 -1 0 0.001057982 6.44325e-7 0.9999995 0.9999993 1.28351e-6 -0.001143813 -1.1683e-6 1 0 0 0 1 0 0 1 0.001140296 6.45051e-7 0.9999994 0.00104618 2.04645e-5 0.9999995 0 0 1 0 0 1 0 0 1 -0.9999992 -1.82524e-6 0.001216232 -1.06323e-6 1 0 0 0 1 0 0 1 0 0 1 0 0 1 0 0 1 0 0 1 0 0 1 1.06323e-6 -1 0 0.9999989 1.82505e-6 -0.001465916 -0.001250386 -1.09796e-6 -0.9999992 0 0 1 0 0 1 0.001140296 6.44318e-7 0.9999994 0.001250326 -2.40846e-5 0.9999993 0 0 1 0 0 1 -0.9999992 -1.92556e-6 0.00125724 1.16832e-6 -1 0 0.001233696 1.28662e-6 0.9999992 0.999999 1.60441e-6 -0.001389563 -1.16829e-6 1 0 0 0 1 0 0 1 0.001396656 6.44815e-7 0.999999 0.001237452 1.77402e-5 0.9999992 0 0 1 0 0 1 0 0 1 -0.9999989 -1.64192e-6 0.001449823 -1.06322e-6 1 0 0 0 1 0 0 1 0 0 1 0 0 1 0 0 1 0 0 1 0 0 1 1.06322e-6 -1 0 0.9999984 1.45958e-6 -0.001804232 -0.001531064 -7.32966e-7 -0.9999989 0 0 1 0 0 1 0.00140661 6.43928e-7 0.999999 0.001531004 -2.83876e-5 0.9999988 0 0 1 0 0 1 -0.9999989 -1.28328e-6 0.00150299 9.34645e-7 -1 0 0.001517772 6.46029e-7 0.9999988 0.9999985 1.28203e-6 -0.001720368 -9.34605e-7 1 0 0 0 1 0 0 1 0.001702427 6.44307e-7 0.9999986 0.001514077 2.12151e-5 0.9999989 0 0 1 0 0 1 0 0 1 -0.9999984 -1.82414e-6 0.001812279 -1.06319e-6 1 0 0 0 1 0 0 1 0 0 1 0 0 1 0 0 1 0 0 1 0 0 1 1.0632e-6 -1 0 0.9999973 1.4592e-6 -0.002319753 -0.001924514 -1.09884e-6 -0.9999982 0 0 1 0 0 1 0.001712262 6.4542e-7 0.9999986 0.001926481 -2.99073e-5 0.9999981 0 0 1 0 0 1 -0.9999982 -1.92515e-6 0.001890599 9.34621e-7 -1 0 0.001940131 1.28801e-6 0.9999982 0.9999976 1.28284e-6 -0.002183616 -9.34563e-7 1 0 0 0 1 0 0 1 0.002093076 1.28961e-6 0.9999978 0.001944005 4.25451e-5 0.9999982 0 0 1 0 0 1 0 0 1 -0.9999972 -1.45918e-6 0.002351939 -2.14705e-6 1 -8.04767e-6 0 0 1 0 0 1 0 0 1 0 0 1 0 0 1 0 0 1 0 0 1 1.06313e-6 -1 0 0.9999948 1.82374e-6 -0.003245949 -0.002583682 -7.34694e-7 -0.9999967 0 0 1 0 0 1 0.002102971 1.28965e-6 0.9999978 0.002581238 -7.15345e-5 0.9999967 0 0 1 0 0 1 -0.9999969 -2.56531e-6 0.002467155 9.34579e-7 -1 0 0.002605319 6.47136e-7 0.9999966 0.9999955 2.56464e-6 -0.002987146 -9.34481e-7 1 0 0 0 1 0 0 1 0.002990245 1.29e-6 0.9999955 0.002601861 8.43962e-5 0.9999967 0 0 1 0 0 1 0 0 1 -0.9999947 -1.82253e-6 0.003270149 -2.15735e-6 1 -8.04335e-6 0 0 1 0 0 1 0 0 1 0 0 1 0 0 1 0 0 1 0 0 1 0 -1 0 0.9999856 1.82024e-6 -0.005356431 -0.003902137 -7.3757e-7 -0.9999924 0 0 1 0 0 1 0.003246545 1.2905e-6 0.9999947 0.00390321 -1.59371e-4 0.9999923 0 0 1 0 0 1 -0.9999936 -1.92177e-6 0.003563702 9.34446e-7 -1 0 0.003796756 6.49431e-7 0.9999928 0.999989 1.60229e-6 -0.004679203 -2.8386e-6 1 -9.43984e-6 0 0 1 0 0 1 0.004844129 1.10274e-6 0.9999882 0.003793835 9.4429e-5 0.9999927 0 0 1 0 0 1 0 0 1 -0.9999855 -1.82019e-6 0.005396604 -2.19209e-6 1 -8.01015e-6 0 0 1 0 0 1 0 0 1 0 0 1 0 0 1 0 0 1 0 0 1 1.06093e-6 -1 0 0.9997782 1.43749e-6 -0.02106261 -0.00871247 -1.11154e-6 -0.999962 0 0 1 0 0 1 0.00534904 6.52411e-7 0.9999857 0.008719921 -9.67076e-4 0.9999615 0 0 1 0 0 1 -0.9999804 -1.92231e-6 0.006248474 9.33464e-7 -1 0 0.007861554 1.29936e-6 0.9999692 0.9999302 2.56072e-6 -0.01181614 -9.32401e-7 1 0 0 0 1 0 0 1 0.01433193 1.1165e-6 0.9998973 0.00786364 4.34853e-4 0.9999689 0 0 1 0 0 1 0 0 1 -0.9997478 -1.80928e-6 0.0224561 -3.79684e-6 1 -7.05479e-6 0 0 1 0 0 1 0 0 1 0 0 1 0 0 1 0 0 1 0 0 1 9.14654e-7 -1 -5.2e-7 0.8693303 1.24836e-6 -0.4942315 -0.2348986 -1.13897e-6 -0.9720199 0 0 1 0 0 1 0.04734796 7.32645e-7 0.9988784 0.2360149 -0.03811603 0.9710016 0 0 1 0 0 1 -0.997843 -1.88007e-6 0.06564503 8.79489e-7 -1 0 0.2270097 1.68802e-6 0.9738925 0.9139078 1.50005e-6 -0.4059218 -4.91898e-6 1 -9.40773e-6 0 0 1 0 0 1 0.435285 1.20318e-6 0.9002927 0.2267374 0.03179621 0.9734368 0 0 1 0 0 1 0 0 1 -0.8669757 -1.71784e-6 0.4983505 -6.81223e-7 1 3.91577e-7 0 0 1 0 0 1 0 0 1 0 0 1 0 0 1 0 0 1 0 0 1 3.31654e-6 -1 2.71236e-6 0.6383419 1.00113e-6 -0.7697529 -0.6481716 -1.6571e-6 -0.7614944 0 0 1 0 0 1 0.5219731 1.55353e-6 0.852962 0.6577336 -0.01886934 0.7530144 0 0 1 0 0 1 -0.8135439 -1.19338e-6 0.5815034 5.5318e-7 -1 -3.95401e-7 0.6573421 1.74436e-6 0.7535924 0.6782639 1.26912e-6 -0.7348185 -1.36384e-6 1 -2.42928e-7 0 0 1 0 0 1 0.7351561 2.32363e-6 0.6778978 0.6469643 0.02789473 0.76201 0 0 1 0 0 1 0 0 1 -0.6355208 -1.39264e-6 0.7720838 -3.35935e-7 1 4.08104e-7 0 0 1 0 0 1 0 0 1 0 0 1 0 0 1 0 0 1 0 0 1 1.00777e-6 -1 -1.22433e-6 0.2801707 8.25738e-7 -0.9599502 -0.8864462 -1.53424e-6 -0.4628317 0 0 1 0 0 1 0.7849106 1.72001e-6 0.6196091 0.8909111 -0.02557468 0.4534572 0 0 1 0 0 1 -0.5621217 -1.4438e-6 0.8270546 1.29932e-6 -1 1.57176e-7 0.8909042 2.28545e-6 0.4541912 0.3283129 9.94539e-7 -0.9445691 -9.50834e-6 1 -4.36744e-6 0 0 1 0 0 1 0.948329 1.81803e-6 0.3172886 0.8853783 0.03304862 0.4636951 0 0 1 0 0 1 0 0 1 -0.2775445 -8.71355e-7 0.9607128 -2.29201e-6 1 8.33263e-7 0 0 1 0 0 1 0 0 1 0 0 1 0 0 1 0 0 1 0 0 1 5.99169e-6 -1 5.60967e-7 -0.07976847 3.71198e-7 -0.9968134 -0.9957014 -1.77599e-6 -0.09262096 0 0 1 0 0 1 0.9664863 1.77984e-6 0.2567184 0.9961411 -0.02355241 0.08454638 0 0 1 0 0 1 -0.2065554 -7.11876e-7 0.9784349 1.20522e-6 -1 0 0.996369 1.89204e-6 0.08514082 -0.0208553 6.01816e-7 -0.9997825 -1.11368e-6 1 1.95699e-6 0 0 1 0 0 1 0.9986957 1.9568e-6 -0.05105853 0.9952243 0.02909469 0.09317731 0 0 1 0 0 1 0 0 1 0.08340954 -3.63149e-7 0.9965153 0 1 -2.65313e-7 0 0 1 0 0 1 0 0 1 0 0 1 0 0 1 0 0 1 0 0 1 3.86205e-6 -1 -1.03266e-6 -0.4980798 0 -0.8671312 -0.9471358 -1.99323e-6 0.3208328 0 0 1 0 0 1 0.9913869 2.65133e-6 -0.1309659 0.9447858 -0.03003102 -0.3263094 0 0 1 0 0 1 0.1715094 0 0.9851825 1.14305e-6 -1 -1.68884e-7 0.9453487 2.28177e-6 -0.3260611 -0.4341168 -2.57689e-7 -0.9008566 -4.16721e-7 1 1.80614e-6 0 0 1 0 0 1 0.8757825 1.99551e-6 -0.482706 0.9467844 0.034276 -0.320038 0 0 1 0 0 1 0 0 1 0.5018001 1.26566e-7 0.8649837 1.33887e-7 1 2.3079e-7 0 0 1 0 0 1 0 0 1 0 0 1 0 0 1 0 0 1 0 0 1 3.37483e-6 -1 -2.06974e-6 -0.7259979 -5.72271e-7 -0.6876968 -0.7311189 -1.61758e-6 0.6822502 0 0 1 0 0 1 0.8252168 2.02266e-6 -0.564816 0.7142313 -0.009859442 -0.6998404 0 0 1 0 0 1 0.5960187 3.75051e-7 0.8029705 3.09292e-7 -1 -1.53637e-6 0.7149277 2.16291e-6 -0.6991983 -0.7214005 -2.59712e-7 -0.692518 -9.3237e-6 1 5.62869e-6 0 0 1 0 0 1 0.6726118 1.57647e-6 -0.7399955 0.7323693 0.02674967 -0.6803821 0 0 1 0 0 1 0 0 1 0.7261648 3.70213e-7 0.6875207 -5.84908e-7 1 -5.53781e-7 0 0 1 0 0 1 0 0 1 0 0 1 0 0 1 0 0 1 0 0 1 5.84908e-7 -1 5.53781e-7 -0.7309231 -4.53527e-7 -0.6824599 -0.6668967 -1.47911e-6 0.7451503 0 0 1 0 0 1 0.669021 1.69444e-6 -0.7432436 0.6666541 -2.81906e-4 -0.7453672 0 0 1 0 0 1 0.7282027 5.22613e-7 0.6853618 6.75099e-6 -1 -6.48697e-6 0.6666536 2.24145e-6 -0.7453678 -0.7305015 -7.50167e-7 -0.6829111 -7.53241e-6 1 7.35996e-6 0 0 1 0 0 1 0.6654099 1.91151e-6 -0.7464781 0.6668967 4.87759e-4 -0.74515 0 0 1 0 0 1 0 0 1 0.7309424 5.87075e-7 0.6824392 1.96363e-7 1 1.83333e-7 0 0 1 0 0 1 0 0 1 0 0 1 0 0 1 0 0 1 0 0 1 5.8909e-7 -1 5.49999e-7 -0.7319353 -5.90078e-7 -0.6813743 -0.6645607 -2.0323e-6 0.7472342 0 0 1 0 0 1 0.6650083 2.30627e-6 -0.746836 0.6645232 -6.7933e-5 -0.7472676 0 0 1 0 0 1 0.7312493 2.82105e-7 0.6821104 0 -1 -1.51801e-6 0.6645254 1.57317e-6 -0.7472657 -0.731791 -6.44127e-7 -0.6815291 -7.51165e-6 1 7.38113e-6 0 0 1 0 0 1 0.664222 2.11978e-6 -0.7475354 0.6645613 1.01636e-4 -0.7472338 0 0 1 0 0 1 0 0 1 0.731935 3.23347e-7 0.6813746 -3.93303e-7 1 -3.66126e-7 0 0 1 0 0 1 0 0 1 0 0 1 0 0 1 0 0 1 0 0 1 0 -1 0 -0.7322732 -6.53419e-7 -0.681011 -0.663893 -1.72098e-6 0.7478276 0 0 1 0 0 1 0.6640188 2.03184e-6 -0.7477159 0.6638888 -2.37215e-5 -0.7478313 0 0 1 0 0 1 0.7320463 1.75256e-7 0.681255 5.1865e-7 -1 4.82674e-7 0.6638882 2.23929e-6 -0.7478318 -0.7322242 -7.54825e-7 -0.6810637 0 1 1.51787e-6 0 0 1 0 0 1 0.6637763 1.99873e-6 -0.7479311 0.6638927 3.15766e-5 -0.7478278 0 0 1 0 0 1 0 0 1 0.7322731 3.24102e-7 0.681011 -1.91285e-6 1 9.41573e-7 0 0 1 0 0 1 0 0 1 0 0 1 0 0 1 0 0 1 0 0 1 1.91287e-6 -1 -9.41596e-7 -0.7322773 -3.23622e-7 -0.6810066 -0.6637217 -1.78917e-6 0.7479796 0 0 1 0 0 1 0.6637358 1.90703e-6 -0.7479671 0.6637128 7.92941e-6 -0.7479875 0 0 1 0 0 1 0.7322965 4.10469e-7 0.680986 5.1888e-7 -1 4.82533e-7 0.6637139 1.999e-6 -0.7479865 -0.732294 -1.75255e-7 -0.6809886 0 1 1.51801e-6 0 0 1 0 0 1 0.6637334 1.69404e-6 -0.7479693 0.6637214 3.48881e-6 -0.7479799 0 0 1 0 0 1 0 0 1 0.7322636 6.53406e-7 0.6810214 -1.91314e-6 1 9.41357e-7 0 0 1 0 0 1 0 0 1 0 0 1 0 0 1 0 0 1 0 0 1 1.91311e-6 -1 -9.41311e-7 -0.7320715 -5.2825e-7 -0.6812279 -0.6638473 -1.97875e-6 0.7478681 0 0 1 0 0 1 0.66376 1.57283e-6 -0.7479457 0.6638405 2.63846e-5 -0.7478741 0 0 1 0 0 1 0.73224 2.84402e-7 0.6810467 0 -1 -1.51799e-6 0.663841 1.57287e-6 -0.7478737 -0.7321227 -2.82866e-7 -0.6811729 8.64658e-7 1 8.04463e-7 0 0 1 0 0 1 0.663944 1.5729e-6 -0.7477824 0.6638461 -1.73256e-5 -0.7478692 0 0 1 0 0 1 0 0 1 0.7320678 5.28238e-7 0.6812318 -1.12662e-6 1 1.67289e-6 0 0 1 0 0 1 0 0 1 0 0 1 0 0 1 0 0 1 0 0 1 4.56005e-6 -1 -3.92043e-6 -0.7319657 0 -0.6813415 -0.6640859 -2.03169e-6 0.7476563 0 0 1 0 0 1 0.6639989 2.10009e-6 -0.7477335 0.6640846 1.1928e-5 -0.7476575 0 0 1 0 0 1 0.732019 1.73716e-7 0.6812843 0 -1 -1.51793e-6 0.6641019 1.693e-6 -0.7476422 -0.7319217 0 -0.6813887 -5.18654e-7 1 -4.82826e-7 0 0 1 0 0 1 0.6641296 1.81524e-6 -0.7476176 0.6641001 -1.9831e-5 -0.7476438 0 0 1 0 0 1 0 0 1 0.7319736 6.52661e-7 0.681333 -1.12243e-6 1 1.67683e-6 0 0 1 0 0 1 0 0 1 0 0 1 0 0 1 0 0 1 0 0 1 2.692e-6 -1 -2.15863e-7 -0.7442004 -6.2714e-7 -0.6679564 -0.6616898 -1.89292e-6 0.7497777 0 0 1 0 0 1 0.6640258 2.11642e-6 -0.7477097 0.6616784 -0.001216769 -0.7497868 0 0 1 0 0 1 0.7321655 7.54369e-7 0.6811268 9.04614e-6 -1 -5.95424e-6 0.6628203 1.99262e-6 -0.7487785 -0.7357401 -1.01997e-6 -0.677264 8.67699e-7 1 7.98735e-7 0 0 1 0 0 1 0.6563434 2.65562e-6 -0.7544623 0.6628215 2.74741e-4 -0.7487774 0 0 1 0 0 1 0 0 1 0.7450263 3.57555e-7 0.6670351 -1.01622e-6 1 1.76527e-6 0 0 1 0 0 1 0 0 1 0 0 1 0 0 1 0 0 1 0 0 1 3.4396e-6 -1 -4.94598e-6 -0.9317754 -9.63462e-7 -0.3630352 -0.4985608 -1.49366e-6 0.8668548 0 0 1 0 0 1 0.6338638 1.77346e-6 -0.7734447 0.4988119 -0.02003031 -0.8664788 0 0 1 0 0 1 0.7815173 1.10419e-6 0.6238836 1.25702e-6 -1 -4.94956e-7 0.4841783 2.05638e-6 -0.8749694 -0.8983375 -7.3019e-7 -0.439306 -7.53546e-6 1 8.10078e-6 0 0 1 0 0 1 0.3992461 1.58782e-6 -0.9168437 0.4825392 0.03197932 -0.8752903 0 0 1 0 0 1 0 0 1 0.9352301 8.72585e-7 0.3540404 -9.90543e-7 1 -3.74968e-7 0 0 1 0 0 1 0 0 1 0 0 1 0 0 1 0 0 1 0 0 1 1.48581e-6 -1 5.62468e-7 -0.9999472 -1.08436e-6 -0.01027774 -0.08977186 -1.12404e-6 0.9959624 0 0 1 0 0 1 0.2505048 1.56581e-6 -0.9681154 0.05939298 -0.008037805 -0.9982023 0 0 1 0 0 1 0.9827101 1.02438e-6 0.1851508 1.08023e-6 -1 2.03526e-7 0.06057149 1.03835e-6 -0.9981639 -0.9998477 -6.25207e-7 -0.01745939 -1.12641e-6 1 0 0 0 1 0 0 1 0.01280564 9.79523e-7 -0.999918 0.09362095 0.03010386 -0.9951527 0 0 1 0 0 1 0 0 1 0.9999497 1.0828e-6 0.01003605 -1.06183e-6 1 0 0 0 1 0 0 1 0 0 1 0 0 1 0 0 1 0 0 1 0 0 1 1.06183e-6 -1 0 -1 -3.65302e-7 6.04098e-5 -0.003372669 -1.28074e-6 0.9999943 0 0 1 0 0 1 0.007346093 9.72577e-7 -0.999973 0.002981781 -4.37063e-4 -0.9999954 0 0 1 0 0 1 0.9999809 1.27629e-6 0.006172776 3.05916e-6 -1 -9.43416e-6 0.002980649 1.28809e-6 -0.9999955 -0.9999994 -9.61847e-7 -0.001039803 7.00181e-7 1 0 0 0 1 0 0 1 4.24508e-4 9.63319e-7 -0.9999999 0.003374576 6.86123e-4 -0.9999941 0 0 1 0 0 1 0 0 1 1 7.30569e-7 -9.26284e-5 0 1 0 0 0 1 0 0 1 0 0 1 0 0 1 0 0 1 0 0 1 0 0 1 1.05683e-6 -1 -4.02744e-6 -0.9999969 -1.09887e-6 0.002505004 0.001514077 -1.27664e-6 0.9999989 0 0 1 0 0 1 -4.55854e-4 1.2841e-6 -0.9999999 -0.001599669 -1.27522e-4 -0.9999986 0 0 1 0 0 1 0.9999996 4.82769e-7 -9.16945e-4 1.1677e-6 -1 0 -0.001595497 1.28347e-6 -0.9999988 -0.9999975 -9.6532e-7 0.002221405 -1.168e-6 1 0 0 0 1 0 0 1 -0.002354323 1.2757e-6 -0.9999973 -0.001514673 1.83191e-4 -0.9999988 0 0 1 0 0 1 0 0 1 0.9999969 8.24499e-7 -0.002505004 0 1 8.05464e-6 0 0 1 0 0 1 0 0 1 0 0 1 0 0 1 0 0 1 0 0 1 2.12637e-6 -1 0 -0.9999954 -7.33771e-7 0.003032565 0.002765536 -1.09264e-6 0.9999961 0 0 1 0 0 1 -0.002538681 9.61959e-7 -0.9999968 -0.002788901 -2.2405e-5 -0.9999962 0 0 1 0 0 1 0.9999963 3.23696e-7 -0.002736568 1.14191e-6 -1 -9.45609e-6 -0.002792477 9.62281e-7 -0.9999961 -0.9999954 -9.67063e-7 0.003024935 -1.1682e-6 1 0 0 0 1 0 0 1 -0.0029217 1.28142e-6 -0.9999957 -0.002764284 4.03246e-5 -0.9999963 0 0 1 0 0 1 0 0 1 0.9999954 8.2508e-7 -0.003036558 -2.1037e-6 1 8.06068e-6 0 0 1 0 0 1 0 0 1 0 0 1 0 0 1 0 0 1 0 0 1 1.06329e-6 -1 0 -0.9999961 -7.33524e-7 0.002807021 0.002840995 -1.09308e-6 0.999996 0 0 1 0 0 1 -0.002911865 1.28237e-6 -0.9999958 -0.002856492 2.30401e-5 -0.999996 0 0 1 0 0 1 0.9999954 6.4601e-7 -0.003034353 1.16839e-6 -1 0 -0.0028584 1.28332e-6 -0.9999959 -0.9999958 -9.669e-7 0.002897322 -1.1414e-6 1 9.45635e-6 0 0 1 0 0 1 -0.002724707 1.28162e-6 -0.9999963 -0.002841114 -1.17495e-5 -0.999996 0 0 1 0 0 1 0 0 1 0.9999961 1.09977e-6 -0.002807021 0 1 0 0 0 1 0 0 1 0 0 1 0 0 1 0 0 1 0 0 1 0 0 1 1.06335e-6 -1 0 -0.9999975 -8.69863e-7 0.002241194 0.002441227 -1.27627e-6 0.999997 0 0 1 0 0 1 -0.002670466 1.28252e-6 -0.9999964 -0.002424716 3.01898e-5 -0.9999971 0 0 1 0 0 1 0.9999963 4.85062e-7 -0.002703487 1.14552e-6 -1 -9.45606e-6 -0.002423048 1.28306e-6 -0.9999971 -0.9999971 -4.84643e-7 0.002377331 -1.16852e-6 1 0 0 0 1 0 0 1 -0.002258062 9.62458e-7 -0.9999974 -0.00243932 -3.75967e-5 -0.999997 0 0 1 0 0 1 0 0 1 0.9999975 8.70265e-7 -0.002235174 0 1 8.05462e-6 0 0 1 0 0 1 0 0 1 0 0 1 0 0 1 0 0 1 0 0 1 2.12673e-6 -1 0 -0.9999989 -8.23453e-7 0.001548469 0.001796901 -1.0942e-6 0.9999984 0 0 1 0 0 1 -0.002014577 1.2823e-6 -0.9999979 -0.00179708 5.3675e-5 -0.9999983 0 0 1 0 0 1 0.9999978 9.65873e-7 -0.002096176 1.16846e-6 -1 0 -0.001830399 1.28248e-6 -0.9999983 -0.9999985 -6.44294e-7 0.001692056 -1.16856e-6 1 0 0 0 1 0 0 1 -0.001493692 9.6222e-7 -0.9999989 -0.001828372 -3.07208e-5 -0.9999983 0 0 1 0 0 1 0 0 1 0.9999989 8.23442e-7 -0.001540422 0 1 8.05463e-6 0 0 1 0 0 1 0 0 1 0 0 1 0 0 1 0 0 1 0 0 1 1.06335e-6 -1 0 -0.9999997 -8.2275e-7 9.08161e-4 0.001159965 -1.09451e-6 0.9999994 0 0 1 0 0 1 -0.001423835 1.09444e-6 -0.9999989 -0.001159012 3.8127e-5 -0.9999993 0 0 1 0 0 1 0.999999 6.43903e-7 -0.001387178 9.34766e-7 -1 0 -0.001140475 9.6245e-7 -0.9999994 -0.9999994 -6.43454e-7 0.001037418 -9.34831e-7 1 0 0 0 1 0 0 1 -9.39416e-4 1.28364e-6 -0.9999996 -0.001140415 -4.80818e-5 -0.9999994 0 0 1 0 0 1 0 0 1 0.9999997 8.2275e-7 -9.08161e-4 -1.06332e-6 1 0 0 0 1 0 0 1 0 0 1 0 0 1 0 0 1 0 0 1 0 0 1 1.06332e-6 -1 0 -0.9999999 -8.90737e-7 4.57105e-4 6.2626e-4 -1.27774e-6 0.9999998 0 0 1 0 0 1 -7.91481e-4 1.28364e-6 -0.9999997 -6.27361e-4 2.98248e-5 -0.9999998 0 0 1 0 0 1 0.9999996 7.63544e-7 -7.96404e-4 9.34744e-7 -1 0 -6.2631e-4 9.62529e-7 -0.9999998 -0.9999999 -1.04414e-6 5.37632e-4 -9.3479e-7 1 0 0 0 1 0 0 1 -4.69687e-4 6.41631e-7 -0.9999999 -6.24408e-4 -2.82826e-5 -0.9999998 0 0 1 0 0 1 0 0 1 0.9999999 1.05061e-6 -4.57101e-4 -7.97472e-7 1 0 0 0 1 0 0 1 0 0 1 0 0 1 0 0 1 0 0 1 0 0 1 7.97472e-7 -1 0 -1 -1.03885e-6 1.90543e-4 2.91333e-4 -1.27798e-6 0.9999999 0 0 1 0 0 1 -3.96913e-4 1.28383e-6 -0.9999999 -2.91343e-4 1.78528e-5 -1 0 0 1 0 0 1 0.9999999 1.04394e-6 -3.85204e-4 9.32006e-7 -1 -9.45323e-6 -2.87905e-4 1.28394e-6 -1 -0.9999999 -1.04375e-6 2.32777e-4 -9.34756e-7 1 0 0 0 1 0 0 1 -1.9471e-4 1.28404e-6 -1 -2.87896e-4 -1.74663e-5 -1 0 0 1 0 0 1 0 0 1 1 1.03881e-6 -1.82993e-4 -7.96612e-7 1 8.05475e-6 0 0 1 0 0 1 0 0 1 0 0 1 0 0 1 0 0 1 0 0 1 7.97459e-7 -1 0 -1 -8.78891e-7 5.33624e-5 1.05263e-4 -1.09558e-6 1 0 0 1 0 0 1 -1.61291e-4 1.09551e-6 -1 -1.04201e-4 8.57989e-6 -1 0 0 1 0 0 1 1 7.42649e-7 -1.52135e-4 9.34711e-7 -1 0 -9.72115e-5 1.60523e-6 -1 -1 -7.42545e-7 7.1488e-5 -9.34726e-7 1 0 0 0 1 0 0 1 -6.15612e-5 1.2842e-6 -1 -9.90794e-5 -1.00865e-5 -1 0 0 1 0 0 1 0 0 1 1 8.78891e-7 -5.33624e-5 -1.06326e-6 1 0 0 0 1 0 0 1 0 0 1 0 0 1 0 0 1 0 0 1 0 0 1 1.06327e-6 -1 0 -1 -1.05002e-6 0 2.12652e-5 -1.27827e-6 1 0 0 1 0 0 1 -3.69391e-5 1.27826e-6 -1 -2.02021e-5 4.31665e-6 -1 0 0 1 0 0 1 1 7.22433e-7 -3.60394e-5 9.34708e-7 -1 0 -2.05637e-5 1.60529e-6 -1 -1 -7.22399e-7 9.45296e-6 -9.34713e-7 1 0 0 0 1 0 0 1 -7.31648e-6 1.28424e-6 -1 -2.05636e-5 -1.54995e-6 -1 0 0 1 0 0 1 0 0 1 1 8.67421e-7 -8.05464e-6 -1.06326e-6 1 0 0 0 1 0 0 1 0 0 1 0 0 1 0 0 1 0 0 1 0 0 1 1.06326e-6 -1 0 -1 -9.13063e-7 0 2.12652e-6 -1.09567e-6 1 0 0 1 0 0 1 -7.31651e-6 1.28424e-6 -1 -2.12652e-6 2.05914e-6 -1 0 0 1 0 0 1 1 8.82924e-7 -4.72648e-6 9.34703e-7 -1 0 0 1.28424e-6 -1 -1 -8.02652e-7 0 -9.34704e-7 1 0 0 0 1 0 0 1 6.76723e-7 9.63183e-7 -1 0 8.46954e-7 -1 0 0 1 0 0 1 0 0 1 1 9.13063e-7 0 -1.06326e-6 1 0 0 0 1 0 0 1 0 0 1 0 0 1 0 0 1 0 0 1 0 0 1 1.06326e-6 -1 0 -1 -8.21756e-7 0 0 -1.09568e-6 1 0 0 1 0 0 1 -4.25454e-6 9.63179e-7 -1 0 1.69391e-6 -1 0 0 1 0 0 1 1 8.02652e-7 0 1.16838e-6 -1 0 0 1.28424e-6 -1 -1 -8.02652e-7 0 -1.16838e-6 1 0 0 0 1 0 0 1 6.76723e-7 9.63183e-7 -1 0 8.46954e-7 -1 0 0 1 0 0 1 0 0 1 1 8.21756e-7 0 -1.06326e-6 1 8.05464e-6 0 0 1 0 0 1 0 0 1 0 0 1 0 0 1 0 0 1 0 0 1 1.06326e-6 -1 0 -1 -9.13063e-7 0 0 -1.09568e-6 1 0 0 1 0 0 1 -4.25455e-6 9.63179e-7 -1 0 1.69391e-6 -1 0 0 1 0 0 1 1 8.02652e-7 0 1.16838e-6 -1 0 0 1.28424e-6 -1 -1 -6.42122e-7 0 -1.16838e-6 1 0 0 0 1 0 0 1 6.76722e-7 9.63183e-7 -1 0 8.46954e-7 -1 0 0 1 0 0 1 0 0 1 1 9.13063e-7 0 -1.06326e-6 1 8.05464e-6 0 0 1 0 0 1 0 0 1 0 0 1 0 0 1 0 0 1 0 0 1 1.06326e-6 -1 0 -1 -9.13063e-7 0 0 -1.09568e-6 1 0 0 1 0 0 1 -4.25454e-6 9.6318e-7 -1 0 1.69391e-6 -1 0 0 1 0 0 1 1 6.42122e-7 0 1.16838e-6 -1 0 0 1.28424e-6 -1 -1 -6.42122e-7 0 -3.03778e-6 1 9.45296e-6 0 0 1 0 0 1 1.44814e-6 1.09568e-6 -1 0 8.46954e-7 -1 0 0 1 0 0 1 0 0 1 1 9.13063e-7 0 0 1 0 0 0 1 0 0 1 0 0 1 0 0 1 0 0 1 0 0 1 0 0 1 1.06326e-6 -1 0 -1 -1.00437e-6 0 0 -1.09568e-6 1 0 0 1 0 0 1 -4.25454e-6 9.6318e-7 -1 0 1.69391e-6 -1 0 0 1 0 0 1 1 6.42122e-7 0 1.16838e-6 -1 -9.45287e-6 0 1.28424e-6 -1 -1 -8.02652e-7 0 7.01027e-7 1 0 0 0 1 0 0 1 6.76723e-7 9.63183e-7 -1 0 8.46954e-7 -1 0 0 1 0 0 1 0 0 1 1 9.13063e-7 0 -2.1265e-6 1 8.05472e-6 0 0 1 0 0 1 0 0 1 0 0 1 0 0 1 0 0 1 0 0 1 1.06326e-6 -1 0 -1 -9.13069e-7 4.02735e-6 0 -1.27829e-6 1 0 0 1 0 0 1 -4.25455e-6 9.63179e-7 -1 0 1.69391e-6 -1 0 0 1 0 0 1 1 8.02652e-7 0 1.16837e-6 -1 0 0 1.28424e-6 -1 -1 -8.02653e-7 0 -3.03776e-6 1 9.45296e-6 0 0 1 0 0 1 -9.18599e-6 9.63176e-7 -1 -2.12652e-6 1.21219e-6 -1 0 0 1 0 0 1 0 0 1 1 1.00437e-6 0 -1.06325e-6 1 0 0 0 1 0 0 1 0 0 1 0 0 1 0 0 1 0 0 1 0 0 1 1.06325e-6 -1 0 -1 -9.13222e-7 1.08738e-4 2.97713e-5 -1.27826e-6 1 0 0 1 0 0 1 -8.41439e-6 1.09567e-6 -1 -2.87076e-5 -5.23285e-6 -1 0 0 1 0 0 1 1 9.63187e-7 -4.72648e-6 1.16836e-6 -1 0 -2.24322e-5 1.28423e-6 -1 -1 -9.63233e-7 5.19913e-5 -1.16835e-6 1 0 0 0 1 0 0 1 -7.82231e-5 9.63108e-7 -1 -2.24324e-5 3.8528e-6 -1 0 0 1 0 0 1 0 0 1 1 9.13177e-7 -1.0471e-4 -1.05823e-6 1 0 0 0 1 0 0 1 0 0 1 0 0 1 0 0 1 0 0 1 0 0 1 1.05823e-6 -1 0 -0.9993764 -1.13368e-6 0.03531056 0.004136204 -1.09113e-6 0.9999915 0 0 1 0 0 1 -1.42326e-4 9.63e-7 -1 -0.004195332 -0.002144336 -0.9999889 0 0 1 0 0 1 0.9999999 1.28444e-6 -2.07965e-4 9.33522e-7 -1 0 -0.001003384 1.28328e-6 -0.9999995 -0.9999842 -1.29145e-6 0.005624473 -9.32519e-7 1 0 0 0 1 0 0 1 -0.01646149 1.07749e-6 -0.9998645 -0.00100255 1.49336e-4 -0.9999995 0 0 1 0 0 1 0.9990051 1.14345e-6 -0.04459691 6.85939e-7 -1 4.00053e-6 -0.9300186 8.84774e-7 0.3675124 0 1 0 0 0 1 0.1689957 -8.94751e-7 0.9856168 0 0 1 0 0 1 0 0 1 0 0 1 0 0 1 0 0 1 0 0 1 0 0 1 0 0 1 -0.06084179 1.2428e-6 -0.9981474 -0.1702727 -0.01929509 -0.9852082 0 0 1 0 0 1 0.9968382 7.42137e-7 -0.0794593 -6.11372e-7 -1 2.07047e-7 -0.1531302 1.17077e-6 -0.988206 -0.9471588 -1.02013e-6 0.320765 2.43802e-6 1 -1.94338e-7 0 0 1 0 0 1 -0.3271471 6.43834e-7 -0.9449734 -0.1512061 0.03183436 -0.9879896 0 0 1 0 0 1 0 0 1 0.9285177 6.10326e-7 -0.3712882 -9.42691e-7 1 -1.82729e-6 0 0 1 0 0 1 0 0 1 0 0 1 0 0 1 0 0 1 0 0 1 1.34893e-6 -1 1.46808e-6 -0.7491163 -3.62909e-7 0.6624385 0.5709285 -3.91182e-7 0.8209998 0 0 1 0 0 1 -0.4233409 4.45825e-7 -0.9059705 -0.56792 -0.03128623 -0.8224889 0 0 1 0 0 1 0.8553969 6.07237e-7 -0.5179731 1.38721e-6 -1 3.47782e-7 -0.5944541 3.25493e-7 -0.8041296 -0.7567622 -6.62716e-7 0.6536903 -1.45627e-6 1 -4.91047e-7 0 0 1 0 0 1 -0.6416319 1.85858e-7 -0.7670128 -0.5952118 0.01011037 -0.8035052 0 0 1 0 0 1 0 0 1 0.7488241 6.20864e-7 -0.6627687 -1.10173e-6 1 -1.6868e-6 0 0 1 0 0 1 0 0 1 0 0 1 0 0 1 0 0 1 0 0 1 2.71051e-6 -1 2.62909e-7 -0.7374955 -5.04659e-7 0.6753521 0.6535532 -4.33517e-7 0.7568807 0 0 1 0 0 1 -0.6481956 2.80849e-7 -0.7614738 -0.6535493 -0.001203179 -0.7568831 0 0 1 0 0 1 0.7444162 4.28755e-7 -0.667716 -4.6602e-6 -1 -6.82805e-6 -0.6540515 -1.77114e-7 -0.75645 -0.7386503 -6.90727e-7 0.6740888 -5.26197e-7 1 4.71974e-7 0 0 1 0 0 1 -0.6575709 3.61446e-7 -0.7533927 -0.6540512 7.93402e-4 -0.7564498 0 0 1 0 0 1 0 0 1 0.7374362 5.04684e-7 -0.6754169 -2.7022e-6 1 -2.27049e-7 0 0 1 0 0 1 0 0 1 0 0 1 0 0 1 0 0 1 0 0 1 -1.51357e-6 -1 -1.31568e-6 -0.7343379 -5.6794e-7 0.6787841 0.6600652 -2.91004e-7 0.7512083 0 0 1 0 0 1 -0.6587743 4.80854e-7 -0.7523407 -0.6600654 -2.91184e-4 -0.7512081 0 0 1 0 0 1 0.7365338 5.42915e-7 -0.6764008 6.69594e-6 -1 6.54757e-6 -0.6601207 4.82336e-7 -0.7511596 -0.7348242 -6.71448e-7 0.6782576 -5.2151e-7 1 4.78929e-7 0 0 1 0 0 1 -0.6612071 3.58743e-7 -0.7502034 -0.6601205 2.46734e-4 -0.7511596 0 0 1 0 0 1 0 0 1 0.7343101 5.67954e-7 -0.6788141 4.15802e-6 1 4.29577e-6 0 0 1 0 0 1 0 0 1 0 0 1 0 0 1 0 0 1 0 0 1 1.91209e-6 -1 9.45594e-7 -0.7326787 -5.68781e-7 0.6805747 0.6625093 -3.57771e-7 0.7490537 0 0 1 0 0 1 -0.6618708 2.68845e-7 -0.7496179 -0.6625093 -1.43853e-4 -0.7490537 0 0 1 0 0 1 0.7339078 9.07419e-7 -0.6792491 5.19046e-7 -1 -4.81707e-7 -0.6624633 2.68319e-7 -0.7490944 -0.7329794 -6.72135e-7 0.6802509 -1.46776e-6 1 -2.34474e-7 0 0 1 0 0 1 -0.6632704 3.57201e-7 -0.7483798 -0.6624614 1.84288e-4 -0.749096 0 0 1 0 0 1 0 0 1 0.7326615 4.97139e-7 -0.6805932 -1.91381e-6 1 -9.41334e-7 0 0 1 0 0 1 0 0 1 0 0 1 0 0 1 0 0 1 0 0 1 -7.32702e-7 -1 -2.03851e-6 -0.731285 -5.07207e-7 0.6820721 0.6640495 -5.46149e-7 0.7476886 0 0 1 0 0 1 -0.6634004 4.25425e-7 -0.7482647 -0.6640497 -1.46977e-4 -0.7476885 0 0 1 0 0 1 0.7323642 3.27922e-7 -0.6809132 -5.69424e-6 -1 -7.47666e-6 -0.6641045 2.66858e-7 -0.7476398 -0.7315925 -6.72648e-7 0.6817423 -1.46828e-6 1 -2.31101e-7 0 0 1 0 0 1 -0.6645506 2.6646e-7 -0.7472432 -0.6641048 1.02335e-4 -0.7476395 0 0 1 0 0 1 0 0 1 0.7312695 5.69492e-7 -0.6820885 4.71701e-6 1 6.49697e-6 0 0 1 0 0 1 0 0 1 0 0 1 0 0 1 0 0 1 0 0 1 1.3754e-6 -1 -1.2829e-6 -0.7293716 -4.3725e-7 0.6841177 0.6657719 -3.55322e-7 0.7461554 0 0 1 0 0 1 -0.6650874 4.77291e-7 -0.7467656 -0.6657241 -1.44529e-4 -0.7461981 0 0 1 0 0 1 0.7309352 4.38214e-7 -0.6824469 2.67359e-6 -1 -9.02482e-7 -0.6657238 3.59363e-7 -0.7461983 -0.7298799 -5.6354e-7 0.6835755 -1.29616e-6 1 -3.89083e-7 0 0 1 0 0 1 -0.6665794 1.44982e-7 -0.745434 -0.6657714 1.85653e-4 -0.7461557 0 0 1 0 0 1 0 0 1 0.7293485 5.70454e-7 -0.6841424 -5.87955e-7 1 5.51513e-7 0 0 1 0 0 1 0 0 1 0 0 1 0 0 1 0 0 1 0 0 1 9.79917e-7 -1 -9.19196e-7 -0.7249211 -4.40263e-7 0.688832 0.6688461 -3.53e-7 0.7434009 0 0 1 0 0 1 -0.667338 4.08005e-7 -0.744755 -0.6687088 -3.13016e-4 -0.7435243 0 0 1 0 0 1 0.7287129 5.63765e-7 -0.6848194 1.2958e-6 -1 3.82895e-7 -0.6687092 2.62737e-7 -0.7435241 -0.7263219 -5.64218e-7 0.6873548 -1.2978e-6 1 -3.84379e-7 0 0 1 0 0 1 -0.6707121 6.64268e-7 -0.7417178 -0.6688469 4.29411e-4 -0.7434002 0 0 1 0 0 1 0 0 1 0.7248299 4.40324e-7 -0.688928 -5.84461e-7 1 5.55521e-7 0 0 1 0 0 1 0 0 1 0 0 1 0 0 1 0 0 1 0 0 1 9.74111e-7 -1 -9.25861e-7 -0.700013 -6.49468e-7 0.7141301 0.6800267 -4.68612e-7 0.7331874 0 0 1 0 0 1 -0.6725502 4.17755e-7 -0.7400515 -0.6785186 -0.001377344 -0.734582 0 0 1 0 0 1 0.722881 6.75778e-7 -0.6909726 -4.88384e-6 -1 -6.66996e-6 -0.678524 2.53841e-7 -0.7345783 -0.711395 -6.7968e-7 0.7027924 -5.10401e-7 1 4.87868e-7 0 0 1 0 0 1 -0.6913813 1.25969e-7 -0.7224901 -0.6800462 0.002671182 -0.7331644 0 0 1 0 0 1 0 0 1 0.6992651 4.569e-7 -0.7148624 6.04232e-6 1 5.20604e-6 0 0 1 0 0 1 0 0 1 0 0 1 0 0 1 0 0 1 0 0 1 -2.82939e-6 -1 -2.79912e-6 -0.3896477 0 0.920964 0.8003327 -3.83203e-7 0.5995562 0 0 1 0 0 1 -0.7075238 2.57948e-7 -0.7066896 -0.792146 -0.02219605 -0.6099279 0 0 1 0 0 1 0.6764923 5.71863e-7 -0.7364496 1.23889e-6 -1 1.42856e-7 -0.7928449 7.04765e-7 -0.6094235 -0.4705971 -4.34378e-7 0.8823482 -3.04658e-7 1 3.31655e-7 0 0 1 0 0 1 -0.8952429 2.44851e-7 -0.4455783 -0.8009349 0.03176903 -0.597908 0 0 1 0 0 1 0 0 1 0.3859393 0 -0.9225242 6.23173e-6 1 4.48783e-7 0 0 1 0 0 1 0 0 1 0 0 1 0 0 1 0 0 1 0 0 1 -1.64617e-6 -1 -1.18008e-6 0.02439945 2.82749e-7 0.9997023 0.9792859 -1.7883e-7 0.202482 0 0 1 0 0 1 -0.9311196 -1.70034e-7 -0.3647139 -0.9779061 -0.02893137 -0.2070332 0 0 1 0 0 1 0.3136609 0 -0.9495351 1.15536e-6 -1 0 -0.9783796 0 -0.2068177 -0.06718003 3.20336e-7 0.9977408 -1.2101e-6 1 0 0 0 1 0 0 1 -0.9997947 -3.74399e-7 -0.02025884 -0.9788821 0.03231346 -0.201856 0 0 1 0 0 1 0 0 1 -0.02845937 -5.5801e-7 -0.9995949 6.15773e-6 1 -3.30297e-7 0 0 1 0 0 1 0 0 1 0 0 1 0 0 1 0 0 1 0 0 1 -2.05253e-6 -1 0 0.3327097 7.85002e-7 0.9430293 0.982612 2.57157e-7 -0.1856706 0 0 1 0 0 1 -0.9976721 0 0.06819385 -0.9827622 -0.02039229 0.1837462 0 0 1 0 0 1 -0.0987721 -4.79237e-7 -0.99511 1.19851e-6 -1 0 -0.982954 0 0.1838519 0.2556117 6.20791e-7 0.9667795 -1.16119e-6 1 0 0 0 1 0 0 1 -0.9522188 1.95205e-7 0.3054167 -0.9823379 0.02175003 0.1858474 0 0 1 0 0 1 0 0 1 -0.337008 -8.96769e-7 -0.9415017 3.90575e-7 1 3.94158e-7 0 0 1 0 0 1 0 0 1 0 0 1 0 0 1 0 0 1 0 0 1 -2.97716e-6 -1 2.65071e-6 0.7038672 1.16154e-6 0.7103316 0.8307524 -1.54013e-7 -0.5566422 0 0 1 0 0 1 -0.9179063 -3.34616e-7 0.3967972 -0.8282097 -0.03305464 0.5594426 0 0 1 0 0 1 -0.4273462 -8.54943e-7 -0.9040881 1.40375e-6 -1 -1.35352e-7 -0.8287966 1.8641e-7 0.5595501 0.6397037 9.04317e-7 0.7686216 -1.85138e-7 1 -3.9168e-7 0 0 1 0 0 1 -0.7244385 0 0.6893394 -0.830612 0.03035545 0.5560235 0 0 1 0 0 1 0 0 1 -0.707059 -1.16213e-6 -0.7071545 4.56261e-6 1 -6.81816e-6 0 0 1 0 0 1 0 0 1 0 0 1 0 0 1 0 0 1 0 0 1 1.77604e-6 -1 7.15069e-7 0.9276366 1.42561e-6 0.3734842 0.5285599 -1.37468e-7 -0.848896 0 0 1 0 0 1 -0.6564124 -1.47827e-7 0.7544023 -0.526416 -0.02888298 0.8497364 0 0 1 0 0 1 -0.7695092 -1.56134e-6 -0.6386357 1.4253e-6 -1 -6.01732e-7 -0.5267354 -1.30634e-7 0.8500294 0.8941787 1.43583e-6 0.4477103 -1.28863e-6 1 4.51667e-7 0 0 1 0 0 1 -0.3942649 1.67297e-7 0.9189968 -0.5286547 0.02718931 0.8484014 0 0 1 0 0 1 0 0 1 -0.9290471 -1.28817e-6 -0.3699615 -1.08578e-6 1 0 0 0 1 0 0 1 0 0 1 0 0 1 0 0 1 0 0 1 0 0 1 5.42885e-7 -1 0 0.9999372 1.8342e-6 0.01121205 0.1677435 -5.36308e-7 -0.9858307 0 0 1 0 0 1 -0.3228619 3.3758e-7 0.9464461 -0.1685047 -0.02834928 0.9852932 0 0 1 0 0 1 -0.9528 -1.72448e-6 -0.3035984 1.11207e-6 -1 0 -0.164497 3.16493e-7 0.9863775 0.9996227 1.94328e-6 0.02747017 -1.00804e-6 1 -3.21208e-7 0 0 1 0 0 1 -0.0160309 7.01082e-7 0.9998716 -0.1646883 0.02582144 0.9860076 0 0 1 0 0 1 0 0 1 -0.9999403 -1.83798e-6 -0.01092195 -1.06326e-6 1 0 0 0 1 0 0 1 0 0 1 0 0 1 0 0 1 0 0 1 0 0 1 1.07983e-6 -1 -4.0253e-6 0.9999983 1.64488e-6 0.001868665 0.004114806 -1.08815e-6 -0.9999915 0 0 1 0 0 1 -0.007451593 6.2775e-7 0.9999723 -0.004116237 -5.73382e-4 0.9999914 0 0 1 0 0 1 -0.9999796 -1.93042e-6 -0.006380677 9.33852e-7 -1 0 -0.003605604 6.35172e-7 0.9999935 0.9999969 1.92796e-6 0.002495527 -9.33123e-7 1 0 0 0 1 0 0 1 -0.002125203 7.26956e-7 0.9999976 -0.00360465 2.55158e-4 0.9999935 0 0 1 0 0 1 0 0 1 -0.9999983 -1.82748e-6 -0.001852512 -2.12652e-6 1 0 0 0 1 0 0 1 0 0 1 0 0 1 0 0 1 0 0 1 0 0 1 1.05888e-6 -1 4.0281e-6 0.9999997 1.64405e-6 7.32972e-4 0.001086652 -7.28465e-7 -0.9999994 0 0 1 0 0 1 -0.001412451 1.28152e-6 0.9999991 -0.001086473 -5.72848e-5 0.9999994 0 0 1 0 0 1 -0.9999989 -1.92733e-6 -0.00150299 9.34551e-7 -1 0 -0.001065254 6.4007e-7 0.9999995 0.9999996 1.92752e-6 8.98026e-4 -9.34438e-7 1 0 0 0 1 0 0 1 -8.02292e-4 1.09421e-6 0.9999997 -0.001065373 4.5787e-5 0.9999994 0 0 1 0 0 1 0 0 1 -0.9999997 -1.82667e-6 -7.41027e-4 -1.06327e-6 1 0 0 0 1 0 0 1 0 0 1 0 0 1 0 0 1 0 0 1 0 0 1 2.12654e-6 -1 0 0.9999999 1.46117e-6 3.70514e-4 4.72091e-4 -7.29588e-7 -0.9999999 0 0 1 0 0 1 -5.67756e-4 7.29517e-7 0.9999999 -4.72069e-4 -1.54723e-5 0.9999999 0 0 1 0 0 1 -0.9999998 -1.92677e-6 -6.33345e-4 9.34639e-7 -1 0 -4.82255e-4 1.28347e-6 0.9999998 0.9999999 1.92664e-6 4.25389e-4 -9.346e-7 1 0 0 0 1 0 0 1 -3.50811e-4 7.29938e-7 0.9999999 -4.82275e-4 2.35416e-5 0.9999999 0 0 1 0 0 1 0 0 1 -0.9999999 -1.46131e-6 -3.70514e-4 -1.06327e-6 1 0 0 0 1 0 0 1 0 0 1 0 0 1 0 0 1 0 0 1 0 0 1 1.06327e-6 -1 0 1 1.46112e-6 2.01366e-4 2.50931e-4 -1.09531e-6 -1 0 0 1 0 0 1 -3.5131e-4 6.41558e-7 1 -2.50926e-4 -1.619e-5 1 0 0 1 0 0 1 -1 -1.92677e-6 -3.11946e-4 9.34679e-7 -1 0 -2.28058e-4 6.41683e-7 1 1 1.92666e-6 2.2687e-4 -9.34663e-7 1 0 0 0 1 0 0 1 -2.02863e-4 7.30117e-7 1 -2.28062e-4 3.59731e-6 0.9999999 0 0 1 0 0 1 0 0 1 -1 -1.4611e-6 -1.8526e-4 -2.12653e-6 1 0 0 0 1 0 0 1 0 0 1 0 0 1 0 0 1 0 0 1 0 0 1 1.59489e-6 -1 0 1 1.82623e-6 9.66557e-5 1.23338e-4 -1.0955e-6 -1 0 0 1 0 0 1 -1.93516e-4 6.41749e-7 1 -1.25463e-4 -1.06361e-5 1 0 0 1 0 0 1 -1 -1.92647e-6 -1.607e-4 9.34681e-7 -1 0 -1.04683e-4 1.28404e-6 1 1 1.60538e-6 1.2289e-4 -9.34672e-7 1 0 0 0 1 0 0 1 -1.11973e-4 1.09547e-6 1 -1.23337e-4 4.24372e-6 1 0 0 1 0 0 1 0 0 1 -1 -1.46096e-6 -8.86011e-5 0 1 0 0 0 1 0 0 1 0 0 1 0 0 1 0 0 1 0 0 1 0 0 1 1.59489e-6 -1 0 1 1.27832e-6 3.22186e-5 4.67834e-5 -7.30382e-7 -1 0 0 1 0 0 1 -1.0211e-4 1.09553e-6 1 -2.99099e-5 -1.18021e-5 1 0 0 1 0 0 1 -1 -1.60535e-6 -7.56247e-5 9.34686e-7 -1 0 -3.36485e-5 1.28419e-6 1 1 1.92639e-6 3.78124e-5 -9.34681e-7 1 0 0 0 1 0 0 1 -3.51971e-5 7.30392e-7 1 -4.89095e-5 3.31855e-6 1 0 0 1 0 0 1 0 0 1 -1 -1.82616e-6 -3.22191e-5 -1.06326e-6 1 0 0 0 1 0 0 1 0 0 1 0 0 1 0 0 1 0 0 1 0 0 1 2.12653e-6 -1 0 1 1.64349e-6 -2.41639e-5 -4.25305e-6 -1.09568e-6 -1 0 0 1 0 0 1 -2.21105e-5 1.28421e-6 1 1.12163e-5 -7.0081e-6 1 0 0 1 0 0 1 -1 -1.60531e-6 -9.45309e-6 -9.34584e-7 -1 9.4531e-6 1.12162e-5 6.42138e-7 1 1 1.44477e-6 -9.45309e-6 -9.34685e-7 1 0 0 0 1 0 0 1 1.36014e-5 6.42139e-7 1 7.47751e-6 3.79749e-6 1 0 0 1 0 0 1 0 0 1 -1 -1.64349e-6 2.41639e-5 -1.06326e-6 1 0 0 0 1 0 0 1 0 0 1 0 0 1 0 0 1 0 0 1 0 0 1 1.59507e-6 -1 4.02723e-6 1 1.64347e-6 -6.04098e-5 -4.25305e-5 -7.3052e-7 -1 0 0 1 0 0 1 2.34645e-5 6.4216e-7 1 4.1126e-5 -1.98143e-6 1 0 0 1 0 0 1 -1 -1.60527e-6 2.83587e-5 -7.00623e-7 -1 9.45295e-6 4.11258e-5 1.28431e-6 1 1 1.60524e-6 -5.1992e-5 -1.16835e-6 1 0 0 0 1 0 0 1 6.29151e-5 6.42223e-7 1 4.46569e-5 5.8816e-6 1 0 0 1 0 0 1 0 0 1 -1 -1.82608e-6 6.04098e-5 0 1 0 0 0 1 0 0 1 0 0 1 0 0 1 0 0 1 0 0 1 0 0 1 1.5952e-6 -1 4.02722e-6 1 1.73472e-6 -9.26284e-5 -7.4429e-5 -7.30586e-7 -1 0 0 1 0 0 1 6.55568e-5 1.09579e-6 1 6.72977e-5 1.99332e-6 1 0 0 1 0 0 1 -1 -1.60522e-6 6.61704e-5 1.16836e-6 -1 0 6.72973e-5 1.28433e-6 1 1 1.44472e-6 -8.98044e-5 -1.16836e-6 1 0 0 0 1 0 0 1 8.52829e-5 1.09582e-6 1 6.72976e-5 5.38118e-6 1 0 0 1 0 0 1 0 0 1 -1 -1.73472e-6 9.26284e-5 -2.12653e-6 1 0 0 0 1 0 0 1 0 0 1 0 0 1 0 0 1 0 0 1 0 0 1 1.06326e-6 -1 0 1 1.73473e-6 -1.24849e-4 -1.08453e-4 -1.09586e-6 -1 0 0 1 0 0 1 1.05005e-4 1.09586e-6 1 1.10579e-4 1.335e-6 1 0 0 1 0 0 1 -1 -1.60518e-6 9.92556e-5 1.16836e-6 -1 0 1.12162e-4 1.28441e-6 1 1 1.60523e-6 -1.2289e-4 -1.16836e-6 1 0 0 0 1 0 0 1 1.05009e-4 1.09586e-6 1 1.12163e-4 1.06371e-6 1 0 0 1 0 0 1 0 0 1 -1 -1.64342e-6 1.24847e-4 -1.06326e-6 1 0 0 0 1 0 0 1 0 0 1 0 0 1 0 0 1 0 0 1 0 0 1 1.59489e-6 -1 0 1 1.8716e-6 -1.59079e-4 -1.38224e-4 -7.30677e-7 -1 0 0 1 0 0 1 1.12741e-4 7.30635e-7 1 1.36097e-4 -4.74162e-6 1 0 0 1 0 0 1 -1 -1.44469e-6 1.27617e-4 1.16836e-6 -1 0 1.45811e-4 6.42344e-7 1 1 1.60521e-6 -1.53613e-4 -1.16836e-6 1 0 0 0 1 0 0 1 1.44458e-4 1.09593e-6 1 1.42073e-4 2.70197e-6 1 0 0 1 0 0 1 0 0 1 -1 -1.689e-6 1.55052e-4 0 1 0 0 0 1 0 0 1 0 0 1 0 0 1 0 0 1 0 0 1 0 0 1 1.06326e-6 -1 0 1 1.73461e-6 -1.91298e-4 -1.59489e-4 -1.09594e-6 -1 0 0 1 0 0 1 1.44455e-4 1.09592e-6 1 1.49551e-4 1.41713e-6 1 0 0 1 0 0 1 -1 -1.6052e-6 1.60703e-4 1.16837e-6 -1 0 1.49551e-4 6.4235e-7 1 1 1.52481e-6 -1.79605e-4 -1.16837e-6 1 0 0 0 1 0 0 1 1.93767e-4 1.096e-6 1 1.5329e-4 7.55062e-6 1 0 0 1 0 0 1 0 0 1 -1 -1.78026e-6 1.91298e-4 -1.06326e-6 1 0 0 0 1 0 0 1 0 0 1 0 0 1 0 0 1 0 0 1 0 0 1 1.06326e-6 -1 0 1 1.73474e-6 -2.21503e-4 -1.93513e-4 -1.09602e-6 -1 0 0 1 0 0 1 1.9113e-4 6.42429e-7 1 1.94415e-4 4.88035e-7 1 0 0 1 0 0 1 -1 -1.68544e-6 1.96152e-4 1.16836e-6 -1 0 1.94414e-4 6.42473e-7 1 1 1.80569e-6 -2.13872e-4 -1.16836e-6 1 0 0 0 1 0 0 1 2.01504e-4 7.308e-7 1 1.95639e-4 2.77165e-7 1 0 0 1 0 0 1 0 0 1 -1 -1.73458e-6 2.20496e-4 -2.12653e-6 1 0 0 0 1 0 0 1 0 0 1 0 0 1 0 0 1 0 0 1 0 0 1 1.06326e-6 -1 0 1 1.91715e-6 -2.59259e-4 -2.31792e-4 -1.09608e-6 -1 0 0 1 0 0 1 1.91134e-4 6.42437e-7 1 2.39279e-4 -7.21635e-6 0.9999999 0 0 1 0 0 1 -1 -1.64529e-6 2.24511e-4 9.34682e-7 -1 0 2.35539e-4 6.42514e-7 1 1 1.96634e-6 -2.50502e-4 -9.34679e-7 1 0 0 0 1 0 0 1 2.40444e-4 6.42595e-7 0.9999999 2.31791e-4 4.23237e-6 1 0 0 1 0 0 1 0 0 1 -1 -1.73463e-6 2.59259e-4 0 1 0 0 0 1 0 0 1 0 0 1 0 0 1 0 0 1 0 0 1 0 0 1 1.06327e-6 -1 0 1 1.73306e-6 -3.0507e-4 -2.57312e-4 -7.30897e-7 -1 0 0 1 0 0 1 2.50826e-4 7.30885e-7 0.9999999 2.46758e-4 1.66231e-6 1 0 0 1 0 0 1 -1 -1.66517e-6 2.59955e-4 9.34683e-7 -1 0 2.50495e-4 6.42612e-7 1 1 1.64758e-6 -2.86394e-4 -9.34688e-7 1 0 0 0 1 0 0 1 2.83639e-4 1.28471e-6 1 2.50496e-4 6.10221e-6 1 0 0 1 0 0 1 0 0 1 -1 -1.90294e-6 3.052e-4 -7.97448e-7 1 0 0 0 1 0 0 1 0 0 1 0 0 1 0 0 1 0 0 1 0 0 1 7.97449e-7 -1 0 0.9999999 1.57465e-6 -3.50377e-4 -3.16852e-4 -7.31053e-7 -0.9999999 0 0 1 0 0 1 3.09483e-4 6.42634e-7 1 3.14724e-4 1.84611e-6 1 0 0 1 0 0 1 -1 -1.65507e-6 3.13423e-4 9.34676e-7 -1 0 3.14051e-4 1.28477e-6 1 1 1.64522e-6 -3.3972e-4 -9.34681e-7 1 0 0 0 1 0 0 1 3.1213e-4 1.09622e-6 0.9999999 3.14053e-4 1.96244e-6 0.9999999 0 0 1 0 0 1 0 0 1 -0.9999999 -1.73444e-6 3.50377e-4 -7.97444e-7 1 0 0 0 1 0 0 1 0 0 1 0 0 1 0 0 1 0 0 1 0 0 1 7.97444e-7 -1 0 0.9999999 1.7572e-6 -4.04746e-4 -3.61508e-4 -1.0963e-6 -0.9999999 0 0 1 0 0 1 3.19854e-4 7.31012e-7 0.9999999 3.59379e-4 -7.51824e-6 1 0 0 1 0 0 1 -0.9999999 -1.96626e-6 3.67489e-4 9.34681e-7 -1 0 3.62656e-4 1.28484e-6 1 0.9999999 1.64518e-6 -3.94667e-4 -9.34686e-7 1 0 0 0 1 0 0 1 3.91024e-4 1.09635e-6 1 3.62658e-4 7.16458e-6 1 0 0 1 0 0 1 0 0 1 -0.9999999 -1.91699e-6 4.03739e-4 -1.06326e-6 1 0 0 0 1 0 0 1 0 0 1 0 0 1 0 0 1 0 0 1 0 0 1 1.06326e-6 -1 0 0.9999999 1.55169e-6 -4.67169e-4 -3.99785e-4 -1.09644e-6 -0.9999999 0 0 1 0 0 1 4.01976e-4 1.28489e-6 0.9999999 4.00048e-4 7.41811e-7 0.9999999 0 0 1 0 0 1 -0.9999999 -1.60504e-6 4.20662e-4 9.34687e-7 -1 0 3.96307e-4 1.28485e-6 1 0.9999999 1.60502e-6 -4.49022e-4 -9.34692e-7 1 0 0 0 1 0 0 1 4.0088e-4 1.09628e-6 1 3.96309e-4 3.07769e-6 0.9999999 0 0 1 0 0 1 0 0 1 -0.9999999 -1.73431e-6 4.65163e-4 -1.06326e-6 1 0 0 0 1 0 0 1 0 0 1 0 0 1 0 0 1 0 0 1 0 0 1 1.59688e-6 -1 4.02664e-6 0.9999999 1.68857e-6 -5.41675e-4 -4.93353e-4 -1.09653e-6 -0.9999999 0 0 1 0 0 1 5.00609e-4 1.28501e-6 0.9999999 4.93513e-4 0 0.9999999 0 0 1 0 0 1 -0.9999999 -1.60499e-6 4.93924e-4 9.34677e-7 -1 0 4.93509e-4 6.43033e-7 1 0.9999999 1.60463e-6 -5.29363e-4 -9.34685e-7 1 0 0 0 1 0 0 1 4.97375e-4 7.3129e-7 0.9999999 4.93347e-4 0 0.9999999 0 0 1 0 0 1 0 0 1 -0.9999999 -1.68857e-6 5.41675e-4 -1.06327e-6 1 0 0 0 1 0 0 1 0 0 1 0 0 1 0 0 1 0 0 1 0 0 1 1.06327e-6 -1 0 0.9999998 1.73412e-6 -6.40344e-4 -5.59282e-4 -1.09662e-6 -0.9999998 0 0 1 0 0 1 4.97396e-4 7.3129e-7 0.9999999 5.64549e-4 -1.22626e-5 0.9999998 0 0 1 0 0 1 -0.9999998 -1.84538e-6 5.62448e-4 1.16834e-6 -1 0 5.64543e-4 1.28515e-6 0.9999998 0.9999998 1.60491e-6 -6.09724e-4 -1.16835e-6 1 0 0 0 1 0 0 1 6.08012e-4 1.09667e-6 0.9999998 5.6081e-4 1.03999e-5 0.9999999 0 0 1 0 0 1 0 0 1 -0.9999998 -1.36914e-6 6.24235e-4 -1.06327e-6 1 0 0 0 1 0 0 1 0 0 1 0 0 1 0 0 1 0 0 1 0 0 1 1.06327e-6 -1 0 0.9999997 1.73429e-6 -7.28945e-4 -6.31585e-4 -7.31315e-7 -0.9999998 0 0 1 0 0 1 6.15748e-4 7.31462e-7 0.9999998 6.1315e-4 1.41107e-6 0.9999998 0 0 1 0 0 1 -0.9999998 -1.60446e-6 6.56977e-4 1.16834e-6 -1 0 6.16883e-4 6.43112e-7 0.9999998 0.9999997 1.60441e-6 -6.99515e-4 -1.16835e-6 1 0 0 0 1 0 0 1 6.94652e-4 7.31718e-7 0.9999998 6.16889e-4 1.26265e-5 0.9999998 0 0 1 0 0 1 0 0 1 -0.9999997 -1.73402e-6 7.32972e-4 -1.06326e-6 1 0 0 0 1 0 0 1 0 0 1 0 0 1 0 0 1 0 0 1 0 0 1 1.06326e-6 -1 0 0.9999997 1.73388e-6 -8.53792e-4 -7.57043e-4 -1.09699e-6 -0.9999997 0 0 1 0 0 1 7.53296e-4 6.4321e-7 0.9999997 7.54906e-4 7.77345e-7 0.9999997 0 0 1 0 0 1 -0.9999997 -1.44429e-6 7.60974e-4 1.16833e-6 -1 0 7.58942e-4 1.28497e-6 0.9999997 0.9999996 1.60476e-6 -8.41325e-4 -1.16834e-6 1 0 0 0 1 0 0 1 7.43449e-4 6.43315e-7 0.9999997 7.58954e-4 0 0.9999997 0 0 1 0 0 1 0 0 1 -0.9999997 -1.73387e-6 8.69901e-4 -1.06327e-6 1 0 0 0 1 0 0 1 0 0 1 0 0 1 0 0 1 0 0 1 0 0 1 1.06327e-6 -1 0 0.9999995 1.825e-6 -0.001022934 -8.93147e-4 -1.09722e-6 -0.9999996 0 0 1 0 0 1 7.63682e-4 7.31775e-7 0.9999997 9.30931e-4 -2.94534e-5 0.9999996 0 0 1 0 0 1 -0.9999996 -1.44421e-6 8.74411e-4 1.16834e-6 -1 0 9.30911e-4 6.44065e-7 0.9999996 0.9999995 1.60406e-6 -9.68923e-4 -1.16832e-6 1 0 0 0 1 0 0 1 9.31348e-4 7.32066e-7 0.9999995 9.30931e-4 -6.56983e-7 0.9999996 0 0 1 0 0 1 0 0 1 -0.9999995 -1.82538e-6 0.001022934 -1.06326e-6 1 0 0 0 1 0 0 1 0 0 1 0 0 1 0 0 1 0 0 1 0 0 1 1.06326e-6 -1 0 0.9999992 1.82524e-6 -0.001208186 -0.00104624 -7.3236e-7 -0.9999994 0 0 1 0 0 1 9.31337e-4 7.3181e-7 0.9999995 0.00104618 -2.04621e-5 0.9999994 0 0 1 0 0 1 -0.9999995 -2.08622e-6 0.001053988 1.16831e-6 -1 0 0.001057982 6.43481e-7 0.9999995 0.9999993 2.56773e-6 -0.001181602 -1.16833e-6 1 0 0 0 1 0 0 1 0.001138448 7.31905e-7 0.9999993 0.001054286 1.54178e-5 0.9999995 0 0 1 0 0 1 0 0 1 -0.9999992 -1.82479e-6 0.001216232 -1.06326e-6 1 0 0 0 1 0 0 1 0 0 1 0 0 1 0 0 1 0 0 1 0 0 1 1.06326e-6 -1 0 0.9999989 1.82452e-6 -0.001465916 -0.001250386 -1.09796e-6 -0.9999992 0 0 1 0 0 1 0.001138448 7.32321e-7 0.9999993 0.001237452 -1.60431e-5 0.9999993 0 0 1 0 0 1 -0.9999992 -1.92475e-6 0.001257181 1.16829e-6 -1 0 0.001237452 6.44108e-7 0.9999992 0.999999 1.92547e-6 -0.00139898 -1.16832e-6 1 0 0 0 1 0 0 1 0.001394808 7.32997e-7 0.9999991 0.001250326 2.57825e-5 0.9999993 0 0 1 0 0 1 0 0 1 -0.9999989 -1.82454e-6 0.001441776 -1.06327e-6 1 0 0 0 1 0 0 1 0 0 1 0 0 1 0 0 1 0 0 1 0 0 1 1.60107e-6 -1 4.02501e-6 0.9999984 1.64219e-6 -0.001812279 -0.001528978 -1.09847e-6 -0.9999989 0 0 1 0 0 1 0.001396954 1.09797e-6 0.9999991 0.001514077 -1.78209e-5 0.9999989 0 0 1 0 0 1 -0.9999988 -2.5675e-6 0.00154078 9.34612e-7 -1 0 0.001514017 1.28619e-6 0.9999989 0.9999985 1.28314e-6 -0.001720428 -9.34645e-7 1 0 0 0 1 0 0 1 0.00170058 7.32933e-7 0.9999986 0.001528859 3.04522e-5 0.9999988 0 0 1 0 0 1 0 0 1 -0.9999984 -1.82414e-6 0.001812279 -1.06327e-6 1 0 0 0 1 0 0 1 0 0 1 0 0 1 0 0 1 0 0 1 0 0 1 1.60265e-6 -1 4.02442e-6 0.9999973 1.64096e-6 -0.00232774 -0.001924514 -1.09919e-6 -0.9999982 0 0 1 0 0 1 0.001702666 1.09878e-6 0.9999985 0.00194025 -3.85074e-5 0.9999982 0 0 1 0 0 1 -0.9999982 -1.92394e-6 0.00189054 9.34567e-7 -1 0 0.001943886 6.44617e-7 0.9999981 0.9999975 2.56563e-6 -0.002221405 -9.34625e-7 1 0 0 0 1 0 0 1 0.002104878 7.33524e-7 0.9999977 0.001924335 3.02733e-5 0.9999981 0 0 1 0 0 1 0 0 1 -0.9999973 -1.82356e-6 0.002335846 -1.06326e-6 1 0 0 0 1 0 0 1 0 0 1 0 0 1 0 0 1 0 0 1 0 0 1 1.6053e-6 -1 4.02364e-6 0.9999947 1.64113e-6 -0.003254055 -0.002581596 -1.10039e-6 -0.9999967 0 0 1 0 0 1 0.002114713 7.33538e-7 0.9999977 0.002601861 -8.43978e-5 0.9999966 0 0 1 0 0 1 -0.999997 -1.92479e-6 0.00244832 9.34478e-7 -1 0 0.002601563 1.29092e-6 0.9999966 0.9999957 1.92255e-6 -0.002968251 -9.34575e-7 1 0 0 0 1 0 0 1 0.003001987 7.35929e-7 0.9999955 0.002581238 7.15423e-5 0.9999967 0 0 1 0 0 1 0 0 1 -0.9999947 -1.64112e-6 0.003262162 -1.06326e-6 1 0 0 0 1 0 0 1 0 0 1 0 0 1 0 0 1 0 0 1 0 0 1 0 -1 0 0.9999856 1.82219e-6 -0.005356311 -0.003902137 -7.36858e-7 -0.9999924 0 0 1 0 0 1 0.003250539 1.10101e-6 0.9999947 0.00379759 -9.33688e-5 0.9999927 0 0 1 0 0 1 -0.9999936 -1.92407e-6 0.003563761 9.34236e-7 -1 0 0.003796756 6.49431e-7 0.9999928 0.999989 1.92335e-6 -0.004669725 -9.34444e-7 1 0 0 0 1 0 0 1 0.004834532 6.49875e-7 0.9999883 0.00390321 1.62769e-4 0.9999923 0 0 1 0 0 1 0 0 1 -0.9999855 -1.82019e-6 0.005396604 -1.06327e-6 1 0 0 0 1 0 0 1 0 0 1 0 0 1 0 0 1 0 0 1 0 0 1 1.62999e-6 -1 4.01859e-6 0.9997785 1.80266e-6 -0.02104651 -0.00871247 -1.11154e-6 -0.999962 0 0 1 0 0 1 0.005339443 1.10346e-6 0.9999858 0.00786364 -4.31447e-4 0.9999689 0 0 1 0 0 1 -0.9999805 -1.9183e-6 0.006248354 9.32398e-7 -1 0 0.00786525 6.62304e-7 0.9999691 0.9999302 2.56072e-6 -0.01181614 -9.33467e-7 1 0 0 0 1 0 0 1 0.01432269 6.78844e-7 0.9998974 0.008719921 9.70463e-4 0.9999615 0 0 1 0 0 1 0 0 1 -0.9997478 -1.80926e-6 0.0224561 -1.10309e-6 1 0 0 0 1 0 0 1 0 0 1 0 0 1 0 0 1 0 0 1 0 0 1 1.10309e-6 -1 0 0.8693298 1.22649e-6 -0.4942323 -0.2348986 -1.13897e-6 -0.9720199 0 0 1 0 0 1 0.04734623 8.16091e-7 0.9988786 0.2267375 -0.03179377 0.9734368 0 0 1 0 0 1 -0.9978432 -1.83791e-6 0.06564384 1.2222e-6 -1 7.45196e-7 0.2270073 1.20842e-6 0.9738931 0.9139149 2.08674e-6 -0.405906 -8.79489e-7 1 0 0 0 1 0 0 1 0.4352889 1.41662e-6 0.9002909 0.236013 0.03811734 0.9710021 0 0 1 0 0 1 0 0 1 -0.8669648 -1.21915e-6 0.4983694 -5.2481e-7 1 6.32884e-7 0 0 1 0 0 1 0 0 1 0 0 1 0 0 1 0 0 1 0 0 1 3.13872e-6 -1 2.43804e-6 0.6383208 1.63192e-6 -0.7697705 -0.6481711 -1.73988e-6 -0.7614948 0 0 1 0 0 1 0.521978 1.26472e-6 0.852959 0.6469628 -0.02789217 0.7620112 0 0 1 0 0 1 -0.8135439 -1.19379e-6 0.5815034 1.36383e-6 -1 2.42932e-7 0.6573403 2.17227e-6 0.7535939 0.6782639 1.27027e-6 -0.7348185 -5.53182e-7 1 3.95402e-7 0 0 1 0 0 1 0.7351608 1.99283e-6 0.6778928 0.6577352 0.01887172 0.7530127 0 0 1 0 0 1 0 0 1 -0.635538 -8.78593e-7 0.7720696 -1.8595e-6 1 -6.62868e-7 0 0 1 0 0 1 0 0 1 0 0 1 0 0 1 0 0 1 0 0 1 2.17153e-6 -1 -4.06282e-7 0.2801765 6.86936e-7 -0.9599485 -0.8864455 -1.7878e-6 -0.462833 0 0 1 0 0 1 0.7849162 2.1619e-6 0.619602 0.8853791 -0.03304594 0.4636936 0 0 1 0 0 1 -0.5621047 -7.32212e-7 0.8270661 1.18247e-6 -1 1.22835e-7 0.8909053 1.85642e-6 0.4541891 0.3283142 1.04113e-6 -0.9445686 -9.65723e-6 1 -4.4112e-6 0 0 1 0 0 1 0.9483328 2.38485e-6 0.3172773 0.8909108 0.02557659 0.4534577 0 0 1 0 0 1 0 0 1 -0.2775403 -7.69981e-7 0.9607141 -7.93162e-6 1 -4.62776e-7 0 0 1 0 0 1 0 0 1 0 0 1 0 0 1 0 0 1 0 0 1 0 -1 -8.3128e-7 -0.07977116 3.09404e-7 -0.9968132 -0.9957014 -1.79291e-6 -0.09262108 0 0 1 0 0 1 0.9664848 2.04759e-6 0.2567238 0.9952244 -0.02908968 0.09317713 0 0 1 0 0 1 -0.2065555 -7.12039e-7 0.9784349 1.15181e-6 -1 -1.30187e-7 0.996369 1.89204e-6 0.08514082 -0.02086454 2.80798e-7 -0.9997823 -1.56713e-6 1 1.8295e-6 0 0 1 0 0 1 0.998696 2.21646e-6 -0.0510531 0.996141 0.02355748 0.08454656 0 0 1 0 0 1 0 0 1 0.08340036 -5.75606e-7 0.9965161 -1.39127e-7 1 -2.42215e-7 0 0 1 0 0 1 0 0 1 0 0 1 0 0 1 0 0 1 0 0 1 3.9596e-6 -1 -1.05193e-6 -0.4980768 -1.96979e-7 -0.8671329 -0.9471358 -1.96394e-6 0.320833 0 0 1 0 0 1 0.9913858 2.24423e-6 -0.1309742 0.9467841 -0.0342729 -0.3200392 0 0 1 0 0 1 0.171502 -3.50259e-7 0.9851838 1.20153e-6 -1 -1.77524e-7 0.9453483 2.0828e-6 -0.3260622 -0.434113 0 -0.9008584 -9.99129e-6 1 3.22074e-6 0 0 1 0 0 1 0.875783 2.04003e-6 -0.4827052 0.944787 0.03003573 -0.3263058 0 0 1 0 0 1 0 0 1 0.5017971 0 0.8649854 1.96631e-7 1 1.86252e-7 0 0 1 0 0 1 0 0 1 0 0 1 0 0 1 0 0 1 0 0 1 1.96628e-7 -1 1.86254e-7 -0.7260081 -2.37356e-7 -0.6876863 -0.7311173 -2.02034e-6 0.6822519 0 0 1 0 0 1 0.8252156 2.13369e-6 -0.5648179 0.7323698 -0.02674591 -0.6803815 0 0 1 0 0 1 0.5960217 2.45849e-7 0.8029683 7.17361e-6 -1 -6.07259e-6 0.7149282 2.05067e-6 -0.6991978 -0.7214099 -7.22687e-7 -0.6925083 -1.23794e-6 1 2.85288e-7 0 0 1 0 0 1 0.6726191 2.03907e-6 -0.7399889 0.7142331 0.009865283 -0.6998385 0 0 1 0 0 1 0 0 1 0.7261648 3.7033e-7 0.6875207 -5.89201e-7 1 -5.50118e-7 0 0 1 0 0 1 0 0 1 0 0 1 0 0 1 0 0 1 0 0 1 5.89192e-7 -1 5.50126e-7 -0.7309331 0 -0.6824492 -0.6668977 -1.72268e-6 0.7451493 0 0 1 0 0 1 0.6690214 1.72386e-6 -0.7432432 0.6668975 -4.84043e-4 -0.7451493 0 0 1 0 0 1 0.7281956 1.65022e-7 0.6853693 6.75296e-6 -1 -6.48844e-6 0.6666546 2.00215e-6 -0.7453668 -0.7305015 -7.49445e-7 -0.6829112 -7.53058e-6 1 7.35859e-6 0 0 1 0 0 1 0.6654086 2.00082e-6 -0.7464795 0.6666527 2.85179e-4 -0.7453684 0 0 1 0 0 1 0 0 1 0.7309424 5.87061e-7 0.6824392 -5.887e-6 1 5.40675e-6 0 0 1 0 0 1 0 0 1 0 0 1 0 0 1 0 0 1 0 0 1 5.89986e-7 -1 5.4923e-7 -0.7319352 -5.90041e-7 -0.6813743 -0.6645607 -2.0323e-6 0.7472342 0 0 1 0 0 1 0.6650001 1.7898e-6 -0.7468433 0.6645613 -9.94223e-5 -0.7472338 0 0 1 0 0 1 0.7312701 1.33078e-6 0.682088 6.73464e-6 -1 -6.50739e-6 0.6645235 1.99987e-6 -0.7472673 -0.7317932 -7.53266e-7 -0.6815268 0 1 1.67907e-6 0 0 1 0 0 1 0.6642166 1.78942e-6 -0.7475402 0.664524 7.08294e-5 -0.7472669 0 0 1 0 0 1 0 0 1 0.7319429 0 0.681366 -1.91321e-6 1 9.41284e-7 0 0 1 0 0 1 0 0 1 0 0 1 0 0 1 0 0 1 0 0 1 1.51969e-6 -1 -1.30722e-6 -0.7322652 -3.85772e-7 -0.6810196 -0.6638922 -1.54679e-6 0.7478283 0 0 1 0 0 1 0.6640242 1.69298e-6 -0.7477111 0.6638924 -2.6694e-5 -0.7478281 0 0 1 0 0 1 0.7320391 5.35268e-7 0.6812626 1.46804e-6 -1 -2.31046e-7 0.6638907 1.69294e-6 -0.7478297 -0.7322127 -1.75005e-7 -0.6810761 8.64426e-7 1 8.0445e-7 0 0 1 0 0 1 0.6637758 1.96334e-6 -0.7479316 0.6638875 2.72468e-5 -0.7478325 0 0 1 0 0 1 0 0 1 0.7322652 5.91032e-7 0.6810196 -1.91287e-6 1 9.41587e-7 0 0 1 0 0 1 0 0 1 0 0 1 0 0 1 0 0 1 0 0 1 1.91287e-6 -1 -9.4159e-7 -0.7322773 -3.23622e-7 -0.6810066 -0.6637229 -2.03158e-6 0.7479786 0 0 1 0 0 1 0.66373 1.54677e-6 -0.7479723 0.6637235 -8.72205e-7 -0.747978 0 0 1 0 0 1 0.7322896 7.54737e-7 0.6809933 1.46794e-6 -1 -2.31267e-7 0.6637139 1.999e-6 -0.7479865 -0.7323055 -7.54784e-7 -0.6809762 8.64809e-7 1 8.04213e-7 0 0 1 0 0 1 0.6637388 2.0316e-6 -0.7479644 0.6637138 -2.76547e-6 -0.7479867 0 0 1 0 0 1 0 0 1 0.7322794 0 0.6810043 -1.91294e-6 1 9.41185e-7 0 0 1 0 0 1 0 0 1 0 0 1 0 0 1 0 0 1 0 0 1 1.91294e-6 -1 -9.41169e-7 -0.7320755 -3.94576e-7 -0.6812235 -0.6638451 -1.4785e-6 0.7478702 0 0 1 0 0 1 0.6637624 1.7209e-6 -0.7479436 0.6638467 2.12916e-5 -0.7478687 0 0 1 0 0 1 0.73224 2.84402e-7 0.6810467 6.72874e-6 -1 -6.51336e-6 0.6638392 1.99914e-6 -0.7478753 -0.732132 -7.5427e-7 -0.6811628 -7.67805e-6 1 7.22711e-6 0 0 1 0 0 1 0.6639485 1.85756e-6 -0.7477783 0.6638406 -2.1915e-5 -0.7478742 0 0 1 0 0 1 0 0 1 0.7320696 5.90444e-7 0.6812298 -7.20655e-6 1 6.89998e-6 0 0 1 0 0 1 0 0 1 0 0 1 0 0 1 0 0 1 0 0 1 1.52001e-6 -1 -1.3068e-6 -0.7319815 -5.9018e-7 -0.6813244 -0.6640859 -2.03189e-6 0.7476564 0 0 1 0 0 1 0.6640054 1.69298e-6 -0.7477278 0.6641006 2.52311e-5 -0.7476432 0 0 1 0 0 1 0.7320189 1.74523e-7 0.6812843 6.73094e-6 -1 -6.51096e-6 0.6641005 1.99942e-6 -0.7476433 -0.7319354 -7.53688e-7 -0.681374 -1.46818e-6 1 2.30535e-7 0 0 1 0 0 1 0.6641293 1.78937e-6 -0.7476179 0.6640859 -8.1185e-6 -0.7476563 0 0 1 0 0 1 0 0 1 0.7319773 5.27957e-7 0.681329 -1.1189e-6 1 1.67378e-6 0 0 1 0 0 1 0 0 1 0 0 1 0 0 1 0 0 1 0 0 1 2.71807e-6 -1 -2.38434e-7 -0.7441968 -7.49107e-7 -0.6679604 -0.6616907 -2.0983e-6 0.749777 0 0 1 0 0 1 0.6640225 1.91058e-6 -0.7477127 0.6628239 -2.70926e-4 -0.7487753 0 0 1 0 0 1 0.7321633 6.45021e-7 0.6811291 5.20621e-7 -1 4.79242e-7 0.6628233 2.66406e-6 -0.7487758 -0.7357401 -1.01997e-6 -0.677264 -7.66582e-6 1 7.2383e-6 0 0 1 0 0 1 0.6563295 1.78549e-6 -0.7544745 0.6616789 0.00121814 -0.7497863 0 0 1 0 0 1 0 0 1 0.7450271 3.86043e-7 0.6670342 2.53495e-7 1 0 0 0 1 0 0 1 0 0 1 0 0 1 0 0 1 0 0 1 0 0 1 -2.53492e-7 -1 0 -0.9317809 -6.23176e-7 -0.3630213 -0.4985573 -2.17682e-6 0.8668568 0 0 1 0 0 1 0.6338647 1.7177e-6 -0.773444 0.4825393 -0.0319755 -0.8752904 0 0 1 0 0 1 0.7815246 7.04295e-7 0.6238744 1.37454e-6 -1 -6.37325e-7 0.4841783 2.05638e-6 -0.8749693 -0.8983432 -1.16638e-6 -0.4392945 -1.25702e-6 1 4.94964e-7 0 0 1 0 0 1 0.3992497 1.39582e-6 -0.9168423 0.4988118 0.02003419 -0.8664787 0 0 1 0 0 1 0 0 1 0.9352338 6.3681e-7 0.3540307 -1.07194e-6 1 0 0 0 1 0 0 1 0 0 1 0 0 1 0 0 1 0 0 1 0 0 1 1.60791e-6 -1 0 -0.9999475 -3.5398e-7 -0.0102455 -0.08977222 -1.18961e-6 0.9959623 0 0 1 0 0 1 0.2504989 1.24991e-6 -0.9681168 0.09362185 -0.03010255 -0.9951527 0 0 1 0 0 1 0.9827099 1.0837e-6 0.1851525 1.12641e-6 -1 0 0.06057125 1.00031e-6 -0.9981639 -0.9998472 -1.26721e-6 -0.01747828 -1.08023e-6 1 -2.03525e-7 0 0 1 0 0 1 0.01280838 1.10962e-6 -0.999918 0.05939477 0.008040726 -0.9982022 0 0 1 0 0 1 0 0 1 0.9999496 1.08462e-6 0.01003611 -1.06328e-6 1 0 0 0 1 0 0 1 0 0 1 0 0 1 0 0 1 0 0 1 0 0 1 1.06328e-6 -1 0 -1 -7.30507e-7 4.43005e-5 -0.003371596 -1.09936e-6 0.9999943 0 0 1 0 0 1 0.007352709 1.28631e-6 -0.9999729 0.003374576 -6.82732e-4 -0.9999941 0 0 1 0 0 1 0.9999809 1.27827e-6 0.006172716 1.16696e-6 -1 0 0.002980649 1.28711e-6 -0.9999955 -0.9999995 -3.20077e-7 -0.001020908 6.99458e-7 1 0 0 0 1 0 0 1 4.31179e-4 1.27845e-6 -0.9999999 0.002981781 4.40456e-4 -0.9999954 0 0 1 0 0 1 0 0 1 1 1.09581e-6 -1.08738e-4 -1.05107e-6 1 8.05734e-6 0 0 1 0 0 1 0 0 1 0 0 1 0 0 1 0 0 1 0 0 1 5.31633e-7 -1 0 -0.9999969 -1.09887e-6 0.002505004 0.001514077 -1.27663e-6 0.9999989 0 0 1 0 0 1 -4.55984e-4 1.27795e-6 -0.9999999 -0.001514673 -1.80655e-4 -0.9999988 0 0 1 0 0 1 0.9999996 3.22232e-7 -9.12219e-4 1.168e-6 -1 0 -0.001597404 9.61643e-7 -0.9999988 -0.9999975 -3.23218e-7 0.0022403 -3.02093e-6 1 9.45582e-6 0 0 1 0 0 1 -0.002347648 9.62427e-7 -0.9999972 -0.001597821 1.31224e-4 -0.9999988 0 0 1 0 0 1 0 0 1 0.9999969 1.09889e-6 -0.002517104 -1.06326e-6 1 0 0 0 1 0 0 1 0 0 1 0 0 1 0 0 1 0 0 1 0 0 1 1.04098e-6 -1 -8.05739e-6 -0.9999954 -1.09901e-6 0.003048658 0.002764463 -1.27525e-6 0.9999961 0 0 1 0 0 1 -0.002535879 1.09359e-6 -0.9999969 -0.002764284 -3.77905e-5 -0.9999963 0 0 1 0 0 1 0.9999963 4.8423e-7 -0.002741336 3.03734e-6 -1 0 -0.00279057 1.28155e-6 -0.9999961 -0.9999954 -9.67063e-7 0.003024935 7.27343e-7 1 9.45097e-6 0 0 1 0 0 1 -0.002925693 1.09353e-6 -0.9999958 -0.002790749 2.37769e-5 -0.9999962 0 0 1 0 0 1 0 0 1 0.9999954 1.09957e-6 -0.003048658 -2.10365e-6 1 8.0611e-6 0 0 1 0 0 1 0 0 1 0 0 1 0 0 1 0 0 1 0 0 1 1.06326e-6 -1 0 -0.9999961 -9.16144e-7 0.002815127 0.002839982 -1.27517e-6 0.999996 0 0 1 0 0 1 -0.002915859 1.09327e-6 -0.9999958 -0.002841114 1.34376e-5 -0.999996 0 0 1 0 0 1 0.9999954 3.24968e-7 -0.00304383 -7.28078e-7 -1 -9.45094e-6 -0.0028584 1.28149e-6 -0.9999959 -0.9999958 -9.669e-7 0.002897322 -3.03782e-6 1 0 0 0 1 0 0 1 -0.0027287 1.09368e-6 -0.9999963 -0.002856492 -2.13477e-5 -0.999996 0 0 1 0 0 1 0 0 1 0.9999961 1.09875e-6 -0.002807021 1.08293e-6 1 8.05173e-6 0 0 1 0 0 1 0 0 1 0 0 1 0 0 1 0 0 1 0 0 1 1.06326e-6 -1 0 -0.9999975 -8.24622e-7 0.002243161 0.002440154 -1.093e-6 0.999997 0 0 1 0 0 1 -0.002666711 1.45846e-6 -0.9999965 -0.002441406 4.06133e-5 -0.999997 0 0 1 0 0 1 0.9999963 6.45598e-7 -0.002708256 3.03816e-6 -1 0 -0.002423048 1.28307e-6 -0.9999971 -0.9999972 -3.23354e-7 0.002382099 7.23971e-7 1 9.451e-6 0 0 1 0 0 1 -0.00225532 1.09382e-6 -0.9999974 -0.002422869 -2.73359e-5 -0.9999971 0 0 1 0 0 1 0 0 1 0.9999975 8.24201e-7 -0.002233088 -1.06327e-6 1 0 0 0 1 0 0 1 0 0 1 0 0 1 0 0 1 0 0 1 0 0 1 1.04879e-6 -1 -8.05698e-6 -0.9999989 -8.23452e-7 0.001548469 0.001796901 -1.0942e-6 0.9999984 0 0 1 0 0 1 -0.002014696 1.27626e-6 -0.999998 -0.001830279 3.29373e-5 -0.9999983 0 0 1 0 0 1 0.9999978 9.65873e-7 -0.002096176 1.16856e-6 -1 0 -0.001830399 1.28307e-6 -0.9999983 -0.9999985 -6.43751e-7 0.001692056 7.18362e-7 1 9.45145e-6 0 0 1 0 0 1 -0.00149089 1.09438e-6 -0.9999989 -0.001796007 -5.09559e-5 -0.9999983 0 0 1 0 0 1 0 0 1 0.9999989 8.23725e-7 -0.001540422 -1.06326e-6 1 0 0 0 1 0 0 1 0 0 1 0 0 1 0 0 1 0 0 1 0 0 1 1.06326e-6 -1 0 -0.9999997 -1.00537e-6 9.16215e-4 0.001158952 -1.27733e-6 0.9999994 0 0 1 0 0 1 -0.001427829 1.28333e-6 -0.999999 -0.001140415 4.9773e-5 -0.9999994 0 0 1 0 0 1 0.999999 6.43457e-7 -0.001387178 -9.45612e-7 -1 -9.45198e-6 -0.001140475 9.6245e-7 -0.9999993 -0.9999995 -6.43121e-7 0.001037418 -9.34766e-7 1 0 0 0 1 0 0 1 -9.43418e-4 1.09473e-6 -0.9999995 -0.001159012 -3.64363e-5 -0.9999993 0 0 1 0 0 1 0 0 1 0.9999997 1.00535e-6 -9.00106e-4 -1.06326e-6 1 0 0 0 1 0 0 1 0 0 1 0 0 1 0 0 1 0 0 1 0 0 1 1.06326e-6 -1 0 -0.9999999 -8.67995e-7 4.58108e-4 6.27324e-4 -1.09504e-6 0.9999998 0 0 1 0 0 1 -7.95476e-4 1.09502e-6 -0.9999998 -6.28148e-4 2.93331e-5 -0.9999998 0 0 1 0 0 1 0.9999997 1.04421e-6 -7.8814e-4 9.3479e-7 -1 0 -6.28179e-4 1.28359e-6 -0.9999998 -0.9999999 -1.04379e-6 5.37642e-4 -9.34742e-7 1 0 0 0 1 0 0 1 -4.60078e-4 1.09527e-6 -0.9999999 -6.27361e-4 -2.64379e-5 -0.9999998 0 0 1 0 0 1 0 0 1 0.9999999 1.05052e-6 -4.57105e-4 -7.97444e-7 1 0 0 0 1 0 0 1 0 0 1 0 0 1 0 0 1 0 0 1 0 0 1 7.97444e-7 -1 0 -1 -1.03885e-6 1.90543e-4 2.92396e-4 -1.09537e-6 1 0 0 1 0 0 1 -3.97039e-4 1.27787e-6 -0.9999999 -2.87896e-4 2.00065e-5 -1 0 0 1 0 0 1 0.9999999 1.04394e-6 -3.85204e-4 2.80427e-6 -1 0 -2.87905e-4 1.28394e-6 -1 -0.9999999 -1.04375e-6 2.32777e-4 -9.34728e-7 1 0 0 0 1 0 0 1 -1.94836e-4 1.27809e-6 -1 -2.91343e-4 -1.53125e-5 -1 0 0 1 0 0 1 0 0 1 1 8.67653e-7 -1.90543e-4 -1.86071e-6 1 0 0 0 1 0 0 1 0 0 1 0 0 1 0 0 1 0 0 1 0 0 1 7.97445e-7 -1 0 -1 -8.78881e-7 5.3362e-5 1.042e-4 -1.2782e-6 1 0 0 1 0 0 1 -1.65287e-4 1.28412e-6 -1 -9.90794e-5 1.17801e-5 -1 0 0 1 0 0 1 1 7.37681e-7 -1.52281e-4 9.34726e-7 -1 0 -9.9081e-5 1.28417e-6 -1 -1 -7.42545e-7 7.1488e-5 -9.34711e-7 1 0 0 0 1 0 0 1 -6.16876e-5 1.27823e-6 -1 -1.05265e-4 -6.22189e-6 -1 0 0 1 0 0 1 0 0 1 1 8.78891e-7 -5.33624e-5 0 1 8.05471e-6 0 0 1 0 0 1 0 0 1 0 0 1 0 0 1 0 0 1 0 0 1 1.06326e-6 -1 0 -1 -8.90245e-7 7.04787e-6 2.12652e-5 -1.27827e-6 1 0 0 1 0 0 1 -3.70654e-5 1.28422e-6 -1 -2.05636e-5 4.09077e-6 -1 0 0 1 0 0 1 1 7.4251e-7 -3.54483e-5 9.34713e-7 -1 0 -2.24331e-5 1.28423e-6 -1 -1 -7.22399e-7 9.45296e-6 -9.34708e-7 1 0 0 0 1 0 0 1 -3.57463e-6 1.4609e-6 -1 -2.12653e-5 -1.11151e-6 -1 0 0 1 0 0 1 0 0 1 1 8.90246e-7 -7.04781e-6 -1.06326e-6 1 0 0 0 1 0 0 1 0 0 1 0 0 1 0 0 1 0 0 1 0 0 1 1.06326e-6 -1 0 -1 -9.13063e-7 0 0 -1.4609e-6 1 0 0 1 0 0 1 -3.57464e-6 1.4609e-6 -1 -1.86941e-6 2.21979e-6 -1 0 0 1 0 0 1 1 8.82924e-7 -4.72648e-6 9.34703e-7 -1 0 0 1.28424e-6 -1 -1 -6.42126e-7 4.72648e-6 -9.34704e-7 1 0 0 0 1 0 0 1 3.48313e-6 1.09568e-6 -1 0 8.46954e-7 -1 0 0 1 0 0 1 0 0 1 1 9.13063e-7 0 -1.06326e-6 1 0 0 0 1 0 0 1 0 0 1 0 0 1 0 0 1 0 0 1 0 0 1 1.06326e-6 -1 0 -1 -8.21756e-7 0 0 -1.09568e-6 1 0 0 1 0 0 1 -1.44814e-6 1.09567e-6 -1 0 1.69391e-6 -1 0 0 1 0 0 1 1 8.02652e-7 0 1.16838e-6 -1 0 0 1.28424e-6 -1 -1 -8.02652e-7 0 -1.16838e-6 1 0 0 0 1 0 0 1 3.48313e-6 1.09568e-6 -1 0 8.46954e-7 -1 0 0 1 0 0 1 0 0 1 1 8.21756e-7 0 -2.12652e-6 1 0 0 0 1 0 0 1 0 0 1 0 0 1 0 0 1 0 0 1 0 0 1 1.06326e-6 -1 0 -1 -9.13063e-7 0 0 -1.09568e-6 1 0 0 1 0 0 1 -1.44815e-6 1.09567e-6 -1 0 1.69391e-6 -1 0 0 1 0 0 1 1 8.02652e-7 0 1.16838e-6 -1 0 0 1.28424e-6 -1 -1 -6.42122e-7 0 -1.16838e-6 1 0 0 0 1 0 0 1 3.48314e-6 1.09568e-6 -1 0 8.46954e-7 -1 0 0 1 0 0 1 0 0 1 1 9.13063e-7 0 -1.06326e-6 1 8.05464e-6 0 0 1 0 0 1 0 0 1 0 0 1 0 0 1 0 0 1 0 0 1 1.06326e-6 -1 0 -1 -9.13063e-7 0 0 -1.09568e-6 1 0 0 1 0 0 1 -1.44815e-6 1.09567e-6 -1 0 1.69391e-6 -1 0 0 1 0 0 1 1 6.42122e-7 0 -7.01027e-7 -1 -9.45287e-6 0 1.28424e-6 -1 -1 -6.42122e-7 0 -1.16838e-6 1 0 0 0 1 0 0 1 4.25456e-6 9.63186e-7 -1 0 8.46953e-7 -1 0 0 1 0 0 1 0 0 1 1 9.13063e-7 0 0 1 0 0 0 1 0 0 1 0 0 1 0 0 1 0 0 1 0 0 1 0 0 1 1.06326e-6 -1 0 -1 -1.00437e-6 0 0 -1.09568e-6 1 0 0 1 0 0 1 -1.44815e-6 1.09567e-6 -1 0 1.69391e-6 -1 0 0 1 0 0 1 1 6.42122e-7 0 3.03779e-6 -1 0 0 1.28424e-6 -1 -1 -8.02652e-7 0 -1.16838e-6 1 9.45296e-6 0 0 1 0 0 1 3.48313e-6 1.09568e-6 -1 0 8.46954e-7 -1 0 0 1 0 0 1 0 0 1 1 9.13063e-7 0 -3.18978e-6 1 0 0 0 1 0 0 1 0 0 1 0 0 1 0 0 1 0 0 1 0 0 1 1.06326e-6 -1 0 -1 -9.13068e-7 4.02732e-6 1.06326e-6 -1.09567e-6 1 0 0 1 0 0 1 -1.44815e-6 1.09567e-6 -1 0 1.69391e-6 -1 0 0 1 0 0 1 1 8.02652e-7 0 1.16837e-6 -1 0 -1.86939e-6 9.63181e-7 -1 -1 -8.02652e-7 0 -1.16837e-6 1 0 0 0 1 0 0 1 1.35669e-6 1.4609e-6 -1 0 2.54086e-6 -1 0 0 1 0 0 1 0 0 1 1 9.13068e-7 -4.02732e-6 -1.06326e-6 1 0 0 0 1 0 0 1 0 0 1 0 0 1 0 0 1 0 0 1 0 0 1 1.06326e-6 -1 0 -1 -1.0958e-6 1.00684e-4 2.97713e-5 -1.27826e-6 1 0 0 1 0 0 1 -5.60799e-6 9.63177e-7 -1 -2.24324e-5 -1.31198e-6 -1 0 0 1 0 0 1 1 8.02664e-7 -9.45287e-6 1.16835e-6 -1 0 -2.43016e-5 9.63159e-7 -1 -1 -9.63233e-7 5.19913e-5 -1.16836e-6 1 0 0 0 1 0 0 1 -6.76806e-5 1.46084e-6 -1 -3.08341e-5 9.10235e-6 -1 0 0 1 0 0 1 0 0 1 1 1.09582e-6 -1.12766e-4 0 1 8.05464e-6 0 0 1 0 0 1 0 0 1 0 0 1 0 0 1 0 0 1 0 0 1 1.0633e-6 -1 0 -0.9993764 -1.13368e-6 0.03531056 0.004137217 -1.27374e-6 0.9999915 0 0 1 0 0 1 -1.39519e-4 1.09555e-6 -1 -0.001000702 -1.46476e-4 -0.9999995 0 0 1 0 0 1 0.9999999 9.63462e-7 -2.17416e-4 9.32521e-7 -1 0 -0.001003384 1.28295e-6 -0.9999995 -0.9999842 -1.29145e-6 0.005624473 -9.33522e-7 1 0 0 0 1 0 0 1 -0.01646536 1.26292e-6 -0.9998645 -0.004195332 0.002146065 -0.999989 0 0 1 0 0 1</float_array>
          <technique_common>
            <accessor source="#right_tracks-mesh-normals-array" count="4740" stride="3">
              <param name="X" type="float"/>
              <param name="Y" type="float"/>
              <param name="Z" type="float"/>
            </accessor>
          </technique_common>
        </source>
        <source id="right_tracks-mesh-map-0">
          <float_array id="right_tracks-mesh-map-0-array" count="28440">0.375 0 0.625 0.25 0.375 0.25 0.375 0.25 0.625 0.5 0.375 0.5 0.375 0.5 0.625 0.75 0.375 0.75 0.625 0.75 0.375 1 0.375 0.75 0.375 1 0.375 0.75 0.375 0.75 0.625 0.5 0.875 0.75 0.625 0.75 0.375 0.25 0.375 0 0.375 0 0.375 0.5 0.375 0.25 0.375 0.25 0.375 0.25 0.375 0 0.375 0 0.375 0.75 0.375 0.5 0.375 0.5 0.375 1 0.375 0.75 0.375 0.75 0.375 0.5 0.375 0.25 0.375 0.25 0.375 0.75 0.375 0.5 0.375 0.5 0.125 0.75 0.125 0.5 0.125 0.5 0.125 0.5 0.375 0.5 0.375 0.5 0.1789027 0.5539028 0.125 0.75 0.125 0.5 0.1789027 0.5539028 0.375 0.5 0.3210973 0.5539027 0.1789027 0.5539028 0.1789027 0.6960973 0.1789027 0.6960973 0.3210973 0.5539027 0.1789027 0.5539028 0.1789027 0.5539028 0.1789027 0.5539028 0.1789027 0.6960973 0.1789027 0.6960973 0.3210973 0.5539027 0.1789027 0.5539028 0.1789027 0.5539028 0.3210973 0.5539027 0.1789027 0.6960973 0.1789027 0.5539028 0.3210973 0.5539027 0.3210973 0.6960973 0.3210973 0.5539027 0.3210973 0.6960973 0.1789027 0.6960973 0.3210973 0.6960973 0.3210973 0.6960973 0.3210973 0.5539027 0.3210973 0.5539027 0.1789027 0.6960973 0.3210973 0.6960973 0.3210973 0.6960973 0.3210973 0.5539027 0.375 0.75 0.3210973 0.6960973 0.1789027 0.6960973 0.375 0.75 0.125 0.75 0.375 0.5 0.375 0.75 0.375 0.75 0.375 0.75 0.125 0.75 0.125 0.75 0.375 0.25 0.375 0 0.375 0 0.625 0 0.375 0.25 0.375 0 0.375 0.75 0.625 1 0.375 1 0.375 1 0.375 0.75 0.375 0.75 0.375 0.25 0.375 0 0.375 0 0.375 1 0.375 0.75 0.375 0.75 0.375 0.75 0.375 0.5 0.375 0.5 0.375 0.5 0.375 0.25 0.375 0.25 0.375 0.5 0.375 0.25 0.375 0.25 0.375 0.75 0.375 0.5 0.375 0.5 0.625 0.25 0.375 0.5 0.375 0.25 0.625 0.5 0.375 0.75 0.375 0.5 0.625 0.5 0.875 0.75 0.625 0.75 0.125 0.75 0.125 0.5 0.125 0.5 0.125 0.5 0.375 0.5 0.375 0.5 0.1789027 0.5539028 0.125 0.75 0.125 0.5 0.1789027 0.5539028 0.375 0.5 0.3210973 0.5539027 0.1789027 0.5539028 0.1789027 0.6960973 0.1789027 0.6960973 0.3210973 0.5539027 0.1789027 0.5539028 0.1789027 0.5539028 0.1789027 0.5539028 0.1789027 0.6960973 0.1789027 0.6960973 0.1789027 0.5539028 0.3210973 0.5539027 0.1789027 0.5539028 0.1789027 0.5539028 0.3210973 0.6960973 0.1789027 0.6960973 0.3210973 0.5539027 0.3210973 0.6960973 0.3210973 0.5539027 0.1789027 0.6960973 0.3210973 0.6960973 0.3210973 0.6960973 0.3210973 0.6960973 0.3210973 0.5539027 0.3210973 0.5539027 0.1789027 0.6960973 0.3210973 0.6960973 0.3210973 0.6960973 0.3210973 0.5539027 0.375 0.75 0.3210973 0.6960973 0.1789027 0.6960973 0.375 0.75 0.125 0.75 0.375 0.5 0.375 0.75 0.375 0.75 0.375 0.75 0.125 0.75 0.125 0.75 0.375 0.25 0.375 0 0.375 0 0.625 0 0.375 0.25 0.375 0 0.625 0.75 0.375 1 0.375 0.75 0.375 1 0.375 0.75 0.375 0.75 0.375 0.25 0.375 0 0.375 0 0.375 1 0.375 0.75 0.375 0.75 0.375 0.75 0.375 0.5 0.375 0.5 0.375 0.5 0.375 0.25 0.375 0.25 0.375 0.5 0.375 0.25 0.375 0.25 0.375 0.75 0.375 0.5 0.375 0.5 0.375 0.25 0.625 0.5 0.375 0.5 0.625 0.5 0.375 0.75 0.375 0.5 0.875 0.5 0.625 0.75 0.625 0.5 0.125 0.75 0.125 0.5 0.125 0.5 0.125 0.5 0.375 0.5 0.375 0.5 0.1789027 0.5539028 0.125 0.75 0.125 0.5 0.1789027 0.5539028 0.375 0.5 0.3210973 0.5539027 0.1789027 0.5539028 0.1789027 0.6960973 0.1789027 0.6960973 0.3210973 0.5539027 0.1789027 0.5539028 0.1789027 0.5539028 0.1789027 0.5539028 0.1789027 0.6960973 0.1789027 0.6960973 0.3210973 0.5539027 0.1789027 0.5539028 0.1789027 0.5539028 0.1789027 0.5539028 0.3210973 0.6960973 0.1789027 0.6960973 0.3210973 0.6960973 0.3210973 0.5539027 0.3210973 0.5539027 0.3210973 0.6960973 0.1789027 0.6960973 0.3210973 0.6960973 0.3210973 0.6960973 0.3210973 0.5539027 0.3210973 0.5539027 0.1789027 0.6960973 0.3210973 0.6960973 0.3210973 0.6960973 0.3210973 0.5539027 0.375 0.75 0.3210973 0.6960973 0.1789027 0.6960973 0.375 0.75 0.125 0.75 0.375 0.5 0.375 0.75 0.375 0.75 0.375 0.75 0.125 0.75 0.125 0.75 0.375 0.25 0.375 0 0.375 0 0.625 0 0.375 0.25 0.375 0 0.625 0.75 0.375 1 0.375 0.75 0.375 1 0.375 0.75 0.375 0.75 0.375 0.25 0.375 0 0.375 0 0.375 1 0.375 0.75 0.375 0.75 0.375 0.75 0.375 0.5 0.375 0.5 0.375 0.5 0.375 0.25 0.375 0.25 0.375 0.5 0.375 0.25 0.375 0.25 0.375 0.75 0.375 0.5 0.375 0.5 0.375 0.25 0.625 0.5 0.375 0.5 0.625 0.5 0.375 0.75 0.375 0.5 0.875 0.5 0.625 0.75 0.625 0.5 0.125 0.75 0.125 0.5 0.125 0.5 0.125 0.5 0.375 0.5 0.375 0.5 0.1789027 0.6960973 0.125 0.5 0.1789027 0.5539028 0.1789027 0.5539028 0.375 0.5 0.3210973 0.5539027 0.1789027 0.5539028 0.1789027 0.6960973 0.1789027 0.6960973 0.3210973 0.5539027 0.1789027 0.5539028 0.1789027 0.5539028 0.1789027 0.5539028 0.1789027 0.6960973 0.1789027 0.6960973 0.3210973 0.5539027 0.1789027 0.5539028 0.1789027 0.5539028 0.3210973 0.5539027 0.1789027 0.6960973 0.1789027 0.5539028 0.3210973 0.5539027 0.3210973 0.6960973 0.3210973 0.5539027 0.3210973 0.6960973 0.1789027 0.6960973 0.3210973 0.6960973 0.3210973 0.6960973 0.3210973 0.5539027 0.3210973 0.5539027 0.1789027 0.6960973 0.3210973 0.6960973 0.3210973 0.6960973 0.3210973 0.5539027 0.375 0.75 0.3210973 0.6960973 0.1789027 0.6960973 0.375 0.75 0.125 0.75 0.375 0.5 0.375 0.75 0.375 0.75 0.375 0.75 0.125 0.75 0.125 0.75 0.375 0.25 0.375 0 0.375 0 0.375 0 0.625 0.25 0.375 0.25 0.625 0.75 0.375 1 0.375 0.75 0.375 1 0.375 0.75 0.375 0.75 0.375 0.25 0.375 0 0.375 0 0.375 1 0.375 0.75 0.375 0.75 0.375 0.75 0.375 0.5 0.375 0.5 0.375 0.5 0.375 0.25 0.375 0.25 0.375 0.5 0.375 0.25 0.375 0.25 0.375 0.75 0.375 0.5 0.375 0.5 0.375 0.25 0.625 0.5 0.375 0.5 0.625 0.5 0.375 0.75 0.375 0.5 0.625 0.5 0.875 0.75 0.625 0.75 0.125 0.75 0.125 0.5 0.125 0.5 0.125 0.5 0.375 0.5 0.375 0.5 0.1789027 0.5539028 0.125 0.75 0.125 0.5 0.1789027 0.5539028 0.375 0.5 0.3210973 0.5539027 0.1789027 0.5539028 0.1789027 0.6960973 0.1789027 0.6960973 0.3210973 0.5539027 0.1789027 0.5539028 0.1789027 0.5539028 0.1789027 0.5539028 0.1789027 0.6960973 0.1789027 0.6960973 0.3210973 0.5539027 0.1789027 0.5539028 0.1789027 0.5539028 0.3210973 0.5539027 0.1789027 0.6960973 0.1789027 0.5539028 0.3210973 0.6960973 0.3210973 0.5539027 0.3210973 0.5539027 0.3210973 0.6960973 0.1789027 0.6960973 0.3210973 0.6960973 0.3210973 0.6960973 0.3210973 0.5539027 0.3210973 0.5539027 0.1789027 0.6960973 0.3210973 0.6960973 0.3210973 0.6960973 0.3210973 0.5539027 0.375 0.75 0.3210973 0.6960973 0.1789027 0.6960973 0.375 0.75 0.125 0.75 0.375 0.5 0.375 0.75 0.375 0.75 0.375 0.75 0.125 0.75 0.125 0.75 0.375 0.25 0.375 0 0.375 0 0.375 0 0.625 0.25 0.375 0.25 0.625 0.75 0.375 1 0.375 0.75 0.375 1 0.375 0.75 0.375 0.75 0.375 0.25 0.375 0 0.375 0 0.375 1 0.375 0.75 0.375 0.75 0.375 0.75 0.375 0.5 0.375 0.5 0.375 0.5 0.375 0.25 0.375 0.25 0.375 0.5 0.375 0.25 0.375 0.25 0.375 0.75 0.375 0.5 0.375 0.5 0.375 0.25 0.625 0.5 0.375 0.5 0.375 0.5 0.625 0.75 0.375 0.75 0.875 0.5 0.625 0.75 0.625 0.5 0.125 0.75 0.125 0.5 0.125 0.5 0.125 0.5 0.375 0.5 0.375 0.5 0.1789027 0.6960973 0.125 0.5 0.1789027 0.5539028 0.1789027 0.5539028 0.375 0.5 0.3210973 0.5539027 0.1789027 0.5539028 0.1789027 0.6960973 0.1789027 0.6960973 0.3210973 0.5539027 0.1789027 0.5539028 0.1789027 0.5539028 0.1789027 0.6960973 0.1789027 0.5539028 0.1789027 0.6960973 0.3210973 0.5539027 0.1789027 0.5539028 0.1789027 0.5539028 0.3210973 0.5539027 0.1789027 0.6960973 0.1789027 0.5539028 0.3210973 0.6960973 0.3210973 0.5539027 0.3210973 0.5539027 0.3210973 0.6960973 0.1789027 0.6960973 0.3210973 0.6960973 0.3210973 0.6960973 0.3210973 0.5539027 0.3210973 0.5539027 0.1789027 0.6960973 0.3210973 0.6960973 0.3210973 0.6960973 0.3210973 0.6960973 0.375 0.5 0.375 0.75 0.1789027 0.6960973 0.375 0.75 0.125 0.75 0.375 0.5 0.375 0.75 0.375 0.75 0.375 0.75 0.125 0.75 0.125 0.75 0.375 0.25 0.375 0 0.375 0 0.625 0 0.375 0.25 0.375 0 0.625 0.75 0.375 1 0.375 0.75 0.375 1 0.375 0.75 0.375 0.75 0.375 0.25 0.375 0 0.375 0 0.375 1 0.375 0.75 0.375 0.75 0.375 0.75 0.375 0.5 0.375 0.5 0.375 0.5 0.375 0.25 0.375 0.25 0.375 0.5 0.375 0.25 0.375 0.25 0.375 0.75 0.375 0.5 0.375 0.5 0.375 0.25 0.625 0.5 0.375 0.5 0.375 0.5 0.625 0.75 0.375 0.75 0.875 0.5 0.625 0.75 0.625 0.5 0.125 0.75 0.125 0.5 0.125 0.5 0.125 0.5 0.375 0.5 0.375 0.5 0.1789027 0.6960973 0.125 0.5 0.1789027 0.5539028 0.3210973 0.5539027 0.125 0.5 0.375 0.5 0.1789027 0.5539028 0.1789027 0.6960973 0.1789027 0.6960973 0.3210973 0.5539027 0.1789027 0.5539028 0.1789027 0.5539028 0.1789027 0.5539028 0.1789027 0.6960973 0.1789027 0.6960973 0.3210973 0.5539027 0.1789027 0.5539028 0.1789027 0.5539028 0.1789027 0.5539028 0.3210973 0.6960973 0.1789027 0.6960973 0.3210973 0.5539027 0.3210973 0.6960973 0.3210973 0.5539027 0.3210973 0.6960973 0.1789027 0.6960973 0.3210973 0.6960973 0.3210973 0.6960973 0.3210973 0.5539027 0.3210973 0.5539027 0.1789027 0.6960973 0.3210973 0.6960973 0.3210973 0.6960973 0.3210973 0.6960973 0.375 0.5 0.375 0.75 0.3210973 0.6960973 0.125 0.75 0.1789027 0.6960973 0.375 0.5 0.375 0.75 0.375 0.75 0.375 0.75 0.125 0.75 0.125 0.75 0.375 0.25 0.375 0 0.375 0 0.375 0 0.625 0.25 0.375 0.25 0.625 0.75 0.375 1 0.375 0.75 0.375 1 0.375 0.75 0.375 0.75 0.375 0.25 0.375 0 0.375 0 0.375 1 0.375 0.75 0.375 0.75 0.375 0.75 0.375 0.5 0.375 0.5 0.375 0.5 0.375 0.25 0.375 0.25 0.375 0.5 0.375 0.25 0.375 0.25 0.375 0.75 0.375 0.5 0.375 0.5 0.375 0.25 0.625 0.5 0.375 0.5 0.375 0.5 0.625 0.75 0.375 0.75 0.875 0.5 0.625 0.75 0.625 0.5 0.125 0.75 0.125 0.5 0.125 0.5 0.125 0.5 0.375 0.5 0.375 0.5 0.1789027 0.6960973 0.125 0.5 0.1789027 0.5539028 0.3210973 0.5539027 0.125 0.5 0.375 0.5 0.1789027 0.5539028 0.1789027 0.6960973 0.1789027 0.6960973 0.3210973 0.5539027 0.1789027 0.5539028 0.1789027 0.5539028 0.1789027 0.5539028 0.1789027 0.6960973 0.1789027 0.6960973 0.3210973 0.5539027 0.1789027 0.5539028 0.1789027 0.5539028 0.3210973 0.5539027 0.1789027 0.6960973 0.1789027 0.5539028 0.3210973 0.5539027 0.3210973 0.6960973 0.3210973 0.5539027 0.3210973 0.6960973 0.1789027 0.6960973 0.3210973 0.6960973 0.3210973 0.6960973 0.3210973 0.5539027 0.3210973 0.5539027 0.1789027 0.6960973 0.3210973 0.6960973 0.3210973 0.6960973 0.3210973 0.5539027 0.375 0.75 0.3210973 0.6960973 0.3210973 0.6960973 0.125 0.75 0.1789027 0.6960973 0.375 0.5 0.375 0.75 0.375 0.75 0.375 0.75 0.125 0.75 0.125 0.75 0.375 0.25 0.375 0 0.375 0 0.625 0 0.375 0.25 0.375 0 0.625 0.75 0.375 1 0.375 0.75 0.375 1 0.375 0.75 0.375 0.75 0.375 0.25 0.375 0 0.375 0 0.375 1 0.375 0.75 0.375 0.75 0.375 0.75 0.375 0.5 0.375 0.5 0.375 0.5 0.375 0.25 0.375 0.25 0.375 0.5 0.375 0.25 0.375 0.25 0.375 0.75 0.375 0.5 0.375 0.5 0.375 0.25 0.625 0.5 0.375 0.5 0.375 0.5 0.625 0.75 0.375 0.75 0.875 0.5 0.625 0.75 0.625 0.5 0.125 0.75 0.125 0.5 0.125 0.5 0.125 0.5 0.375 0.5 0.375 0.5 0.1789027 0.6960973 0.125 0.5 0.1789027 0.5539028 0.3210973 0.5539027 0.125 0.5 0.375 0.5 0.1789027 0.5539028 0.1789027 0.6960973 0.1789027 0.6960973 0.3210973 0.5539027 0.1789027 0.5539028 0.1789027 0.5539028 0.1789027 0.5539028 0.1789027 0.6960973 0.1789027 0.6960973 0.3210973 0.5539027 0.1789027 0.5539028 0.1789027 0.5539028 0.1789027 0.5539028 0.3210973 0.6960973 0.1789027 0.6960973 0.3210973 0.6960973 0.3210973 0.5539027 0.3210973 0.5539027 0.3210973 0.6960973 0.1789027 0.6960973 0.3210973 0.6960973 0.3210973 0.6960973 0.3210973 0.5539027 0.3210973 0.5539027 0.1789027 0.6960973 0.3210973 0.6960973 0.3210973 0.6960973 0.3210973 0.6960973 0.375 0.5 0.375 0.75 0.3210973 0.6960973 0.125 0.75 0.1789027 0.6960973 0.375 0.5 0.375 0.75 0.375 0.75 0.375 0.75 0.125 0.75 0.125 0.75 0.375 0.25 0.375 0 0.375 0 0.625 0 0.375 0.25 0.375 0 0.625 0.75 0.375 1 0.375 0.75 0.375 1 0.375 0.75 0.375 0.75 0.375 0.25 0.375 0 0.375 0 0.375 1 0.375 0.75 0.375 0.75 0.375 0.75 0.375 0.5 0.375 0.5 0.375 0.5 0.375 0.25 0.375 0.25 0.375 0.5 0.375 0.25 0.375 0.25 0.375 0.75 0.375 0.5 0.375 0.5 0.375 0.25 0.625 0.5 0.375 0.5 0.375 0.5 0.625 0.75 0.375 0.75 0.875 0.5 0.625 0.75 0.625 0.5 0.125 0.75 0.125 0.5 0.125 0.5 0.125 0.5 0.375 0.5 0.375 0.5 0.1789027 0.6960973 0.125 0.5 0.1789027 0.5539028 0.3210973 0.5539027 0.125 0.5 0.375 0.5 0.1789027 0.5539028 0.1789027 0.6960973 0.1789027 0.6960973 0.3210973 0.5539027 0.1789027 0.5539028 0.1789027 0.5539028 0.1789027 0.6960973 0.1789027 0.5539028 0.1789027 0.6960973 0.3210973 0.5539027 0.1789027 0.5539028 0.1789027 0.5539028 0.1789027 0.5539028 0.3210973 0.6960973 0.1789027 0.6960973 0.3210973 0.5539027 0.3210973 0.6960973 0.3210973 0.5539027 0.3210973 0.6960973 0.1789027 0.6960973 0.3210973 0.6960973 0.3210973 0.6960973 0.3210973 0.5539027 0.3210973 0.5539027 0.1789027 0.6960973 0.3210973 0.6960973 0.3210973 0.6960973 0.3210973 0.5539027 0.375 0.75 0.3210973 0.6960973 0.3210973 0.6960973 0.125 0.75 0.1789027 0.6960973 0.375 0.5 0.375 0.75 0.375 0.75 0.375 0.75 0.125 0.75 0.125 0.75 0.375 0.25 0.375 0 0.375 0 0.625 0 0.375 0.25 0.375 0 0.625 0.75 0.375 1 0.375 0.75 0.375 1 0.375 0.75 0.375 0.75 0.375 0.25 0.375 0 0.375 0 0.375 1 0.375 0.75 0.375 0.75 0.375 0.75 0.375 0.5 0.375 0.5 0.375 0.5 0.375 0.25 0.375 0.25 0.375 0.5 0.375 0.25 0.375 0.25 0.375 0.75 0.375 0.5 0.375 0.5 0.375 0.25 0.625 0.5 0.375 0.5 0.375 0.5 0.625 0.75 0.375 0.75 0.875 0.5 0.625 0.75 0.625 0.5 0.125 0.75 0.125 0.5 0.125 0.5 0.125 0.5 0.375 0.5 0.375 0.5 0.1789027 0.6960973 0.125 0.5 0.1789027 0.5539028 0.3210973 0.5539027 0.125 0.5 0.375 0.5 0.1789027 0.5539028 0.1789027 0.6960973 0.1789027 0.6960973 0.3210973 0.5539027 0.1789027 0.5539028 0.1789027 0.5539028 0.1789027 0.5539028 0.1789027 0.6960973 0.1789027 0.6960973 0.3210973 0.5539027 0.1789027 0.5539028 0.1789027 0.5539028 0.1789027 0.5539028 0.3210973 0.6960973 0.1789027 0.6960973 0.3210973 0.5539027 0.3210973 0.6960973 0.3210973 0.5539027 0.3210973 0.6960973 0.1789027 0.6960973 0.3210973 0.6960973 0.3210973 0.6960973 0.3210973 0.5539027 0.3210973 0.5539027 0.1789027 0.6960973 0.3210973 0.6960973 0.3210973 0.6960973 0.3210973 0.5539027 0.375 0.75 0.3210973 0.6960973 0.3210973 0.6960973 0.125 0.75 0.1789027 0.6960973 0.375 0.5 0.375 0.75 0.375 0.75 0.375 0.75 0.125 0.75 0.125 0.75 0.375 0.25 0.375 0 0.375 0 0.625 0 0.375 0.25 0.375 0 0.375 0.75 0.625 1 0.375 1 0.375 1 0.375 0.75 0.375 0.75 0.375 0.25 0.375 0 0.375 0 0.375 1 0.375 0.75 0.375 0.75 0.375 0.75 0.375 0.5 0.375 0.5 0.375 0.5 0.375 0.25 0.375 0.25 0.375 0.5 0.375 0.25 0.375 0.25 0.375 0.75 0.375 0.5 0.375 0.5 0.625 0.25 0.375 0.5 0.375 0.25 0.375 0.5 0.625 0.75 0.375 0.75 0.875 0.5 0.625 0.75 0.625 0.5 0.125 0.75 0.125 0.5 0.125 0.5 0.125 0.5 0.375 0.5 0.375 0.5 0.1789027 0.6960973 0.125 0.5 0.1789027 0.5539028 0.3210973 0.5539027 0.125 0.5 0.375 0.5 0.1789027 0.5539028 0.1789027 0.6960973 0.1789027 0.6960973 0.3210973 0.5539027 0.1789027 0.5539028 0.1789027 0.5539028 0.1789027 0.5539028 0.1789027 0.6960973 0.1789027 0.6960973 0.1789027 0.5539028 0.3210973 0.5539027 0.1789027 0.5539028 0.3210973 0.5539027 0.1789027 0.6960973 0.1789027 0.5539028 0.3210973 0.5539027 0.3210973 0.6960973 0.3210973 0.5539027 0.1789027 0.6960973 0.3210973 0.6960973 0.3210973 0.6960973 0.3210973 0.6960973 0.3210973 0.5539027 0.3210973 0.5539027 0.1789027 0.6960973 0.3210973 0.6960973 0.3210973 0.6960973 0.3210973 0.5539027 0.375 0.75 0.3210973 0.6960973 0.3210973 0.6960973 0.125 0.75 0.1789027 0.6960973 0.375 0.5 0.375 0.75 0.375 0.75 0.375 0.75 0.125 0.75 0.125 0.75 0.375 0.25 0.375 0 0.375 0 0.625 0 0.375 0.25 0.375 0 0.375 0.75 0.625 1 0.375 1 0.375 1 0.375 0.75 0.375 0.75 0.375 0.25 0.375 0 0.375 0 0.375 1 0.375 0.75 0.375 0.75 0.375 0.75 0.375 0.5 0.375 0.5 0.375 0.5 0.375 0.25 0.375 0.25 0.375 0.5 0.375 0.25 0.375 0.25 0.375 0.75 0.375 0.5 0.375 0.5 0.625 0.25 0.375 0.5 0.375 0.25 0.375 0.5 0.625 0.75 0.375 0.75 0.875 0.5 0.625 0.75 0.625 0.5 0.125 0.75 0.125 0.5 0.125 0.5 0.125 0.5 0.375 0.5 0.375 0.5 0.1789027 0.5539028 0.125 0.75 0.125 0.5 0.3210973 0.5539027 0.125 0.5 0.375 0.5 0.1789027 0.5539028 0.1789027 0.6960973 0.1789027 0.6960973 0.3210973 0.5539027 0.1789027 0.5539028 0.1789027 0.5539028 0.1789027 0.6960973 0.1789027 0.5539028 0.1789027 0.6960973 0.1789027 0.5539028 0.3210973 0.5539027 0.1789027 0.5539028 0.1789027 0.5539028 0.3210973 0.6960973 0.1789027 0.6960973 0.3210973 0.5539027 0.3210973 0.6960973 0.3210973 0.5539027 0.1789027 0.6960973 0.3210973 0.6960973 0.3210973 0.6960973 0.3210973 0.6960973 0.3210973 0.5539027 0.3210973 0.5539027 0.1789027 0.6960973 0.3210973 0.6960973 0.3210973 0.6960973 0.3210973 0.5539027 0.375 0.75 0.3210973 0.6960973 0.3210973 0.6960973 0.125 0.75 0.1789027 0.6960973 0.375 0.5 0.375 0.75 0.375 0.75 0.375 0.75 0.125 0.75 0.125 0.75 0.375 0.25 0.375 0 0.375 0 0.625 0 0.375 0.25 0.375 0 0.375 0.75 0.625 1 0.375 1 0.375 1 0.375 0.75 0.375 0.75 0.375 0.25 0.375 0 0.375 0 0.375 1 0.375 0.75 0.375 0.75 0.375 0.75 0.375 0.5 0.375 0.5 0.375 0.5 0.375 0.25 0.375 0.25 0.375 0.5 0.375 0.25 0.375 0.25 0.375 0.75 0.375 0.5 0.375 0.5 0.625 0.25 0.375 0.5 0.375 0.25 0.375 0.5 0.625 0.75 0.375 0.75 0.875 0.5 0.625 0.75 0.625 0.5 0.125 0.75 0.125 0.5 0.125 0.5 0.125 0.5 0.375 0.5 0.375 0.5 0.1789027 0.5539028 0.125 0.75 0.125 0.5 0.3210973 0.5539027 0.125 0.5 0.375 0.5 0.1789027 0.5539028 0.1789027 0.6960973 0.1789027 0.6960973 0.3210973 0.5539027 0.1789027 0.5539028 0.1789027 0.5539028 0.1789027 0.5539028 0.1789027 0.6960973 0.1789027 0.6960973 0.1789027 0.5539028 0.3210973 0.5539027 0.1789027 0.5539028 0.1789027 0.5539028 0.3210973 0.6960973 0.1789027 0.6960973 0.3210973 0.5539027 0.3210973 0.6960973 0.3210973 0.5539027 0.1789027 0.6960973 0.3210973 0.6960973 0.3210973 0.6960973 0.3210973 0.6960973 0.3210973 0.5539027 0.3210973 0.5539027 0.1789027 0.6960973 0.3210973 0.6960973 0.3210973 0.6960973 0.3210973 0.5539027 0.375 0.75 0.3210973 0.6960973 0.3210973 0.6960973 0.125 0.75 0.1789027 0.6960973 0.375 0.5 0.375 0.75 0.375 0.75 0.375 0.75 0.125 0.75 0.125 0.75 0.375 0.25 0.375 0 0.375 0 0.625 0 0.375 0.25 0.375 0 0.375 0.75 0.625 1 0.375 1 0.375 1 0.375 0.75 0.375 0.75 0.375 0.25 0.375 0 0.375 0 0.375 1 0.375 0.75 0.375 0.75 0.375 0.75 0.375 0.5 0.375 0.5 0.375 0.5 0.375 0.25 0.375 0.25 0.375 0.5 0.375 0.25 0.375 0.25 0.375 0.75 0.375 0.5 0.375 0.5 0.625 0.25 0.375 0.5 0.375 0.25 0.625 0.5 0.375 0.75 0.375 0.5 0.875 0.5 0.625 0.75 0.625 0.5 0.125 0.75 0.125 0.5 0.125 0.5 0.125 0.5 0.375 0.5 0.375 0.5 0.1789027 0.6960973 0.125 0.5 0.1789027 0.5539028 0.1789027 0.5539028 0.375 0.5 0.3210973 0.5539027 0.1789027 0.5539028 0.1789027 0.6960973 0.1789027 0.6960973 0.3210973 0.5539027 0.1789027 0.5539028 0.1789027 0.5539028 0.1789027 0.6960973 0.1789027 0.5539028 0.1789027 0.6960973 0.1789027 0.5539028 0.3210973 0.5539027 0.1789027 0.5539028 0.1789027 0.5539028 0.3210973 0.6960973 0.1789027 0.6960973 0.3210973 0.5539027 0.3210973 0.6960973 0.3210973 0.5539027 0.1789027 0.6960973 0.3210973 0.6960973 0.3210973 0.6960973 0.3210973 0.6960973 0.3210973 0.5539027 0.3210973 0.5539027 0.1789027 0.6960973 0.3210973 0.6960973 0.3210973 0.6960973 0.3210973 0.5539027 0.375 0.75 0.3210973 0.6960973 0.1789027 0.6960973 0.375 0.75 0.125 0.75 0.375 0.5 0.375 0.75 0.375 0.75 0.375 0.75 0.125 0.75 0.125 0.75 0.375 0.25 0.375 0 0.375 0 0.375 0 0.625 0.25 0.375 0.25 0.375 0.75 0.625 1 0.375 1 0.375 1 0.375 0.75 0.375 0.75 0.375 0.25 0.375 0 0.375 0 0.375 1 0.375 0.75 0.375 0.75 0.375 0.75 0.375 0.5 0.375 0.5 0.375 0.5 0.375 0.25 0.375 0.25 0.375 0.5 0.375 0.25 0.375 0.25 0.375 0.75 0.375 0.5 0.375 0.5 0.625 0.25 0.375 0.5 0.375 0.25 0.625 0.5 0.375 0.75 0.375 0.5 0.875 0.5 0.625 0.75 0.625 0.5 0.125 0.75 0.125 0.5 0.125 0.5 0.125 0.5 0.375 0.5 0.375 0.5 0.1789027 0.5539028 0.125 0.75 0.125 0.5 0.1789027 0.5539028 0.375 0.5 0.3210973 0.5539027 0.1789027 0.5539028 0.1789027 0.6960973 0.1789027 0.6960973 0.3210973 0.5539027 0.1789027 0.5539028 0.1789027 0.5539028 0.1789027 0.5539028 0.1789027 0.6960973 0.1789027 0.6960973 0.1789027 0.5539028 0.3210973 0.5539027 0.1789027 0.5539028 0.1789027 0.5539028 0.3210973 0.6960973 0.1789027 0.6960973 0.3210973 0.5539027 0.3210973 0.6960973 0.3210973 0.5539027 0.1789027 0.6960973 0.3210973 0.6960973 0.3210973 0.6960973 0.3210973 0.6960973 0.3210973 0.5539027 0.3210973 0.5539027 0.1789027 0.6960973 0.3210973 0.6960973 0.3210973 0.6960973 0.3210973 0.5539027 0.375 0.75 0.3210973 0.6960973 0.1789027 0.6960973 0.375 0.75 0.125 0.75 0.375 0.5 0.375 0.75 0.375 0.75 0.375 0.75 0.125 0.75 0.125 0.75 0.375 0.25 0.375 0 0.375 0 0.625 0 0.375 0.25 0.375 0 0.375 0.75 0.625 1 0.375 1 0.375 1 0.375 0.75 0.375 0.75 0.375 0.25 0.375 0 0.375 0 0.375 1 0.375 0.75 0.375 0.75 0.375 0.75 0.375 0.5 0.375 0.5 0.375 0.5 0.375 0.25 0.375 0.25 0.375 0.5 0.375 0.25 0.375 0.25 0.375 0.75 0.375 0.5 0.375 0.5 0.625 0.25 0.375 0.5 0.375 0.25 0.375 0.5 0.625 0.75 0.375 0.75 0.875 0.5 0.625 0.75 0.625 0.5 0.125 0.75 0.125 0.5 0.125 0.5 0.125 0.5 0.375 0.5 0.375 0.5 0.1789027 0.5539028 0.125 0.75 0.125 0.5 0.1789027 0.5539028 0.375 0.5 0.3210973 0.5539027 0.1789027 0.5539028 0.1789027 0.6960973 0.1789027 0.6960973 0.3210973 0.5539027 0.1789027 0.5539028 0.1789027 0.5539028 0.1789027 0.5539028 0.1789027 0.6960973 0.1789027 0.6960973 0.1789027 0.5539028 0.3210973 0.5539027 0.1789027 0.5539028 0.1789027 0.5539028 0.3210973 0.6960973 0.1789027 0.6960973 0.3210973 0.5539027 0.3210973 0.6960973 0.3210973 0.5539027 0.1789027 0.6960973 0.3210973 0.6960973 0.3210973 0.6960973 0.3210973 0.6960973 0.3210973 0.5539027 0.3210973 0.5539027 0.1789027 0.6960973 0.3210973 0.6960973 0.3210973 0.6960973 0.3210973 0.5539027 0.375 0.75 0.3210973 0.6960973 0.1789027 0.6960973 0.375 0.75 0.125 0.75 0.375 0.5 0.375 0.75 0.375 0.75 0.375 0.75 0.125 0.75 0.125 0.75 0.375 0.25 0.375 0 0.375 0 0.625 0 0.375 0.25 0.375 0 0.375 0.75 0.625 1 0.375 1 0.375 1 0.375 0.75 0.375 0.75 0.375 0.25 0.375 0 0.375 0 0.375 1 0.375 0.75 0.375 0.75 0.375 0.75 0.375 0.5 0.375 0.5 0.375 0.5 0.375 0.25 0.375 0.25 0.375 0.5 0.375 0.25 0.375 0.25 0.375 0.75 0.375 0.5 0.375 0.5 0.625 0.25 0.375 0.5 0.375 0.25 0.625 0.5 0.375 0.75 0.375 0.5 0.875 0.5 0.625 0.75 0.625 0.5 0.125 0.75 0.125 0.5 0.125 0.5 0.125 0.5 0.375 0.5 0.375 0.5 0.1789027 0.6960973 0.125 0.5 0.1789027 0.5539028 0.1789027 0.5539028 0.375 0.5 0.3210973 0.5539027 0.1789027 0.5539028 0.1789027 0.6960973 0.1789027 0.6960973 0.3210973 0.5539027 0.1789027 0.5539028 0.1789027 0.5539028 0.1789027 0.5539028 0.1789027 0.6960973 0.1789027 0.6960973 0.1789027 0.5539028 0.3210973 0.5539027 0.1789027 0.5539028 0.1789027 0.5539028 0.3210973 0.6960973 0.1789027 0.6960973 0.3210973 0.5539027 0.3210973 0.6960973 0.3210973 0.5539027 0.1789027 0.6960973 0.3210973 0.6960973 0.3210973 0.6960973 0.3210973 0.6960973 0.3210973 0.5539027 0.3210973 0.5539027 0.1789027 0.6960973 0.3210973 0.6960973 0.3210973 0.6960973 0.3210973 0.5539027 0.375 0.75 0.3210973 0.6960973 0.1789027 0.6960973 0.375 0.75 0.125 0.75 0.375 0.5 0.375 0.75 0.375 0.75 0.375 0.75 0.125 0.75 0.125 0.75 0.375 0.25 0.375 0 0.375 0 0.375 0 0.625 0.25 0.375 0.25 0.375 0.75 0.625 1 0.375 1 0.375 1 0.375 0.75 0.375 0.75 0.375 0.25 0.375 0 0.375 0 0.375 1 0.375 0.75 0.375 0.75 0.375 0.75 0.375 0.5 0.375 0.5 0.375 0.5 0.375 0.25 0.375 0.25 0.375 0.5 0.375 0.25 0.375 0.25 0.375 0.75 0.375 0.5 0.375 0.5 0.625 0.25 0.375 0.5 0.375 0.25 0.625 0.5 0.375 0.75 0.375 0.5 0.875 0.5 0.625 0.75 0.625 0.5 0.125 0.75 0.125 0.5 0.125 0.5 0.125 0.5 0.375 0.5 0.375 0.5 0.1789027 0.5539028 0.125 0.75 0.125 0.5 0.1789027 0.5539028 0.375 0.5 0.3210973 0.5539027 0.1789027 0.5539028 0.1789027 0.6960973 0.1789027 0.6960973 0.3210973 0.5539027 0.1789027 0.5539028 0.1789027 0.5539028 0.1789027 0.5539028 0.1789027 0.6960973 0.1789027 0.6960973 0.1789027 0.5539028 0.3210973 0.5539027 0.1789027 0.5539028 0.1789027 0.5539028 0.3210973 0.6960973 0.1789027 0.6960973 0.3210973 0.5539027 0.3210973 0.6960973 0.3210973 0.5539027 0.1789027 0.6960973 0.3210973 0.6960973 0.3210973 0.6960973 0.3210973 0.6960973 0.3210973 0.5539027 0.3210973 0.5539027 0.1789027 0.6960973 0.3210973 0.6960973 0.3210973 0.6960973 0.3210973 0.5539027 0.375 0.75 0.3210973 0.6960973 0.1789027 0.6960973 0.375 0.75 0.125 0.75 0.375 0.5 0.375 0.75 0.375 0.75 0.375 0.75 0.125 0.75 0.125 0.75 0.375 0.25 0.375 0 0.375 0 0.625 0 0.375 0.25 0.375 0 0.375 0.75 0.625 1 0.375 1 0.375 1 0.375 0.75 0.375 0.75 0.375 0.25 0.375 0 0.375 0 0.375 1 0.375 0.75 0.375 0.75 0.375 0.75 0.375 0.5 0.375 0.5 0.375 0.5 0.375 0.25 0.375 0.25 0.375 0.5 0.375 0.25 0.375 0.25 0.375 0.75 0.375 0.5 0.375 0.5 0.625 0.25 0.375 0.5 0.375 0.25 0.625 0.5 0.375 0.75 0.375 0.5 0.625 0.5 0.875 0.75 0.625 0.75 0.125 0.75 0.125 0.5 0.125 0.5 0.125 0.5 0.375 0.5 0.375 0.5 0.1789027 0.5539028 0.125 0.75 0.125 0.5 0.1789027 0.5539028 0.375 0.5 0.3210973 0.5539027 0.1789027 0.5539028 0.1789027 0.6960973 0.1789027 0.6960973 0.3210973 0.5539027 0.1789027 0.5539028 0.1789027 0.5539028 0.1789027 0.5539028 0.1789027 0.6960973 0.1789027 0.6960973 0.1789027 0.5539028 0.3210973 0.5539027 0.1789027 0.5539028 0.1789027 0.5539028 0.3210973 0.6960973 0.1789027 0.6960973 0.3210973 0.5539027 0.3210973 0.6960973 0.3210973 0.5539027 0.1789027 0.6960973 0.3210973 0.6960973 0.3210973 0.6960973 0.3210973 0.6960973 0.3210973 0.5539027 0.3210973 0.5539027 0.1789027 0.6960973 0.3210973 0.6960973 0.3210973 0.6960973 0.3210973 0.5539027 0.375 0.75 0.3210973 0.6960973 0.3210973 0.6960973 0.125 0.75 0.1789027 0.6960973 0.375 0.5 0.375 0.75 0.375 0.75 0.375 0.75 0.125 0.75 0.125 0.75 0.375 0.25 0.375 0 0.375 0 0.625 0 0.375 0.25 0.375 0 0.375 0.75 0.625 1 0.375 1 0.375 1 0.375 0.75 0.375 0.75 0.375 0.25 0.375 0 0.375 0 0.375 1 0.375 0.75 0.375 0.75 0.375 0.75 0.375 0.5 0.375 0.5 0.375 0.5 0.375 0.25 0.375 0.25 0.375 0.5 0.375 0.25 0.375 0.25 0.375 0.75 0.375 0.5 0.375 0.5 0.625 0.25 0.375 0.5 0.375 0.25 0.625 0.5 0.375 0.75 0.375 0.5 0.875 0.5 0.625 0.75 0.625 0.5 0.125 0.75 0.125 0.5 0.125 0.5 0.125 0.5 0.375 0.5 0.375 0.5 0.1789027 0.6960973 0.125 0.5 0.1789027 0.5539028 0.3210973 0.5539027 0.125 0.5 0.375 0.5 0.1789027 0.5539028 0.1789027 0.6960973 0.1789027 0.6960973 0.3210973 0.5539027 0.1789027 0.5539028 0.1789027 0.5539028 0.1789027 0.5539028 0.1789027 0.6960973 0.1789027 0.6960973 0.1789027 0.5539028 0.3210973 0.5539027 0.1789027 0.5539028 0.1789027 0.5539028 0.3210973 0.6960973 0.1789027 0.6960973 0.3210973 0.5539027 0.3210973 0.6960973 0.3210973 0.5539027 0.1789027 0.6960973 0.3210973 0.6960973 0.3210973 0.6960973 0.3210973 0.6960973 0.3210973 0.5539027 0.3210973 0.5539027 0.1789027 0.6960973 0.3210973 0.6960973 0.3210973 0.6960973 0.3210973 0.5539027 0.375 0.75 0.3210973 0.6960973 0.3210973 0.6960973 0.125 0.75 0.1789027 0.6960973 0.375 0.5 0.375 0.75 0.375 0.75 0.375 0.75 0.125 0.75 0.125 0.75 0.375 0.25 0.375 0 0.375 0 0.625 0 0.375 0.25 0.375 0 0.375 0.75 0.625 1 0.375 1 0.375 1 0.375 0.75 0.375 0.75 0.375 0.25 0.375 0 0.375 0 0.375 1 0.375 0.75 0.375 0.75 0.375 0.75 0.375 0.5 0.375 0.5 0.375 0.5 0.375 0.25 0.375 0.25 0.375 0.5 0.375 0.25 0.375 0.25 0.375 0.75 0.375 0.5 0.375 0.5 0.625 0.25 0.375 0.5 0.375 0.25 0.625 0.5 0.375 0.75 0.375 0.5 0.875 0.5 0.625 0.75 0.625 0.5 0.125 0.75 0.125 0.5 0.125 0.5 0.125 0.5 0.375 0.5 0.375 0.5 0.1789027 0.5539028 0.125 0.75 0.125 0.5 0.3210973 0.5539027 0.125 0.5 0.375 0.5 0.1789027 0.5539028 0.1789027 0.6960973 0.1789027 0.6960973 0.3210973 0.5539027 0.1789027 0.5539028 0.1789027 0.5539028 0.1789027 0.5539028 0.1789027 0.6960973 0.1789027 0.6960973 0.1789027 0.5539028 0.3210973 0.5539027 0.1789027 0.5539028 0.1789027 0.5539028 0.3210973 0.6960973 0.1789027 0.6960973 0.3210973 0.6960973 0.3210973 0.5539027 0.3210973 0.5539027 0.1789027 0.6960973 0.3210973 0.6960973 0.3210973 0.6960973 0.3210973 0.6960973 0.3210973 0.5539027 0.3210973 0.5539027 0.1789027 0.6960973 0.3210973 0.6960973 0.3210973 0.6960973 0.3210973 0.6960973 0.375 0.5 0.375 0.75 0.1789027 0.6960973 0.375 0.75 0.125 0.75 0.375 0.5 0.375 0.75 0.375 0.75 0.375 0.75 0.125 0.75 0.125 0.75 0.375 0.25 0.375 0 0.375 0 0.375 0 0.625 0.25 0.375 0.25 0.375 0.75 0.625 1 0.375 1 0.375 1 0.375 0.75 0.375 0.75 0.375 0.25 0.375 0 0.375 0 0.375 1 0.375 0.75 0.375 0.75 0.375 0.75 0.375 0.5 0.375 0.5 0.375 0.5 0.375 0.25 0.375 0.25 0.375 0.5 0.375 0.25 0.375 0.25 0.375 0.75 0.375 0.5 0.375 0.5 0.625 0.25 0.375 0.5 0.375 0.25 0.375 0.5 0.625 0.75 0.375 0.75 0.875 0.5 0.625 0.75 0.625 0.5 0.125 0.75 0.125 0.5 0.125 0.5 0.125 0.5 0.375 0.5 0.375 0.5 0.1789027 0.5539028 0.125 0.75 0.125 0.5 0.3210973 0.5539027 0.125 0.5 0.375 0.5 0.1789027 0.5539028 0.1789027 0.6960973 0.1789027 0.6960973 0.3210973 0.5539027 0.1789027 0.5539028 0.1789027 0.5539028 0.1789027 0.5539028 0.1789027 0.6960973 0.1789027 0.6960973 0.1789027 0.5539028 0.3210973 0.5539027 0.1789027 0.5539028 0.1789027 0.5539028 0.3210973 0.6960973 0.1789027 0.6960973 0.3210973 0.6960973 0.3210973 0.5539027 0.3210973 0.5539027 0.1789027 0.6960973 0.3210973 0.6960973 0.3210973 0.6960973 0.3210973 0.6960973 0.3210973 0.5539027 0.3210973 0.5539027 0.1789027 0.6960973 0.3210973 0.6960973 0.3210973 0.6960973 0.3210973 0.6960973 0.375 0.5 0.375 0.75 0.3210973 0.6960973 0.125 0.75 0.1789027 0.6960973 0.375 0.5 0.375 0.75 0.375 0.75 0.375 0.75 0.125 0.75 0.125 0.75 0.375 0.25 0.375 0 0.375 0 0.625 0 0.375 0.25 0.375 0 0.625 0.75 0.375 1 0.375 0.75 0.375 1 0.375 0.75 0.375 0.75 0.375 0.25 0.375 0 0.375 0 0.375 1 0.375 0.75 0.375 0.75 0.375 0.75 0.375 0.5 0.375 0.5 0.375 0.5 0.375 0.25 0.375 0.25 0.375 0.5 0.375 0.25 0.375 0.25 0.375 0.75 0.375 0.5 0.375 0.5 0.375 0.25 0.625 0.5 0.375 0.5 0.375 0.5 0.625 0.75 0.375 0.75 0.875 0.5 0.625 0.75 0.625 0.5 0.125 0.75 0.125 0.5 0.125 0.5 0.125 0.5 0.375 0.5 0.375 0.5 0.1789027 0.6960973 0.125 0.5 0.1789027 0.5539028 0.3210973 0.5539027 0.125 0.5 0.375 0.5 0.1789027 0.5539028 0.1789027 0.6960973 0.1789027 0.6960973 0.3210973 0.5539027 0.1789027 0.5539028 0.1789027 0.5539028 0.1789027 0.5539028 0.1789027 0.6960973 0.1789027 0.6960973 0.3210973 0.5539027 0.1789027 0.5539028 0.1789027 0.5539028 0.3210973 0.5539027 0.1789027 0.6960973 0.1789027 0.5539028 0.3210973 0.5539027 0.3210973 0.6960973 0.3210973 0.5539027 0.3210973 0.6960973 0.1789027 0.6960973 0.3210973 0.6960973 0.3210973 0.6960973 0.3210973 0.5539027 0.3210973 0.5539027 0.1789027 0.6960973 0.3210973 0.6960973 0.3210973 0.6960973 0.3210973 0.5539027 0.375 0.75 0.3210973 0.6960973 0.1789027 0.6960973 0.375 0.75 0.125 0.75 0.375 0.5 0.375 0.75 0.375 0.75 0.375 0.75 0.125 0.75 0.125 0.75 0.375 0.25 0.375 0 0.375 0 0.625 0 0.375 0.25 0.375 0 0.375 0.75 0.625 1 0.375 1 0.375 1 0.375 0.75 0.375 0.75 0.375 0.25 0.375 0 0.375 0 0.375 1 0.375 0.75 0.375 0.75 0.375 0.75 0.375 0.5 0.375 0.5 0.375 0.5 0.375 0.25 0.375 0.25 0.375 0.5 0.375 0.25 0.375 0.25 0.375 0.75 0.375 0.5 0.375 0.5 0.625 0.25 0.375 0.5 0.375 0.25 0.625 0.5 0.375 0.75 0.375 0.5 0.875 0.5 0.625 0.75 0.625 0.5 0.125 0.75 0.125 0.5 0.125 0.5 0.125 0.5 0.375 0.5 0.375 0.5 0.1789027 0.6960973 0.125 0.5 0.1789027 0.5539028 0.1789027 0.5539028 0.375 0.5 0.3210973 0.5539027 0.1789027 0.5539028 0.1789027 0.6960973 0.1789027 0.6960973 0.3210973 0.5539027 0.1789027 0.5539028 0.1789027 0.5539028 0.1789027 0.5539028 0.1789027 0.6960973 0.1789027 0.6960973 0.1789027 0.5539028 0.3210973 0.5539027 0.1789027 0.5539028 0.3210973 0.5539027 0.1789027 0.6960973 0.1789027 0.5539028 0.3210973 0.5539027 0.3210973 0.6960973 0.3210973 0.5539027 0.1789027 0.6960973 0.3210973 0.6960973 0.3210973 0.6960973 0.3210973 0.6960973 0.3210973 0.5539027 0.3210973 0.5539027 0.1789027 0.6960973 0.3210973 0.6960973 0.3210973 0.6960973 0.3210973 0.5539027 0.375 0.75 0.3210973 0.6960973 0.1789027 0.6960973 0.375 0.75 0.125 0.75 0.375 0.5 0.375 0.75 0.375 0.75 0.375 0.75 0.125 0.75 0.125 0.75 0.375 0.25 0.375 0 0.375 0 0.375 0 0.625 0.25 0.375 0.25 0.625 0.75 0.375 1 0.375 0.75 0.375 1 0.375 0.75 0.375 0.75 0.375 0.25 0.375 0 0.375 0 0.375 1 0.375 0.75 0.375 0.75 0.375 0.75 0.375 0.5 0.375 0.5 0.375 0.5 0.375 0.25 0.375 0.25 0.375 0.5 0.375 0.25 0.375 0.25 0.375 0.75 0.375 0.5 0.375 0.5 0.375 0.25 0.625 0.5 0.375 0.5 0.625 0.5 0.375 0.75 0.375 0.5 0.875 0.5 0.625 0.75 0.625 0.5 0.125 0.75 0.125 0.5 0.125 0.5 0.125 0.5 0.375 0.5 0.375 0.5 0.1789027 0.6960973 0.125 0.5 0.1789027 0.5539028 0.1789027 0.5539028 0.375 0.5 0.3210973 0.5539027 0.1789027 0.5539028 0.1789027 0.6960973 0.1789027 0.6960973 0.3210973 0.5539027 0.1789027 0.5539028 0.1789027 0.5539028 0.1789027 0.5539028 0.1789027 0.6960973 0.1789027 0.6960973 0.1789027 0.5539028 0.3210973 0.5539027 0.1789027 0.5539028 0.1789027 0.5539028 0.3210973 0.6960973 0.1789027 0.6960973 0.3210973 0.5539027 0.3210973 0.6960973 0.3210973 0.5539027 0.1789027 0.6960973 0.3210973 0.6960973 0.3210973 0.6960973 0.3210973 0.6960973 0.3210973 0.5539027 0.3210973 0.5539027 0.1789027 0.6960973 0.3210973 0.6960973 0.3210973 0.6960973 0.3210973 0.5539027 0.375 0.75 0.3210973 0.6960973 0.1789027 0.6960973 0.375 0.75 0.125 0.75 0.375 0.5 0.375 0.75 0.375 0.75 0.375 0.75 0.125 0.75 0.125 0.75 0.375 0.25 0.375 0 0.375 0 0.375 0 0.625 0.25 0.375 0.25 0.625 0.75 0.375 1 0.375 0.75 0.375 1 0.375 0.75 0.375 0.75 0.375 0.25 0.375 0 0.375 0 0.375 1 0.375 0.75 0.375 0.75 0.375 0.75 0.375 0.5 0.375 0.5 0.375 0.5 0.375 0.25 0.375 0.25 0.375 0.5 0.375 0.25 0.375 0.25 0.375 0.75 0.375 0.5 0.375 0.5 0.375 0.25 0.625 0.5 0.375 0.5 0.625 0.5 0.375 0.75 0.375 0.5 0.875 0.5 0.625 0.75 0.625 0.5 0.125 0.75 0.125 0.5 0.125 0.5 0.125 0.5 0.375 0.5 0.375 0.5 0.1789027 0.6960973 0.125 0.5 0.1789027 0.5539028 0.3210973 0.5539027 0.125 0.5 0.375 0.5 0.1789027 0.5539028 0.1789027 0.6960973 0.1789027 0.6960973 0.3210973 0.5539027 0.1789027 0.5539028 0.1789027 0.5539028 0.1789027 0.5539028 0.1789027 0.6960973 0.1789027 0.6960973 0.3210973 0.5539027 0.1789027 0.5539028 0.1789027 0.5539028 0.1789027 0.5539028 0.3210973 0.6960973 0.1789027 0.6960973 0.3210973 0.5539027 0.3210973 0.6960973 0.3210973 0.5539027 0.3210973 0.6960973 0.1789027 0.6960973 0.3210973 0.6960973 0.3210973 0.6960973 0.3210973 0.5539027 0.3210973 0.5539027 0.1789027 0.6960973 0.3210973 0.6960973 0.3210973 0.6960973 0.3210973 0.5539027 0.375 0.75 0.3210973 0.6960973 0.1789027 0.6960973 0.375 0.75 0.125 0.75 0.375 0.5 0.375 0.75 0.375 0.75 0.375 0.75 0.125 0.75 0.125 0.75 0.375 0.25 0.375 0 0.375 0 0.375 0 0.625 0.25 0.375 0.25 0.625 0.75 0.375 1 0.375 0.75 0.375 1 0.375 0.75 0.375 0.75 0.375 0.25 0.375 0 0.375 0 0.375 1 0.375 0.75 0.375 0.75 0.375 0.75 0.375 0.5 0.375 0.5 0.375 0.5 0.375 0.25 0.375 0.25 0.375 0.5 0.375 0.25 0.375 0.25 0.375 0.75 0.375 0.5 0.375 0.5 0.375 0.25 0.625 0.5 0.375 0.5 0.375 0.5 0.625 0.75 0.375 0.75 0.875 0.5 0.625 0.75 0.625 0.5 0.125 0.75 0.125 0.5 0.125 0.5 0.125 0.5 0.375 0.5 0.375 0.5 0.1789027 0.5539028 0.125 0.75 0.125 0.5 0.3210973 0.5539027 0.125 0.5 0.375 0.5 0.1789027 0.5539028 0.1789027 0.6960973 0.1789027 0.6960973 0.3210973 0.5539027 0.1789027 0.5539028 0.1789027 0.5539028 0.1789027 0.5539028 0.1789027 0.6960973 0.1789027 0.6960973 0.3210973 0.5539027 0.1789027 0.5539028 0.1789027 0.5539028 0.1789027 0.5539028 0.3210973 0.6960973 0.1789027 0.6960973 0.3210973 0.5539027 0.3210973 0.6960973 0.3210973 0.5539027 0.3210973 0.6960973 0.1789027 0.6960973 0.3210973 0.6960973 0.3210973 0.6960973 0.3210973 0.5539027 0.3210973 0.5539027 0.1789027 0.6960973 0.3210973 0.6960973 0.3210973 0.6960973 0.3210973 0.5539027 0.375 0.75 0.3210973 0.6960973 0.3210973 0.6960973 0.125 0.75 0.1789027 0.6960973 0.375 0.5 0.375 0.75 0.375 0.75 0.375 0.75 0.125 0.75 0.125 0.75 0.375 0.25 0.375 0 0.375 0 0.375 0 0.625 0.25 0.375 0.25 0.625 0.75 0.375 1 0.375 0.75 0.375 1 0.375 0.75 0.375 0.75 0.375 0.25 0.375 0 0.375 0 0.375 1 0.375 0.75 0.375 0.75 0.375 0.75 0.375 0.5 0.375 0.5 0.375 0.5 0.375 0.25 0.375 0.25 0.375 0.5 0.375 0.25 0.375 0.25 0.375 0.75 0.375 0.5 0.375 0.5 0.375 0.25 0.625 0.5 0.375 0.5 0.625 0.5 0.375 0.75 0.375 0.5 0.875 0.5 0.625 0.75 0.625 0.5 0.125 0.75 0.125 0.5 0.125 0.5 0.125 0.5 0.375 0.5 0.375 0.5 0.1789027 0.5539028 0.125 0.75 0.125 0.5 0.3210973 0.5539027 0.125 0.5 0.375 0.5 0.1789027 0.5539028 0.1789027 0.6960973 0.1789027 0.6960973 0.3210973 0.5539027 0.1789027 0.5539028 0.1789027 0.5539028 0.1789027 0.5539028 0.1789027 0.6960973 0.1789027 0.6960973 0.1789027 0.5539028 0.3210973 0.5539027 0.1789027 0.5539028 0.1789027 0.5539028 0.3210973 0.6960973 0.1789027 0.6960973 0.3210973 0.5539027 0.3210973 0.6960973 0.3210973 0.5539027 0.1789027 0.6960973 0.3210973 0.6960973 0.3210973 0.6960973 0.3210973 0.6960973 0.3210973 0.5539027 0.3210973 0.5539027 0.1789027 0.6960973 0.3210973 0.6960973 0.3210973 0.6960973 0.3210973 0.6960973 0.375 0.5 0.375 0.75 0.3210973 0.6960973 0.125 0.75 0.1789027 0.6960973 0.375 0.5 0.375 0.75 0.375 0.75 0.375 0.75 0.125 0.75 0.125 0.75 0.375 0.25 0.375 0 0.375 0 0.375 0 0.625 0.25 0.375 0.25 0.625 0.75 0.375 1 0.375 0.75 0.375 1 0.375 0.75 0.375 0.75 0.375 0.25 0.375 0 0.375 0 0.375 1 0.375 0.75 0.375 0.75 0.375 0.75 0.375 0.5 0.375 0.5 0.375 0.5 0.375 0.25 0.375 0.25 0.375 0.5 0.375 0.25 0.375 0.25 0.375 0.75 0.375 0.5 0.375 0.5 0.375 0.25 0.625 0.5 0.375 0.5 0.375 0.5 0.625 0.75 0.375 0.75 0.875 0.5 0.625 0.75 0.625 0.5 0.125 0.75 0.125 0.5 0.125 0.5 0.125 0.5 0.375 0.5 0.375 0.5 0.1789027 0.6960973 0.125 0.5 0.1789027 0.5539028 0.3210973 0.5539027 0.125 0.5 0.375 0.5 0.1789027 0.5539028 0.1789027 0.6960973 0.1789027 0.6960973 0.3210973 0.5539027 0.1789027 0.5539028 0.1789027 0.5539028 0.1789027 0.5539028 0.1789027 0.6960973 0.1789027 0.6960973 0.3210973 0.5539027 0.1789027 0.5539028 0.1789027 0.5539028 0.1789027 0.5539028 0.3210973 0.6960973 0.1789027 0.6960973 0.3210973 0.5539027 0.3210973 0.6960973 0.3210973 0.5539027 0.3210973 0.6960973 0.1789027 0.6960973 0.3210973 0.6960973 0.3210973 0.6960973 0.3210973 0.5539027 0.3210973 0.5539027 0.1789027 0.6960973 0.3210973 0.6960973 0.3210973 0.6960973 0.3210973 0.6960973 0.375 0.5 0.375 0.75 0.1789027 0.6960973 0.375 0.75 0.125 0.75 0.375 0.5 0.375 0.75 0.375 0.75 0.375 0.75 0.125 0.75 0.125 0.75 0.375 0.25 0.375 0 0.375 0 0.375 0 0.625 0.25 0.375 0.25 0.625 0.75 0.375 1 0.375 0.75 0.375 1 0.375 0.75 0.375 0.75 0.375 0.25 0.375 0 0.375 0 0.375 1 0.375 0.75 0.375 0.75 0.375 0.75 0.375 0.5 0.375 0.5 0.375 0.5 0.375 0.25 0.375 0.25 0.375 0.5 0.375 0.25 0.375 0.25 0.375 0.75 0.375 0.5 0.375 0.5 0.375 0.25 0.625 0.5 0.375 0.5 0.375 0.5 0.625 0.75 0.375 0.75 0.875 0.5 0.625 0.75 0.625 0.5 0.125 0.75 0.125 0.5 0.125 0.5 0.125 0.5 0.375 0.5 0.375 0.5 0.1789027 0.5539028 0.125 0.75 0.125 0.5 0.1789027 0.5539028 0.375 0.5 0.3210973 0.5539027 0.1789027 0.5539028 0.1789027 0.6960973 0.1789027 0.6960973 0.3210973 0.5539027 0.1789027 0.5539028 0.1789027 0.5539028 0.1789027 0.5539028 0.1789027 0.6960973 0.1789027 0.6960973 0.3210973 0.5539027 0.1789027 0.5539028 0.1789027 0.5539028 0.1789027 0.5539028 0.3210973 0.6960973 0.1789027 0.6960973 0.3210973 0.5539027 0.3210973 0.6960973 0.3210973 0.5539027 0.3210973 0.6960973 0.1789027 0.6960973 0.3210973 0.6960973 0.3210973 0.6960973 0.3210973 0.5539027 0.3210973 0.5539027 0.1789027 0.6960973 0.3210973 0.6960973 0.3210973 0.6960973 0.3210973 0.5539027 0.375 0.75 0.3210973 0.6960973 0.1789027 0.6960973 0.375 0.75 0.125 0.75 0.375 0.5 0.375 0.75 0.375 0.75 0.375 0.75 0.125 0.75 0.125 0.75 0.375 0.25 0.375 0 0.375 0 0.375 0 0.625 0.25 0.375 0.25 0.625 0.75 0.375 1 0.375 0.75 0.375 1 0.375 0.75 0.375 0.75 0.375 0.25 0.375 0 0.375 0 0.375 1 0.375 0.75 0.375 0.75 0.375 0.75 0.375 0.5 0.375 0.5 0.375 0.5 0.375 0.25 0.375 0.25 0.375 0.5 0.375 0.25 0.375 0.25 0.375 0.75 0.375 0.5 0.375 0.5 0.375 0.25 0.625 0.5 0.375 0.5 0.625 0.5 0.375 0.75 0.375 0.5 0.875 0.5 0.625 0.75 0.625 0.5 0.125 0.75 0.125 0.5 0.125 0.5 0.125 0.5 0.375 0.5 0.375 0.5 0.1789027 0.6960973 0.125 0.5 0.1789027 0.5539028 0.1789027 0.5539028 0.375 0.5 0.3210973 0.5539027 0.1789027 0.5539028 0.1789027 0.6960973 0.1789027 0.6960973 0.3210973 0.5539027 0.1789027 0.5539028 0.1789027 0.5539028 0.1789027 0.5539028 0.1789027 0.6960973 0.1789027 0.6960973 0.3210973 0.5539027 0.1789027 0.5539028 0.1789027 0.5539028 0.1789027 0.5539028 0.3210973 0.6960973 0.1789027 0.6960973 0.3210973 0.5539027 0.3210973 0.6960973 0.3210973 0.5539027 0.3210973 0.6960973 0.1789027 0.6960973 0.3210973 0.6960973 0.3210973 0.6960973 0.3210973 0.5539027 0.3210973 0.5539027 0.1789027 0.6960973 0.3210973 0.6960973 0.3210973 0.6960973 0.3210973 0.5539027 0.375 0.75 0.3210973 0.6960973 0.1789027 0.6960973 0.375 0.75 0.125 0.75 0.375 0.5 0.375 0.75 0.375 0.75 0.375 0.75 0.125 0.75 0.125 0.75 0.375 0.25 0.375 0 0.375 0 0.375 0 0.625 0.25 0.375 0.25 0.625 0.75 0.375 1 0.375 0.75 0.375 1 0.375 0.75 0.375 0.75 0.375 0.25 0.375 0 0.375 0 0.375 1 0.375 0.75 0.375 0.75 0.375 0.75 0.375 0.5 0.375 0.5 0.375 0.5 0.375 0.25 0.375 0.25 0.375 0.5 0.375 0.25 0.375 0.25 0.375 0.75 0.375 0.5 0.375 0.5 0.375 0.25 0.625 0.5 0.375 0.5 0.625 0.5 0.375 0.75 0.375 0.5 0.875 0.5 0.625 0.75 0.625 0.5 0.125 0.75 0.125 0.5 0.125 0.5 0.125 0.5 0.375 0.5 0.375 0.5 0.1789027 0.5539028 0.125 0.75 0.125 0.5 0.3210973 0.5539027 0.125 0.5 0.375 0.5 0.1789027 0.5539028 0.1789027 0.6960973 0.1789027 0.6960973 0.3210973 0.5539027 0.1789027 0.5539028 0.1789027 0.5539028 0.1789027 0.5539028 0.1789027 0.6960973 0.1789027 0.6960973 0.3210973 0.5539027 0.1789027 0.5539028 0.1789027 0.5539028 0.1789027 0.5539028 0.3210973 0.6960973 0.1789027 0.6960973 0.3210973 0.5539027 0.3210973 0.6960973 0.3210973 0.5539027 0.3210973 0.6960973 0.1789027 0.6960973 0.3210973 0.6960973 0.3210973 0.6960973 0.3210973 0.5539027 0.3210973 0.5539027 0.1789027 0.6960973 0.3210973 0.6960973 0.3210973 0.6960973 0.3210973 0.5539027 0.375 0.75 0.3210973 0.6960973 0.1789027 0.6960973 0.375 0.75 0.125 0.75 0.375 0.5 0.375 0.75 0.375 0.75 0.375 0.75 0.125 0.75 0.125 0.75 0.375 0.25 0.375 0 0.375 0 0.625 0 0.375 0.25 0.375 0 0.625 0.75 0.375 1 0.375 0.75 0.375 1 0.375 0.75 0.375 0.75 0.375 0.25 0.375 0 0.375 0 0.375 1 0.375 0.75 0.375 0.75 0.375 0.75 0.375 0.5 0.375 0.5 0.375 0.5 0.375 0.25 0.375 0.25 0.375 0.5 0.375 0.25 0.375 0.25 0.375 0.75 0.375 0.5 0.375 0.5 0.375 0.25 0.625 0.5 0.375 0.5 0.625 0.5 0.375 0.75 0.375 0.5 0.875 0.5 0.625 0.75 0.625 0.5 0.125 0.75 0.125 0.5 0.125 0.5 0.125 0.5 0.375 0.5 0.375 0.5 0.1789027 0.5539028 0.125 0.75 0.125 0.5 0.3210973 0.5539027 0.125 0.5 0.375 0.5 0.1789027 0.5539028 0.1789027 0.6960973 0.1789027 0.6960973 0.3210973 0.5539027 0.1789027 0.5539028 0.1789027 0.5539028 0.1789027 0.5539028 0.1789027 0.6960973 0.1789027 0.6960973 0.3210973 0.5539027 0.1789027 0.5539028 0.1789027 0.5539028 0.1789027 0.5539028 0.3210973 0.6960973 0.1789027 0.6960973 0.3210973 0.5539027 0.3210973 0.6960973 0.3210973 0.5539027 0.3210973 0.6960973 0.1789027 0.6960973 0.3210973 0.6960973 0.3210973 0.6960973 0.3210973 0.5539027 0.3210973 0.5539027 0.1789027 0.6960973 0.3210973 0.6960973 0.3210973 0.6960973 0.3210973 0.5539027 0.375 0.75 0.3210973 0.6960973 0.3210973 0.6960973 0.125 0.75 0.1789027 0.6960973 0.375 0.5 0.375 0.75 0.375 0.75 0.375 0.75 0.125 0.75 0.125 0.75 0.375 0.25 0.375 0 0.375 0 0.375 0 0.625 0.25 0.375 0.25 0.625 0.75 0.375 1 0.375 0.75 0.375 1 0.375 0.75 0.375 0.75 0.375 0.25 0.375 0 0.375 0 0.375 1 0.375 0.75 0.375 0.75 0.375 0.75 0.375 0.5 0.375 0.5 0.375 0.5 0.375 0.25 0.375 0.25 0.375 0.5 0.375 0.25 0.375 0.25 0.375 0.75 0.375 0.5 0.375 0.5 0.375 0.25 0.625 0.5 0.375 0.5 0.625 0.5 0.375 0.75 0.375 0.5 0.875 0.5 0.625 0.75 0.625 0.5 0.125 0.75 0.125 0.5 0.125 0.5 0.125 0.5 0.375 0.5 0.375 0.5 0.1789027 0.6960973 0.125 0.5 0.1789027 0.5539028 0.3210973 0.5539027 0.125 0.5 0.375 0.5 0.1789027 0.5539028 0.1789027 0.6960973 0.1789027 0.6960973 0.3210973 0.5539027 0.1789027 0.5539028 0.1789027 0.5539028 0.1789027 0.5539028 0.1789027 0.6960973 0.1789027 0.6960973 0.3210973 0.5539027 0.1789027 0.5539028 0.1789027 0.5539028 0.1789027 0.5539028 0.3210973 0.6960973 0.1789027 0.6960973 0.3210973 0.5539027 0.3210973 0.6960973 0.3210973 0.5539027 0.3210973 0.6960973 0.1789027 0.6960973 0.3210973 0.6960973 0.3210973 0.6960973 0.3210973 0.5539027 0.3210973 0.5539027 0.1789027 0.6960973 0.3210973 0.6960973 0.3210973 0.6960973 0.3210973 0.5539027 0.375 0.75 0.3210973 0.6960973 0.1789027 0.6960973 0.375 0.75 0.125 0.75 0.375 0.5 0.375 0.75 0.375 0.75 0.375 0.75 0.125 0.75 0.125 0.75 0.375 0.25 0.375 0 0.375 0 0.375 0 0.625 0.25 0.375 0.25 0.625 0.75 0.375 1 0.375 0.75 0.375 1 0.375 0.75 0.375 0.75 0.375 0.25 0.375 0 0.375 0 0.375 1 0.375 0.75 0.375 0.75 0.375 0.75 0.375 0.5 0.375 0.5 0.375 0.5 0.375 0.25 0.375 0.25 0.375 0.5 0.375 0.25 0.375 0.25 0.375 0.75 0.375 0.5 0.375 0.5 0.375 0.25 0.625 0.5 0.375 0.5 0.625 0.5 0.375 0.75 0.375 0.5 0.875 0.5 0.625 0.75 0.625 0.5 0.125 0.75 0.125 0.5 0.125 0.5 0.125 0.5 0.375 0.5 0.375 0.5 0.1789027 0.6960973 0.125 0.5 0.1789027 0.5539028 0.3210973 0.5539027 0.125 0.5 0.375 0.5 0.1789027 0.5539028 0.1789027 0.6960973 0.1789027 0.6960973 0.3210973 0.5539027 0.1789027 0.5539028 0.1789027 0.5539028 0.1789027 0.5539028 0.1789027 0.6960973 0.1789027 0.6960973 0.3210973 0.5539027 0.1789027 0.5539028 0.1789027 0.5539028 0.1789027 0.5539028 0.3210973 0.6960973 0.1789027 0.6960973 0.3210973 0.5539027 0.3210973 0.6960973 0.3210973 0.5539027 0.3210973 0.6960973 0.1789027 0.6960973 0.3210973 0.6960973 0.3210973 0.6960973 0.3210973 0.5539027 0.3210973 0.5539027 0.1789027 0.6960973 0.3210973 0.6960973 0.3210973 0.6960973 0.3210973 0.5539027 0.375 0.75 0.3210973 0.6960973 0.1789027 0.6960973 0.375 0.75 0.125 0.75 0.375 0.5 0.375 0.75 0.375 0.75 0.375 0.75 0.125 0.75 0.125 0.75 0.375 0.25 0.375 0 0.375 0 0.375 0 0.625 0.25 0.375 0.25 0.625 0.75 0.375 1 0.375 0.75 0.375 1 0.375 0.75 0.375 0.75 0.375 0.25 0.375 0 0.375 0 0.375 1 0.375 0.75 0.375 0.75 0.375 0.75 0.375 0.5 0.375 0.5 0.375 0.5 0.375 0.25 0.375 0.25 0.375 0.5 0.375 0.25 0.375 0.25 0.375 0.75 0.375 0.5 0.375 0.5 0.375 0.25 0.625 0.5 0.375 0.5 0.375 0.5 0.625 0.75 0.375 0.75 0.875 0.5 0.625 0.75 0.625 0.5 0.125 0.75 0.125 0.5 0.125 0.5 0.125 0.5 0.375 0.5 0.375 0.5 0.1789027 0.5539028 0.125 0.75 0.125 0.5 0.1789027 0.5539028 0.375 0.5 0.3210973 0.5539027 0.1789027 0.5539028 0.1789027 0.6960973 0.1789027 0.6960973 0.3210973 0.5539027 0.1789027 0.5539028 0.1789027 0.5539028 0.1789027 0.5539028 0.1789027 0.6960973 0.1789027 0.6960973 0.3210973 0.5539027 0.1789027 0.5539028 0.1789027 0.5539028 0.3210973 0.5539027 0.1789027 0.6960973 0.1789027 0.5539028 0.3210973 0.5539027 0.3210973 0.6960973 0.3210973 0.5539027 0.3210973 0.6960973 0.1789027 0.6960973 0.3210973 0.6960973 0.3210973 0.6960973 0.3210973 0.5539027 0.3210973 0.5539027 0.1789027 0.6960973 0.3210973 0.6960973 0.3210973 0.6960973 0.3210973 0.6960973 0.375 0.5 0.375 0.75 0.1789027 0.6960973 0.375 0.75 0.125 0.75 0.375 0.5 0.375 0.75 0.375 0.75 0.375 0.75 0.125 0.75 0.125 0.75 0.375 0.25 0.375 0 0.375 0 0.375 0 0.625 0.25 0.375 0.25 0.625 0.75 0.375 1 0.375 0.75 0.375 1 0.375 0.75 0.375 0.75 0.375 0.25 0.375 0 0.375 0 0.375 1 0.375 0.75 0.375 0.75 0.375 0.75 0.375 0.5 0.375 0.5 0.375 0.5 0.375 0.25 0.375 0.25 0.375 0.5 0.375 0.25 0.375 0.25 0.375 0.75 0.375 0.5 0.375 0.5 0.375 0.25 0.625 0.5 0.375 0.5 0.625 0.5 0.375 0.75 0.375 0.5 0.875 0.5 0.625 0.75 0.625 0.5 0.125 0.75 0.125 0.5 0.125 0.5 0.125 0.5 0.375 0.5 0.375 0.5 0.1789027 0.6960973 0.125 0.5 0.1789027 0.5539028 0.3210973 0.5539027 0.125 0.5 0.375 0.5 0.1789027 0.5539028 0.1789027 0.6960973 0.1789027 0.6960973 0.3210973 0.5539027 0.1789027 0.5539028 0.1789027 0.5539028 0.1789027 0.5539028 0.1789027 0.6960973 0.1789027 0.6960973 0.1789027 0.5539028 0.3210973 0.5539027 0.1789027 0.5539028 0.1789027 0.5539028 0.3210973 0.6960973 0.1789027 0.6960973 0.3210973 0.5539027 0.3210973 0.6960973 0.3210973 0.5539027 0.1789027 0.6960973 0.3210973 0.6960973 0.3210973 0.6960973 0.3210973 0.6960973 0.3210973 0.5539027 0.3210973 0.5539027 0.1789027 0.6960973 0.3210973 0.6960973 0.3210973 0.6960973 0.3210973 0.5539027 0.375 0.75 0.3210973 0.6960973 0.1789027 0.6960973 0.375 0.75 0.125 0.75 0.375 0.5 0.375 0.75 0.375 0.75 0.375 0.75 0.125 0.75 0.125 0.75 0.375 0.25 0.375 0 0.375 0 0.375 0 0.625 0.25 0.375 0.25 0.625 0.75 0.375 1 0.375 0.75 0.375 1 0.375 0.75 0.375 0.75 0.375 0.25 0.375 0 0.375 0 0.375 1 0.375 0.75 0.375 0.75 0.375 0.75 0.375 0.5 0.375 0.5 0.375 0.5 0.375 0.25 0.375 0.25 0.375 0.5 0.375 0.25 0.375 0.25 0.375 0.75 0.375 0.5 0.375 0.5 0.375 0.25 0.625 0.5 0.375 0.5 0.625 0.5 0.375 0.75 0.375 0.5 0.875 0.5 0.625 0.75 0.625 0.5 0.125 0.75 0.125 0.5 0.125 0.5 0.125 0.5 0.375 0.5 0.375 0.5 0.1789027 0.6960973 0.125 0.5 0.1789027 0.5539028 0.1789027 0.5539028 0.375 0.5 0.3210973 0.5539027 0.1789027 0.5539028 0.1789027 0.6960973 0.1789027 0.6960973 0.3210973 0.5539027 0.1789027 0.5539028 0.1789027 0.5539028 0.1789027 0.5539028 0.1789027 0.6960973 0.1789027 0.6960973 0.3210973 0.5539027 0.1789027 0.5539028 0.1789027 0.5539028 0.1789027 0.5539028 0.3210973 0.6960973 0.1789027 0.6960973 0.3210973 0.5539027 0.3210973 0.6960973 0.3210973 0.5539027 0.3210973 0.6960973 0.1789027 0.6960973 0.3210973 0.6960973 0.3210973 0.6960973 0.3210973 0.5539027 0.3210973 0.5539027 0.1789027 0.6960973 0.3210973 0.6960973 0.3210973 0.6960973 0.3210973 0.5539027 0.375 0.75 0.3210973 0.6960973 0.1789027 0.6960973 0.375 0.75 0.125 0.75 0.375 0.5 0.375 0.75 0.375 0.75 0.375 0.75 0.125 0.75 0.125 0.75 0.375 0.25 0.375 0 0.375 0 0.375 0 0.625 0.25 0.375 0.25 0.625 0.75 0.375 1 0.375 0.75 0.375 1 0.375 0.75 0.375 0.75 0.375 0.25 0.375 0 0.375 0 0.375 1 0.375 0.75 0.375 0.75 0.375 0.75 0.375 0.5 0.375 0.5 0.375 0.5 0.375 0.25 0.375 0.25 0.375 0.5 0.375 0.25 0.375 0.25 0.375 0.75 0.375 0.5 0.375 0.5 0.375 0.25 0.625 0.5 0.375 0.5 0.625 0.5 0.375 0.75 0.375 0.5 0.875 0.5 0.625 0.75 0.625 0.5 0.125 0.75 0.125 0.5 0.125 0.5 0.125 0.5 0.375 0.5 0.375 0.5 0.1789027 0.6960973 0.125 0.5 0.1789027 0.5539028 0.3210973 0.5539027 0.125 0.5 0.375 0.5 0.1789027 0.5539028 0.1789027 0.6960973 0.1789027 0.6960973 0.3210973 0.5539027 0.1789027 0.5539028 0.1789027 0.5539028 0.1789027 0.5539028 0.1789027 0.6960973 0.1789027 0.6960973 0.3210973 0.5539027 0.1789027 0.5539028 0.1789027 0.5539028 0.1789027 0.5539028 0.3210973 0.6960973 0.1789027 0.6960973 0.3210973 0.5539027 0.3210973 0.6960973 0.3210973 0.5539027 0.3210973 0.6960973 0.1789027 0.6960973 0.3210973 0.6960973 0.3210973 0.6960973 0.3210973 0.5539027 0.3210973 0.5539027 0.1789027 0.6960973 0.3210973 0.6960973 0.3210973 0.6960973 0.3210973 0.5539027 0.375 0.75 0.3210973 0.6960973 0.3210973 0.6960973 0.125 0.75 0.1789027 0.6960973 0.375 0.5 0.375 0.75 0.375 0.75 0.375 0.75 0.125 0.75 0.125 0.75 0.375 0.25 0.375 0 0.375 0 0.625 0 0.375 0.25 0.375 0 0.625 0.75 0.375 1 0.375 0.75 0.375 1 0.375 0.75 0.375 0.75 0.375 0.25 0.375 0 0.375 0 0.375 1 0.375 0.75 0.375 0.75 0.375 0.75 0.375 0.5 0.375 0.5 0.375 0.5 0.375 0.25 0.375 0.25 0.375 0.5 0.375 0.25 0.375 0.25 0.375 0.75 0.375 0.5 0.375 0.5 0.375 0.25 0.625 0.5 0.375 0.5 0.625 0.5 0.375 0.75 0.375 0.5 0.875 0.5 0.625 0.75 0.625 0.5 0.125 0.75 0.125 0.5 0.125 0.5 0.125 0.5 0.375 0.5 0.375 0.5 0.1789027 0.6960973 0.125 0.5 0.1789027 0.5539028 0.3210973 0.5539027 0.125 0.5 0.375 0.5 0.1789027 0.5539028 0.1789027 0.6960973 0.1789027 0.6960973 0.3210973 0.5539027 0.1789027 0.5539028 0.1789027 0.5539028 0.1789027 0.5539028 0.1789027 0.6960973 0.1789027 0.6960973 0.3210973 0.5539027 0.1789027 0.5539028 0.1789027 0.5539028 0.1789027 0.5539028 0.3210973 0.6960973 0.1789027 0.6960973 0.3210973 0.5539027 0.3210973 0.6960973 0.3210973 0.5539027 0.3210973 0.6960973 0.1789027 0.6960973 0.3210973 0.6960973 0.3210973 0.6960973 0.3210973 0.5539027 0.3210973 0.5539027 0.1789027 0.6960973 0.3210973 0.6960973 0.3210973 0.6960973 0.3210973 0.5539027 0.375 0.75 0.3210973 0.6960973 0.3210973 0.6960973 0.125 0.75 0.1789027 0.6960973 0.375 0.5 0.375 0.75 0.375 0.75 0.375 0.75 0.125 0.75 0.125 0.75 0.375 0.25 0.375 0 0.375 0 0.625 0 0.375 0.25 0.375 0 0.625 0.75 0.375 1 0.375 0.75 0.375 1 0.375 0.75 0.375 0.75 0.375 0.25 0.375 0 0.375 0 0.375 1 0.375 0.75 0.375 0.75 0.375 0.75 0.375 0.5 0.375 0.5 0.375 0.5 0.375 0.25 0.375 0.25 0.375 0.5 0.375 0.25 0.375 0.25 0.375 0.75 0.375 0.5 0.375 0.5 0.375 0.25 0.625 0.5 0.375 0.5 0.625 0.5 0.375 0.75 0.375 0.5 0.875 0.5 0.625 0.75 0.625 0.5 0.125 0.75 0.125 0.5 0.125 0.5 0.125 0.5 0.375 0.5 0.375 0.5 0.1789027 0.6960973 0.125 0.5 0.1789027 0.5539028 0.3210973 0.5539027 0.125 0.5 0.375 0.5 0.1789027 0.5539028 0.1789027 0.6960973 0.1789027 0.6960973 0.3210973 0.5539027 0.1789027 0.5539028 0.1789027 0.5539028 0.1789027 0.5539028 0.1789027 0.6960973 0.1789027 0.6960973 0.3210973 0.5539027 0.1789027 0.5539028 0.1789027 0.5539028 0.1789027 0.5539028 0.3210973 0.6960973 0.1789027 0.6960973 0.3210973 0.5539027 0.3210973 0.6960973 0.3210973 0.5539027 0.3210973 0.6960973 0.1789027 0.6960973 0.3210973 0.6960973 0.3210973 0.6960973 0.3210973 0.5539027 0.3210973 0.5539027 0.1789027 0.6960973 0.3210973 0.6960973 0.3210973 0.6960973 0.3210973 0.5539027 0.375 0.75 0.3210973 0.6960973 0.3210973 0.6960973 0.125 0.75 0.1789027 0.6960973 0.375 0.5 0.375 0.75 0.375 0.75 0.375 0.75 0.125 0.75 0.125 0.75 0.375 0.25 0.375 0 0.375 0 0.625 0 0.375 0.25 0.375 0 0.625 0.75 0.375 1 0.375 0.75 0.375 1 0.375 0.75 0.375 0.75 0.375 0.25 0.375 0 0.375 0 0.375 1 0.375 0.75 0.375 0.75 0.375 0.75 0.375 0.5 0.375 0.5 0.375 0.5 0.375 0.25 0.375 0.25 0.375 0.5 0.375 0.25 0.375 0.25 0.375 0.75 0.375 0.5 0.375 0.5 0.375 0.25 0.625 0.5 0.375 0.5 0.375 0.5 0.625 0.75 0.375 0.75 0.875 0.5 0.625 0.75 0.625 0.5 0.125 0.75 0.125 0.5 0.125 0.5 0.125 0.5 0.375 0.5 0.375 0.5 0.1789027 0.6960973 0.125 0.5 0.1789027 0.5539028 0.3210973 0.5539027 0.125 0.5 0.375 0.5 0.1789027 0.5539028 0.1789027 0.6960973 0.1789027 0.6960973 0.3210973 0.5539027 0.1789027 0.5539028 0.1789027 0.5539028 0.1789027 0.5539028 0.1789027 0.6960973 0.1789027 0.6960973 0.3210973 0.5539027 0.1789027 0.5539028 0.1789027 0.5539028 0.1789027 0.5539028 0.3210973 0.6960973 0.1789027 0.6960973 0.3210973 0.5539027 0.3210973 0.6960973 0.3210973 0.5539027 0.3210973 0.6960973 0.1789027 0.6960973 0.3210973 0.6960973 0.3210973 0.6960973 0.3210973 0.5539027 0.3210973 0.5539027 0.1789027 0.6960973 0.3210973 0.6960973 0.3210973 0.6960973 0.3210973 0.5539027 0.375 0.75 0.3210973 0.6960973 0.3210973 0.6960973 0.125 0.75 0.1789027 0.6960973 0.375 0.5 0.375 0.75 0.375 0.75 0.375 0.75 0.125 0.75 0.125 0.75 0.375 0.25 0.375 0 0.375 0 0.375 0 0.625 0.25 0.375 0.25 0.625 0.75 0.375 1 0.375 0.75 0.375 1 0.375 0.75 0.375 0.75 0.375 0.25 0.375 0 0.375 0 0.375 1 0.375 0.75 0.375 0.75 0.375 0.75 0.375 0.5 0.375 0.5 0.375 0.5 0.375 0.25 0.375 0.25 0.375 0.5 0.375 0.25 0.375 0.25 0.375 0.75 0.375 0.5 0.375 0.5 0.375 0.25 0.625 0.5 0.375 0.5 0.375 0.5 0.625 0.75 0.375 0.75 0.875 0.5 0.625 0.75 0.625 0.5 0.125 0.75 0.125 0.5 0.125 0.5 0.125 0.5 0.375 0.5 0.375 0.5 0.1789027 0.6960973 0.125 0.5 0.1789027 0.5539028 0.3210973 0.5539027 0.125 0.5 0.375 0.5 0.1789027 0.5539028 0.1789027 0.6960973 0.1789027 0.6960973 0.3210973 0.5539027 0.1789027 0.5539028 0.1789027 0.5539028 0.1789027 0.5539028 0.1789027 0.6960973 0.1789027 0.6960973 0.3210973 0.5539027 0.1789027 0.5539028 0.1789027 0.5539028 0.3210973 0.5539027 0.1789027 0.6960973 0.1789027 0.5539028 0.3210973 0.6960973 0.3210973 0.5539027 0.3210973 0.5539027 0.3210973 0.6960973 0.1789027 0.6960973 0.3210973 0.6960973 0.3210973 0.6960973 0.3210973 0.5539027 0.3210973 0.5539027 0.1789027 0.6960973 0.3210973 0.6960973 0.3210973 0.6960973 0.3210973 0.6960973 0.375 0.5 0.375 0.75 0.3210973 0.6960973 0.125 0.75 0.1789027 0.6960973 0.375 0.5 0.375 0.75 0.375 0.75 0.375 0.75 0.125 0.75 0.125 0.75 0.375 0.25 0.375 0 0.375 0 0.625 0 0.375 0.25 0.375 0 0.625 0.75 0.375 1 0.375 0.75 0.375 1 0.375 0.75 0.375 0.75 0.375 0.25 0.375 0 0.375 0 0.375 1 0.375 0.75 0.375 0.75 0.375 0.75 0.375 0.5 0.375 0.5 0.375 0.5 0.375 0.25 0.375 0.25 0.375 0.5 0.375 0.25 0.375 0.25 0.375 0.75 0.375 0.5 0.375 0.5 0.375 0.25 0.625 0.5 0.375 0.5 0.375 0.5 0.625 0.75 0.375 0.75 0.875 0.5 0.625 0.75 0.625 0.5 0.125 0.75 0.125 0.5 0.125 0.5 0.125 0.5 0.375 0.5 0.375 0.5 0.1789027 0.6960973 0.125 0.5 0.1789027 0.5539028 0.3210973 0.5539027 0.125 0.5 0.375 0.5 0.1789027 0.5539028 0.1789027 0.6960973 0.1789027 0.6960973 0.3210973 0.5539027 0.1789027 0.5539028 0.1789027 0.5539028 0.1789027 0.5539028 0.1789027 0.6960973 0.1789027 0.6960973 0.3210973 0.5539027 0.1789027 0.5539028 0.1789027 0.5539028 0.1789027 0.5539028 0.3210973 0.6960973 0.1789027 0.6960973 0.3210973 0.5539027 0.3210973 0.6960973 0.3210973 0.5539027 0.3210973 0.6960973 0.1789027 0.6960973 0.3210973 0.6960973 0.3210973 0.6960973 0.3210973 0.5539027 0.3210973 0.5539027 0.1789027 0.6960973 0.3210973 0.6960973 0.3210973 0.6960973 0.3210973 0.6960973 0.375 0.5 0.375 0.75 0.3210973 0.6960973 0.125 0.75 0.1789027 0.6960973 0.375 0.5 0.375 0.75 0.375 0.75 0.375 0.75 0.125 0.75 0.125 0.75 0.375 0.25 0.375 0 0.375 0 0.375 0 0.625 0.25 0.375 0.25 0.625 0.75 0.375 1 0.375 0.75 0.375 1 0.375 0.75 0.375 0.75 0.375 0.25 0.375 0 0.375 0 0.375 1 0.375 0.75 0.375 0.75 0.375 0.75 0.375 0.5 0.375 0.5 0.375 0.5 0.375 0.25 0.375 0.25 0.375 0.5 0.375 0.25 0.375 0.25 0.375 0.75 0.375 0.5 0.375 0.5 0.375 0.25 0.625 0.5 0.375 0.5 0.375 0.5 0.625 0.75 0.375 0.75 0.875 0.5 0.625 0.75 0.625 0.5 0.125 0.75 0.125 0.5 0.125 0.5 0.125 0.5 0.375 0.5 0.375 0.5 0.1789027 0.6960973 0.125 0.5 0.1789027 0.5539028 0.3210973 0.5539027 0.125 0.5 0.375 0.5 0.1789027 0.5539028 0.1789027 0.6960973 0.1789027 0.6960973 0.3210973 0.5539027 0.1789027 0.5539028 0.1789027 0.5539028 0.1789027 0.5539028 0.1789027 0.6960973 0.1789027 0.6960973 0.3210973 0.5539027 0.1789027 0.5539028 0.1789027 0.5539028 0.3210973 0.5539027 0.1789027 0.6960973 0.1789027 0.5539028 0.3210973 0.6960973 0.3210973 0.5539027 0.3210973 0.5539027 0.3210973 0.6960973 0.1789027 0.6960973 0.3210973 0.6960973 0.3210973 0.6960973 0.3210973 0.5539027 0.3210973 0.5539027 0.1789027 0.6960973 0.3210973 0.6960973 0.3210973 0.6960973 0.3210973 0.6960973 0.375 0.5 0.375 0.75 0.3210973 0.6960973 0.125 0.75 0.1789027 0.6960973 0.375 0.5 0.375 0.75 0.375 0.75 0.375 0.75 0.125 0.75 0.125 0.75 0.375 0.25 0.375 0 0.375 0 0.625 0 0.375 0.25 0.375 0 0.375 0.75 0.625 1 0.375 1 0.375 1 0.375 0.75 0.375 0.75 0.375 0.25 0.375 0 0.375 0 0.375 1 0.375 0.75 0.375 0.75 0.375 0.75 0.375 0.5 0.375 0.5 0.375 0.5 0.375 0.25 0.375 0.25 0.375 0.5 0.375 0.25 0.375 0.25 0.375 0.75 0.375 0.5 0.375 0.5 0.625 0.25 0.375 0.5 0.375 0.25 0.625 0.5 0.375 0.75 0.375 0.5 0.875 0.5 0.625 0.75 0.625 0.5 0.125 0.75 0.125 0.5 0.125 0.5 0.125 0.5 0.375 0.5 0.375 0.5 0.1789027 0.6960973 0.125 0.5 0.1789027 0.5539028 0.1789027 0.5539028 0.375 0.5 0.3210973 0.5539027 0.1789027 0.5539028 0.1789027 0.6960973 0.1789027 0.6960973 0.3210973 0.5539027 0.1789027 0.5539028 0.1789027 0.5539028 0.1789027 0.5539028 0.1789027 0.6960973 0.1789027 0.6960973 0.3210973 0.5539027 0.1789027 0.5539028 0.1789027 0.5539028 0.1789027 0.5539028 0.3210973 0.6960973 0.1789027 0.6960973 0.3210973 0.6960973 0.3210973 0.5539027 0.3210973 0.5539027 0.3210973 0.6960973 0.1789027 0.6960973 0.3210973 0.6960973 0.3210973 0.6960973 0.3210973 0.5539027 0.3210973 0.5539027 0.1789027 0.6960973 0.3210973 0.6960973 0.3210973 0.6960973 0.3210973 0.5539027 0.375 0.75 0.3210973 0.6960973 0.1789027 0.6960973 0.375 0.75 0.125 0.75 0.375 0.5 0.375 0.75 0.375 0.75 0.375 0.75 0.125 0.75 0.125 0.75 0.375 0.25 0.375 0 0.375 0 0.375 0 0.625 0.25 0.375 0.25 0.375 0.75 0.625 1 0.375 1 0.375 1 0.375 0.75 0.375 0.75 0.375 0.25 0.375 0 0.375 0 0.375 1 0.375 0.75 0.375 0.75 0.375 0.75 0.375 0.5 0.375 0.5 0.375 0.5 0.375 0.25 0.375 0.25 0.375 0.5 0.375 0.25 0.375 0.25 0.375 0.75 0.375 0.5 0.375 0.5 0.625 0.25 0.375 0.5 0.375 0.25 0.625 0.5 0.375 0.75 0.375 0.5 0.875 0.5 0.625 0.75 0.625 0.5 0.125 0.75 0.125 0.5 0.125 0.5 0.125 0.5 0.375 0.5 0.375 0.5 0.1789027 0.5539028 0.125 0.75 0.125 0.5 0.1789027 0.5539028 0.375 0.5 0.3210973 0.5539027 0.1789027 0.5539028 0.1789027 0.6960973 0.1789027 0.6960973 0.3210973 0.5539027 0.1789027 0.5539028 0.1789027 0.5539028 0.1789027 0.6960973 0.1789027 0.5539028 0.1789027 0.6960973 0.3210973 0.5539027 0.1789027 0.5539028 0.1789027 0.5539028 0.1789027 0.5539028 0.3210973 0.6960973 0.1789027 0.6960973 0.3210973 0.6960973 0.3210973 0.5539027 0.3210973 0.5539027 0.3210973 0.6960973 0.1789027 0.6960973 0.3210973 0.6960973 0.3210973 0.6960973 0.3210973 0.5539027 0.3210973 0.5539027 0.1789027 0.6960973 0.3210973 0.6960973 0.3210973 0.6960973 0.3210973 0.6960973 0.375 0.5 0.375 0.75 0.1789027 0.6960973 0.375 0.75 0.125 0.75 0.375 0.5 0.375 0.75 0.375 0.75 0.375 0.75 0.125 0.75 0.125 0.75 0.375 0.25 0.375 0 0.375 0 0.625 0 0.375 0.25 0.375 0 0.375 0.75 0.625 1 0.375 1 0.375 1 0.375 0.75 0.375 0.75 0.375 0.25 0.375 0 0.375 0 0.375 1 0.375 0.75 0.375 0.75 0.375 0.75 0.375 0.5 0.375 0.5 0.375 0.5 0.375 0.25 0.375 0.25 0.375 0.5 0.375 0.25 0.375 0.25 0.375 0.75 0.375 0.5 0.375 0.5 0.625 0.25 0.375 0.5 0.375 0.25 0.375 0.5 0.625 0.75 0.375 0.75 0.875 0.5 0.625 0.75 0.625 0.5 0.125 0.75 0.125 0.5 0.125 0.5 0.125 0.5 0.375 0.5 0.375 0.5 0.1789027 0.6960973 0.125 0.5 0.1789027 0.5539028 0.1789027 0.5539028 0.375 0.5 0.3210973 0.5539027 0.1789027 0.5539028 0.1789027 0.6960973 0.1789027 0.6960973 0.3210973 0.5539027 0.1789027 0.5539028 0.1789027 0.5539028 0.1789027 0.5539028 0.1789027 0.6960973 0.1789027 0.6960973 0.1789027 0.5539028 0.3210973 0.5539027 0.1789027 0.5539028 0.3210973 0.5539027 0.1789027 0.6960973 0.1789027 0.5539028 0.3210973 0.6960973 0.3210973 0.5539027 0.3210973 0.5539027 0.1789027 0.6960973 0.3210973 0.6960973 0.3210973 0.6960973 0.3210973 0.6960973 0.3210973 0.5539027 0.3210973 0.5539027 0.1789027 0.6960973 0.3210973 0.6960973 0.3210973 0.6960973 0.3210973 0.5539027 0.375 0.75 0.3210973 0.6960973 0.1789027 0.6960973 0.375 0.75 0.125 0.75 0.375 0.5 0.375 0.75 0.375 0.75 0.375 0.75 0.125 0.75 0.125 0.75 0.375 0.25 0.375 0 0.375 0 0.625 0 0.375 0.25 0.375 0 0.375 0.75 0.625 1 0.375 1 0.375 1 0.375 0.75 0.375 0.75 0.375 0.25 0.375 0 0.375 0 0.375 1 0.375 0.75 0.375 0.75 0.375 0.75 0.375 0.5 0.375 0.5 0.375 0.5 0.375 0.25 0.375 0.25 0.375 0.5 0.375 0.25 0.375 0.25 0.375 0.75 0.375 0.5 0.375 0.5 0.625 0.25 0.375 0.5 0.375 0.25 0.625 0.5 0.375 0.75 0.375 0.5 0.875 0.5 0.625 0.75 0.625 0.5 0.125 0.75 0.125 0.5 0.125 0.5 0.125 0.5 0.375 0.5 0.375 0.5 0.1789027 0.6960973 0.125 0.5 0.1789027 0.5539028 0.1789027 0.5539028 0.375 0.5 0.3210973 0.5539027 0.1789027 0.5539028 0.1789027 0.6960973 0.1789027 0.6960973 0.3210973 0.5539027 0.1789027 0.5539028 0.1789027 0.5539028 0.1789027 0.6960973 0.1789027 0.5539028 0.1789027 0.6960973 0.1789027 0.5539028 0.3210973 0.5539027 0.1789027 0.5539028 0.1789027 0.5539028 0.3210973 0.6960973 0.1789027 0.6960973 0.3210973 0.6960973 0.3210973 0.5539027 0.3210973 0.5539027 0.1789027 0.6960973 0.3210973 0.6960973 0.3210973 0.6960973 0.3210973 0.6960973 0.3210973 0.5539027 0.3210973 0.5539027 0.1789027 0.6960973 0.3210973 0.6960973 0.3210973 0.6960973 0.3210973 0.5539027 0.375 0.75 0.3210973 0.6960973 0.1789027 0.6960973 0.375 0.75 0.125 0.75 0.375 0.5 0.375 0.75 0.375 0.75 0.375 0.75 0.125 0.75 0.125 0.75 0.375 0.25 0.375 0 0.375 0 0.625 0 0.375 0.25 0.375 0 0.375 0.75 0.625 1 0.375 1 0.375 1 0.375 0.75 0.375 0.75 0.375 0.25 0.375 0 0.375 0 0.375 1 0.375 0.75 0.375 0.75 0.375 0.75 0.375 0.5 0.375 0.5 0.375 0.5 0.375 0.25 0.375 0.25 0.375 0.5 0.375 0.25 0.375 0.25 0.375 0.75 0.375 0.5 0.375 0.5 0.625 0.25 0.375 0.5 0.375 0.25 0.625 0.5 0.375 0.75 0.375 0.5 0.625 0.5 0.875 0.75 0.625 0.75 0.125 0.75 0.125 0.5 0.125 0.5 0.125 0.5 0.375 0.5 0.375 0.5 0.1789027 0.5539028 0.125 0.75 0.125 0.5 0.1789027 0.5539028 0.375 0.5 0.3210973 0.5539027 0.1789027 0.5539028 0.1789027 0.6960973 0.1789027 0.6960973 0.3210973 0.5539027 0.1789027 0.5539028 0.1789027 0.5539028 0.1789027 0.5539028 0.1789027 0.6960973 0.1789027 0.6960973 0.1789027 0.5539028 0.3210973 0.5539027 0.1789027 0.5539028 0.3210973 0.5539027 0.1789027 0.6960973 0.1789027 0.5539028 0.3210973 0.6960973 0.3210973 0.5539027 0.3210973 0.5539027 0.1789027 0.6960973 0.3210973 0.6960973 0.3210973 0.6960973 0.3210973 0.6960973 0.3210973 0.5539027 0.3210973 0.5539027 0.1789027 0.6960973 0.3210973 0.6960973 0.3210973 0.6960973 0.3210973 0.5539027 0.375 0.75 0.3210973 0.6960973 0.1789027 0.6960973 0.375 0.75 0.125 0.75 0.375 0.5 0.375 0.75 0.375 0.75 0.375 0.75 0.125 0.75 0.125 0.75 0.375 0.25 0.375 0 0.375 0 0.375 0 0.625 0.25 0.375 0.25 0.375 0.75 0.625 1 0.375 1 0.375 1 0.375 0.75 0.375 0.75 0.375 0.25 0.375 0 0.375 0 0.375 1 0.375 0.75 0.375 0.75 0.375 0.75 0.375 0.5 0.375 0.5 0.375 0.5 0.375 0.25 0.375 0.25 0.375 0.5 0.375 0.25 0.375 0.25 0.375 0.75 0.375 0.5 0.375 0.5 0.625 0.25 0.375 0.5 0.375 0.25 0.625 0.5 0.375 0.75 0.375 0.5 0.875 0.5 0.625 0.75 0.625 0.5 0.125 0.75 0.125 0.5 0.125 0.5 0.125 0.5 0.375 0.5 0.375 0.5 0.1789027 0.6960973 0.125 0.5 0.1789027 0.5539028 0.1789027 0.5539028 0.375 0.5 0.3210973 0.5539027 0.1789027 0.5539028 0.1789027 0.6960973 0.1789027 0.6960973 0.3210973 0.5539027 0.1789027 0.5539028 0.1789027 0.5539028 0.1789027 0.6960973 0.1789027 0.5539028 0.1789027 0.6960973 0.1789027 0.5539028 0.3210973 0.5539027 0.1789027 0.5539028 0.3210973 0.5539027 0.1789027 0.6960973 0.1789027 0.5539028 0.3210973 0.6960973 0.3210973 0.5539027 0.3210973 0.5539027 0.1789027 0.6960973 0.3210973 0.6960973 0.3210973 0.6960973 0.3210973 0.6960973 0.3210973 0.5539027 0.3210973 0.5539027 0.1789027 0.6960973 0.3210973 0.6960973 0.3210973 0.6960973 0.3210973 0.6960973 0.375 0.5 0.375 0.75 0.1789027 0.6960973 0.375 0.75 0.125 0.75 0.375 0.5 0.375 0.75 0.375 0.75 0.375 0.75 0.125 0.75 0.125 0.75 0.375 0.25 0.375 0 0.375 0 0.375 0 0.625 0.25 0.375 0.25 0.375 0.75 0.625 1 0.375 1 0.375 1 0.375 0.75 0.375 0.75 0.375 0.25 0.375 0 0.375 0 0.375 1 0.375 0.75 0.375 0.75 0.375 0.75 0.375 0.5 0.375 0.5 0.375 0.5 0.375 0.25 0.375 0.25 0.375 0.5 0.375 0.25 0.375 0.25 0.375 0.75 0.375 0.5 0.375 0.5 0.625 0.25 0.375 0.5 0.375 0.25 0.375 0.5 0.625 0.75 0.375 0.75 0.875 0.5 0.625 0.75 0.625 0.5 0.125 0.75 0.125 0.5 0.125 0.5 0.125 0.5 0.375 0.5 0.375 0.5 0.1789027 0.6960973 0.125 0.5 0.1789027 0.5539028 0.1789027 0.5539028 0.375 0.5 0.3210973 0.5539027 0.1789027 0.5539028 0.1789027 0.6960973 0.1789027 0.6960973 0.3210973 0.5539027 0.1789027 0.5539028 0.1789027 0.5539028 0.1789027 0.6960973 0.1789027 0.5539028 0.1789027 0.6960973 0.1789027 0.5539028 0.3210973 0.5539027 0.1789027 0.5539028 0.3210973 0.5539027 0.1789027 0.6960973 0.1789027 0.5539028 0.3210973 0.6960973 0.3210973 0.5539027 0.3210973 0.5539027 0.1789027 0.6960973 0.3210973 0.6960973 0.3210973 0.6960973 0.3210973 0.6960973 0.3210973 0.5539027 0.3210973 0.5539027 0.1789027 0.6960973 0.3210973 0.6960973 0.3210973 0.6960973 0.3210973 0.5539027 0.375 0.75 0.3210973 0.6960973 0.1789027 0.6960973 0.375 0.75 0.125 0.75 0.375 0.5 0.375 0.75 0.375 0.75 0.375 0.75 0.125 0.75 0.125 0.75 0.375 0.25 0.375 0 0.375 0 0.375 0 0.625 0.25 0.375 0.25 0.375 0.75 0.625 1 0.375 1 0.375 1 0.375 0.75 0.375 0.75 0.375 0.25 0.375 0 0.375 0 0.375 1 0.375 0.75 0.375 0.75 0.375 0.75 0.375 0.5 0.375 0.5 0.375 0.5 0.375 0.25 0.375 0.25 0.375 0.5 0.375 0.25 0.375 0.25 0.375 0.75 0.375 0.5 0.375 0.5 0.625 0.25 0.375 0.5 0.375 0.25 0.375 0.5 0.625 0.75 0.375 0.75 0.875 0.5 0.625 0.75 0.625 0.5 0.125 0.75 0.125 0.5 0.125 0.5 0.125 0.5 0.375 0.5 0.375 0.5 0.1789027 0.5539028 0.125 0.75 0.125 0.5 0.1789027 0.5539028 0.375 0.5 0.3210973 0.5539027 0.1789027 0.5539028 0.1789027 0.6960973 0.1789027 0.6960973 0.3210973 0.5539027 0.1789027 0.5539028 0.1789027 0.5539028 0.1789027 0.5539028 0.1789027 0.6960973 0.1789027 0.6960973 0.1789027 0.5539028 0.3210973 0.5539027 0.1789027 0.5539028 0.3210973 0.5539027 0.1789027 0.6960973 0.1789027 0.5539028 0.3210973 0.6960973 0.3210973 0.5539027 0.3210973 0.5539027 0.1789027 0.6960973 0.3210973 0.6960973 0.3210973 0.6960973 0.3210973 0.6960973 0.3210973 0.5539027 0.3210973 0.5539027 0.1789027 0.6960973 0.3210973 0.6960973 0.3210973 0.6960973 0.3210973 0.5539027 0.375 0.75 0.3210973 0.6960973 0.1789027 0.6960973 0.375 0.75 0.125 0.75 0.375 0.5 0.375 0.75 0.375 0.75 0.375 0.75 0.125 0.75 0.125 0.75 0.375 0.25 0.375 0 0.375 0 0.375 0 0.625 0.25 0.375 0.25 0.375 0.75 0.625 1 0.375 1 0.375 1 0.375 0.75 0.375 0.75 0.375 0.25 0.375 0 0.375 0 0.375 1 0.375 0.75 0.375 0.75 0.375 0.75 0.375 0.5 0.375 0.5 0.375 0.5 0.375 0.25 0.375 0.25 0.375 0.5 0.375 0.25 0.375 0.25 0.375 0.75 0.375 0.5 0.375 0.5 0.625 0.25 0.375 0.5 0.375 0.25 0.625 0.5 0.375 0.75 0.375 0.5 0.875 0.5 0.625 0.75 0.625 0.5 0.125 0.75 0.125 0.5 0.125 0.5 0.125 0.5 0.375 0.5 0.375 0.5 0.1789027 0.6960973 0.125 0.5 0.1789027 0.5539028 0.1789027 0.5539028 0.375 0.5 0.3210973 0.5539027 0.1789027 0.5539028 0.1789027 0.6960973 0.1789027 0.6960973 0.3210973 0.5539027 0.1789027 0.5539028 0.1789027 0.5539028 0.1789027 0.5539028 0.1789027 0.6960973 0.1789027 0.6960973 0.1789027 0.5539028 0.3210973 0.5539027 0.1789027 0.5539028 0.3210973 0.5539027 0.1789027 0.6960973 0.1789027 0.5539028 0.3210973 0.6960973 0.3210973 0.5539027 0.3210973 0.5539027 0.1789027 0.6960973 0.3210973 0.6960973 0.3210973 0.6960973 0.3210973 0.6960973 0.3210973 0.5539027 0.3210973 0.5539027 0.1789027 0.6960973 0.3210973 0.6960973 0.3210973 0.6960973 0.3210973 0.5539027 0.375 0.75 0.3210973 0.6960973 0.1789027 0.6960973 0.375 0.75 0.125 0.75 0.375 0.5 0.375 0.75 0.375 0.75 0.375 0.75 0.125 0.75 0.125 0.75 0.375 0.25 0.375 0 0.375 0 0.375 0 0.625 0.25 0.375 0.25 0.375 0.75 0.625 1 0.375 1 0.375 1 0.375 0.75 0.375 0.75 0.375 0.25 0.375 0 0.375 0 0.375 1 0.375 0.75 0.375 0.75 0.375 0.75 0.375 0.5 0.375 0.5 0.375 0.5 0.375 0.25 0.375 0.25 0.375 0.5 0.375 0.25 0.375 0.25 0.375 0.75 0.375 0.5 0.375 0.5 0.625 0.25 0.375 0.5 0.375 0.25 0.625 0.5 0.375 0.75 0.375 0.5 0.875 0.5 0.625 0.75 0.625 0.5 0.125 0.75 0.125 0.5 0.125 0.5 0.125 0.5 0.375 0.5 0.375 0.5 0.1789027 0.6960973 0.125 0.5 0.1789027 0.5539028 0.1789027 0.5539028 0.375 0.5 0.3210973 0.5539027 0.1789027 0.5539028 0.1789027 0.6960973 0.1789027 0.6960973 0.3210973 0.5539027 0.1789027 0.5539028 0.1789027 0.5539028 0.1789027 0.6960973 0.1789027 0.5539028 0.1789027 0.6960973 0.1789027 0.5539028 0.3210973 0.5539027 0.1789027 0.5539028 0.3210973 0.5539027 0.1789027 0.6960973 0.1789027 0.5539028 0.3210973 0.6960973 0.3210973 0.5539027 0.3210973 0.5539027 0.1789027 0.6960973 0.3210973 0.6960973 0.3210973 0.6960973 0.3210973 0.6960973 0.3210973 0.5539027 0.3210973 0.5539027 0.1789027 0.6960973 0.3210973 0.6960973 0.3210973 0.6960973 0.3210973 0.5539027 0.375 0.75 0.3210973 0.6960973 0.1789027 0.6960973 0.375 0.75 0.125 0.75 0.375 0.5 0.375 0.75 0.375 0.75 0.375 0.75 0.125 0.75 0.125 0.75 0.375 0.25 0.375 0 0.375 0 0.625 0 0.375 0.25 0.375 0 0.375 0.75 0.625 1 0.375 1 0.375 1 0.375 0.75 0.375 0.75 0.375 0.25 0.375 0 0.375 0 0.375 1 0.375 0.75 0.375 0.75 0.375 0.75 0.375 0.5 0.375 0.5 0.375 0.5 0.375 0.25 0.375 0.25 0.375 0.5 0.375 0.25 0.375 0.25 0.375 0.75 0.375 0.5 0.375 0.5 0.625 0.25 0.375 0.5 0.375 0.25 0.375 0.5 0.625 0.75 0.375 0.75 0.625 0.5 0.875 0.75 0.625 0.75 0.125 0.75 0.125 0.5 0.125 0.5 0.125 0.5 0.375 0.5 0.375 0.5 0.1789027 0.5539028 0.125 0.75 0.125 0.5 0.3210973 0.5539027 0.125 0.5 0.375 0.5 0.1789027 0.5539028 0.1789027 0.6960973 0.1789027 0.6960973 0.3210973 0.5539027 0.1789027 0.5539028 0.1789027 0.5539028 0.1789027 0.5539028 0.1789027 0.6960973 0.1789027 0.6960973 0.1789027 0.5539028 0.3210973 0.5539027 0.1789027 0.5539028 0.3210973 0.5539027 0.1789027 0.6960973 0.1789027 0.5539028 0.3210973 0.6960973 0.3210973 0.5539027 0.3210973 0.5539027 0.1789027 0.6960973 0.3210973 0.6960973 0.3210973 0.6960973 0.3210973 0.6960973 0.3210973 0.5539027 0.3210973 0.5539027 0.1789027 0.6960973 0.3210973 0.6960973 0.3210973 0.6960973 0.3210973 0.5539027 0.375 0.75 0.3210973 0.6960973 0.3210973 0.6960973 0.125 0.75 0.1789027 0.6960973 0.375 0.5 0.375 0.75 0.375 0.75 0.375 0.75 0.125 0.75 0.125 0.75 0.375 0.25 0.375 0 0.375 0 0.375 0 0.625 0.25 0.375 0.25 0.375 0.75 0.625 1 0.375 1 0.375 1 0.375 0.75 0.375 0.75 0.375 0.25 0.375 0 0.375 0 0.375 1 0.375 0.75 0.375 0.75 0.375 0.75 0.375 0.5 0.375 0.5 0.375 0.5 0.375 0.25 0.375 0.25 0.375 0.5 0.375 0.25 0.375 0.25 0.375 0.75 0.375 0.5 0.375 0.5 0.625 0.25 0.375 0.5 0.375 0.25 0.625 0.5 0.375 0.75 0.375 0.5 0.875 0.5 0.625 0.75 0.625 0.5 0.125 0.75 0.125 0.5 0.125 0.5 0.125 0.5 0.375 0.5 0.375 0.5 0.1789027 0.6960973 0.125 0.5 0.1789027 0.5539028 0.3210973 0.5539027 0.125 0.5 0.375 0.5 0.1789027 0.5539028 0.1789027 0.6960973 0.1789027 0.6960973 0.3210973 0.5539027 0.1789027 0.5539028 0.1789027 0.5539028 0.1789027 0.6960973 0.1789027 0.5539028 0.1789027 0.6960973 0.1789027 0.5539028 0.3210973 0.5539027 0.1789027 0.5539028 0.1789027 0.5539028 0.3210973 0.6960973 0.1789027 0.6960973 0.3210973 0.5539027 0.3210973 0.6960973 0.3210973 0.5539027 0.1789027 0.6960973 0.3210973 0.6960973 0.3210973 0.6960973 0.3210973 0.6960973 0.3210973 0.5539027 0.3210973 0.5539027 0.1789027 0.6960973 0.3210973 0.6960973 0.3210973 0.6960973 0.3210973 0.5539027 0.375 0.75 0.3210973 0.6960973 0.3210973 0.6960973 0.125 0.75 0.1789027 0.6960973 0.375 0.5 0.375 0.75 0.375 0.75 0.375 0.75 0.125 0.75 0.125 0.75 0.375 0.25 0.375 0 0.375 0 0.625 0 0.375 0.25 0.375 0 0.375 0.75 0.625 1 0.375 1 0.375 1 0.375 0.75 0.375 0.75 0.375 0.25 0.375 0 0.375 0 0.375 1 0.375 0.75 0.375 0.75 0.375 0.75 0.375 0.5 0.375 0.5 0.375 0.5 0.375 0.25 0.375 0.25 0.375 0.5 0.375 0.25 0.375 0.25 0.375 0.75 0.375 0.5 0.375 0.5 0.625 0.25 0.375 0.5 0.375 0.25 0.625 0.5 0.375 0.75 0.375 0.5 0.625 0.5 0.875 0.75 0.625 0.75 0.125 0.75 0.125 0.5 0.125 0.5 0.125 0.5 0.375 0.5 0.375 0.5 0.1789027 0.5539028 0.125 0.75 0.125 0.5 0.3210973 0.5539027 0.125 0.5 0.375 0.5 0.1789027 0.5539028 0.1789027 0.6960973 0.1789027 0.6960973 0.3210973 0.5539027 0.1789027 0.5539028 0.1789027 0.5539028 0.1789027 0.5539028 0.1789027 0.6960973 0.1789027 0.6960973 0.1789027 0.5539028 0.3210973 0.5539027 0.1789027 0.5539028 0.3210973 0.5539027 0.1789027 0.6960973 0.1789027 0.5539028 0.3210973 0.6960973 0.3210973 0.5539027 0.3210973 0.5539027 0.1789027 0.6960973 0.3210973 0.6960973 0.3210973 0.6960973 0.3210973 0.6960973 0.3210973 0.5539027 0.3210973 0.5539027 0.1789027 0.6960973 0.3210973 0.6960973 0.3210973 0.6960973 0.3210973 0.6960973 0.375 0.5 0.375 0.75 0.3210973 0.6960973 0.125 0.75 0.1789027 0.6960973 0.375 0.5 0.375 0.75 0.375 0.75 0.375 0.75 0.125 0.75 0.125 0.75 0.375 0.25 0.375 0 0.375 0 0.375 0 0.625 0.25 0.375 0.25 0.375 0.75 0.625 1 0.375 1 0.375 1 0.375 0.75 0.375 0.75 0.375 0.25 0.375 0 0.375 0 0.375 1 0.375 0.75 0.375 0.75 0.375 0.75 0.375 0.5 0.375 0.5 0.375 0.5 0.375 0.25 0.375 0.25 0.375 0.5 0.375 0.25 0.375 0.25 0.375 0.75 0.375 0.5 0.375 0.5 0.625 0.25 0.375 0.5 0.375 0.25 0.625 0.5 0.375 0.75 0.375 0.5 0.875 0.5 0.625 0.75 0.625 0.5 0.125 0.75 0.125 0.5 0.125 0.5 0.125 0.5 0.375 0.5 0.375 0.5 0.1789027 0.6960973 0.125 0.5 0.1789027 0.5539028 0.1789027 0.5539028 0.375 0.5 0.3210973 0.5539027 0.1789027 0.5539028 0.1789027 0.6960973 0.1789027 0.6960973 0.3210973 0.5539027 0.1789027 0.5539028 0.1789027 0.5539028 0.1789027 0.5539028 0.1789027 0.6960973 0.1789027 0.6960973 0.1789027 0.5539028 0.3210973 0.5539027 0.1789027 0.5539028 0.1789027 0.5539028 0.3210973 0.6960973 0.1789027 0.6960973 0.3210973 0.5539027 0.3210973 0.6960973 0.3210973 0.5539027 0.1789027 0.6960973 0.3210973 0.6960973 0.3210973 0.6960973 0.3210973 0.6960973 0.3210973 0.5539027 0.3210973 0.5539027 0.1789027 0.6960973 0.3210973 0.6960973 0.3210973 0.6960973 0.3210973 0.5539027 0.375 0.75 0.3210973 0.6960973 0.1789027 0.6960973 0.375 0.75 0.125 0.75 0.375 0.5 0.375 0.75 0.375 0.75 0.375 0.75 0.125 0.75 0.125 0.75 0.375 0.25 0.375 0 0.375 0 0.375 0 0.625 0.25 0.375 0.25 0.375 0.75 0.625 1 0.375 1 0.375 1 0.375 0.75 0.375 0.75 0.375 0.25 0.375 0 0.375 0 0.375 1 0.375 0.75 0.375 0.75 0.375 0.75 0.375 0.5 0.375 0.5 0.375 0.5 0.375 0.25 0.375 0.25 0.375 0.5 0.375 0.25 0.375 0.25 0.375 0.75 0.375 0.5 0.375 0.5 0.625 0.25 0.375 0.5 0.375 0.25 0.625 0.5 0.375 0.75 0.375 0.5 0.875 0.5 0.625 0.75 0.625 0.5 0.125 0.75 0.125 0.5 0.125 0.5 0.125 0.5 0.375 0.5 0.375 0.5 0.1789027 0.6960973 0.125 0.5 0.1789027 0.5539028 0.1789027 0.5539028 0.375 0.5 0.3210973 0.5539027 0.1789027 0.5539028 0.1789027 0.6960973 0.1789027 0.6960973 0.3210973 0.5539027 0.1789027 0.5539028 0.1789027 0.5539028 0.1789027 0.6960973 0.1789027 0.5539028 0.1789027 0.6960973 0.1789027 0.5539028 0.3210973 0.5539027 0.1789027 0.5539028 0.1789027 0.5539028 0.3210973 0.6960973 0.1789027 0.6960973 0.3210973 0.5539027 0.3210973 0.6960973 0.3210973 0.5539027 0.1789027 0.6960973 0.3210973 0.6960973 0.3210973 0.6960973 0.3210973 0.6960973 0.3210973 0.5539027 0.3210973 0.5539027 0.1789027 0.6960973 0.3210973 0.6960973 0.3210973 0.6960973 0.3210973 0.5539027 0.375 0.75 0.3210973 0.6960973 0.1789027 0.6960973 0.375 0.75 0.125 0.75 0.375 0.5 0.375 0.75 0.375 0.75 0.375 0.75 0.125 0.75 0.125 0.75 0.375 0.25 0.375 0 0.375 0 0.625 0 0.375 0.25 0.375 0 0.375 0.75 0.625 1 0.375 1 0.375 1 0.375 0.75 0.375 0.75 0.375 0.25 0.375 0 0.375 0 0.375 1 0.375 0.75 0.375 0.75 0.375 0.75 0.375 0.5 0.375 0.5 0.375 0.5 0.375 0.25 0.375 0.25 0.375 0.5 0.375 0.25 0.375 0.25 0.375 0.75 0.375 0.5 0.375 0.5 0.625 0.25 0.375 0.5 0.375 0.25 0.375 0.5 0.625 0.75 0.375 0.75 0.625 0.5 0.875 0.75 0.625 0.75 0.125 0.75 0.125 0.5 0.125 0.5 0.125 0.5 0.375 0.5 0.375 0.5 0.1789027 0.6960973 0.125 0.5 0.1789027 0.5539028 0.1789027 0.5539028 0.375 0.5 0.3210973 0.5539027 0.1789027 0.5539028 0.1789027 0.6960973 0.1789027 0.6960973 0.3210973 0.5539027 0.1789027 0.5539028 0.1789027 0.5539028 0.1789027 0.6960973 0.1789027 0.5539028 0.1789027 0.6960973 0.1789027 0.5539028 0.3210973 0.5539027 0.1789027 0.5539028 0.1789027 0.5539028 0.3210973 0.6960973 0.1789027 0.6960973 0.3210973 0.5539027 0.3210973 0.6960973 0.3210973 0.5539027 0.1789027 0.6960973 0.3210973 0.6960973 0.3210973 0.6960973 0.3210973 0.6960973 0.3210973 0.5539027 0.3210973 0.5539027 0.1789027 0.6960973 0.3210973 0.6960973 0.3210973 0.6960973 0.3210973 0.6960973 0.375 0.5 0.375 0.75 0.1789027 0.6960973 0.375 0.75 0.125 0.75 0.375 0.5 0.375 0.75 0.375 0.75 0.375 0.75 0.125 0.75 0.125 0.75 0.375 0.25 0.375 0 0.375 0 0.625 0 0.375 0.25 0.375 0 0.625 0.75 0.375 1 0.375 0.75 0.375 1 0.375 0.75 0.375 0.75 0.375 0.25 0.375 0 0.375 0 0.375 1 0.375 0.75 0.375 0.75 0.375 0.75 0.375 0.5 0.375 0.5 0.375 0.5 0.375 0.25 0.375 0.25 0.375 0.5 0.375 0.25 0.375 0.25 0.375 0.75 0.375 0.5 0.375 0.5 0.375 0.25 0.625 0.5 0.375 0.5 0.375 0.5 0.625 0.75 0.375 0.75 0.875 0.5 0.625 0.75 0.625 0.5 0.125 0.75 0.125 0.5 0.125 0.5 0.125 0.5 0.375 0.5 0.375 0.5 0.1789027 0.6960973 0.125 0.5 0.1789027 0.5539028 0.1789027 0.5539028 0.375 0.5 0.3210973 0.5539027 0.1789027 0.5539028 0.1789027 0.6960973 0.1789027 0.6960973 0.3210973 0.5539027 0.1789027 0.5539028 0.1789027 0.5539028 0.1789027 0.6960973 0.1789027 0.5539028 0.1789027 0.6960973 0.3210973 0.5539027 0.1789027 0.5539028 0.1789027 0.5539028 0.1789027 0.5539028 0.3210973 0.6960973 0.1789027 0.6960973 0.3210973 0.5539027 0.3210973 0.6960973 0.3210973 0.5539027 0.3210973 0.6960973 0.1789027 0.6960973 0.3210973 0.6960973 0.3210973 0.6960973 0.3210973 0.5539027 0.3210973 0.5539027 0.1789027 0.6960973 0.3210973 0.6960973 0.3210973 0.6960973 0.3210973 0.5539027 0.375 0.75 0.3210973 0.6960973 0.1789027 0.6960973 0.375 0.75 0.125 0.75 0.375 0.5 0.375 0.75 0.375 0.75 0.375 0.75 0.125 0.75 0.125 0.75 0.375 0.25 0.375 0 0.375 0 0.625 0 0.375 0.25 0.375 0 0.625 0.75 0.375 1 0.375 0.75 0.375 1 0.375 0.75 0.375 0.75 0.375 0.25 0.375 0 0.375 0 0.375 1 0.375 0.75 0.375 0.75 0.375 0.75 0.375 0.5 0.375 0.5 0.375 0.5 0.375 0.25 0.375 0.25 0.375 0.5 0.375 0.25 0.375 0.25 0.375 0.75 0.375 0.5 0.375 0.5 0.375 0.25 0.625 0.5 0.375 0.5 0.375 0.5 0.625 0.75 0.375 0.75 0.875 0.5 0.625 0.75 0.625 0.5 0.125 0.75 0.125 0.5 0.125 0.5 0.125 0.5 0.375 0.5 0.375 0.5 0.1789027 0.6960973 0.125 0.5 0.1789027 0.5539028 0.1789027 0.5539028 0.375 0.5 0.3210973 0.5539027 0.1789027 0.5539028 0.1789027 0.6960973 0.1789027 0.6960973 0.3210973 0.5539027 0.1789027 0.5539028 0.1789027 0.5539028 0.1789027 0.5539028 0.1789027 0.6960973 0.1789027 0.6960973 0.3210973 0.5539027 0.1789027 0.5539028 0.1789027 0.5539028 0.3210973 0.5539027 0.1789027 0.6960973 0.1789027 0.5539028 0.3210973 0.6960973 0.3210973 0.5539027 0.3210973 0.5539027 0.3210973 0.6960973 0.1789027 0.6960973 0.3210973 0.6960973 0.3210973 0.6960973 0.3210973 0.5539027 0.3210973 0.5539027 0.1789027 0.6960973 0.3210973 0.6960973 0.3210973 0.6960973 0.3210973 0.5539027 0.375 0.75 0.3210973 0.6960973 0.1789027 0.6960973 0.375 0.75 0.125 0.75 0.375 0.5 0.375 0.75 0.375 0.75 0.375 0.75 0.125 0.75 0.125 0.75 0.375 0.25 0.375 0 0.375 0 0.625 0 0.375 0.25 0.375 0 0.625 0.75 0.375 1 0.375 0.75 0.375 1 0.375 0.75 0.375 0.75 0.375 0.25 0.375 0 0.375 0 0.375 1 0.375 0.75 0.375 0.75 0.375 0.75 0.375 0.5 0.375 0.5 0.375 0.5 0.375 0.25 0.375 0.25 0.375 0.5 0.375 0.25 0.375 0.25 0.375 0.75 0.375 0.5 0.375 0.5 0.375 0.25 0.625 0.5 0.375 0.5 0.625 0.5 0.375 0.75 0.375 0.5 0.625 0.5 0.875 0.75 0.625 0.75 0.125 0.75 0.125 0.5 0.125 0.5 0.125 0.5 0.375 0.5 0.375 0.5 0.1789027 0.6960973 0.125 0.5 0.1789027 0.5539028 0.1789027 0.5539028 0.375 0.5 0.3210973 0.5539027 0.1789027 0.5539028 0.1789027 0.6960973 0.1789027 0.6960973 0.3210973 0.5539027 0.1789027 0.5539028 0.1789027 0.5539028 0.1789027 0.6960973 0.1789027 0.5539028 0.1789027 0.6960973 0.3210973 0.5539027 0.1789027 0.5539028 0.1789027 0.5539028 0.1789027 0.5539028 0.3210973 0.6960973 0.1789027 0.6960973 0.3210973 0.5539027 0.3210973 0.6960973 0.3210973 0.5539027 0.3210973 0.6960973 0.1789027 0.6960973 0.3210973 0.6960973 0.3210973 0.6960973 0.3210973 0.5539027 0.3210973 0.5539027 0.1789027 0.6960973 0.3210973 0.6960973 0.3210973 0.6960973 0.3210973 0.5539027 0.375 0.75 0.3210973 0.6960973 0.1789027 0.6960973 0.375 0.75 0.125 0.75 0.375 0.5 0.375 0.75 0.375 0.75 0.375 0.75 0.125 0.75 0.125 0.75 0.375 0.25 0.375 0 0.375 0 0.625 0 0.375 0.25 0.375 0 0.625 0.75 0.375 1 0.375 0.75 0.375 1 0.375 0.75 0.375 0.75 0.375 0.25 0.375 0 0.375 0 0.375 1 0.375 0.75 0.375 0.75 0.375 0.75 0.375 0.5 0.375 0.5 0.375 0.5 0.375 0.25 0.375 0.25 0.375 0.5 0.375 0.25 0.375 0.25 0.375 0.75 0.375 0.5 0.375 0.5 0.375 0.25 0.625 0.5 0.375 0.5 0.375 0.5 0.625 0.75 0.375 0.75 0.875 0.5 0.625 0.75 0.625 0.5 0.125 0.75 0.125 0.5 0.125 0.5 0.125 0.5 0.375 0.5 0.375 0.5 0.1789027 0.6960973 0.125 0.5 0.1789027 0.5539028 0.3210973 0.5539027 0.125 0.5 0.375 0.5 0.1789027 0.5539028 0.1789027 0.6960973 0.1789027 0.6960973 0.3210973 0.5539027 0.1789027 0.5539028 0.1789027 0.5539028 0.1789027 0.6960973 0.1789027 0.5539028 0.1789027 0.6960973 0.3210973 0.5539027 0.1789027 0.5539028 0.1789027 0.5539028 0.1789027 0.5539028 0.3210973 0.6960973 0.1789027 0.6960973 0.3210973 0.5539027 0.3210973 0.6960973 0.3210973 0.5539027 0.3210973 0.6960973 0.1789027 0.6960973 0.3210973 0.6960973 0.3210973 0.6960973 0.3210973 0.5539027 0.3210973 0.5539027 0.1789027 0.6960973 0.3210973 0.6960973 0.3210973 0.6960973 0.3210973 0.5539027 0.375 0.75 0.3210973 0.6960973 0.3210973 0.6960973 0.125 0.75 0.1789027 0.6960973 0.375 0.5 0.375 0.75 0.375 0.75 0.375 0.75 0.125 0.75 0.125 0.75 0.375 0.25 0.375 0 0.375 0 0.375 0 0.625 0.25 0.375 0.25 0.625 0.75 0.375 1 0.375 0.75 0.375 1 0.375 0.75 0.375 0.75 0.375 0.25 0.375 0 0.375 0 0.375 1 0.375 0.75 0.375 0.75 0.375 0.75 0.375 0.5 0.375 0.5 0.375 0.5 0.375 0.25 0.375 0.25 0.375 0.5 0.375 0.25 0.375 0.25 0.375 0.75 0.375 0.5 0.375 0.5 0.375 0.25 0.625 0.5 0.375 0.5 0.375 0.5 0.625 0.75 0.375 0.75 0.875 0.5 0.625 0.75 0.625 0.5 0.125 0.75 0.125 0.5 0.125 0.5 0.125 0.5 0.375 0.5 0.375 0.5 0.1789027 0.5539028 0.125 0.75 0.125 0.5 0.3210973 0.5539027 0.125 0.5 0.375 0.5 0.1789027 0.5539028 0.1789027 0.6960973 0.1789027 0.6960973 0.3210973 0.5539027 0.1789027 0.5539028 0.1789027 0.5539028 0.1789027 0.5539028 0.1789027 0.6960973 0.1789027 0.6960973 0.3210973 0.5539027 0.1789027 0.5539028 0.1789027 0.5539028 0.3210973 0.5539027 0.1789027 0.6960973 0.1789027 0.5539028 0.3210973 0.6960973 0.3210973 0.5539027 0.3210973 0.5539027 0.3210973 0.6960973 0.1789027 0.6960973 0.3210973 0.6960973 0.3210973 0.6960973 0.3210973 0.5539027 0.3210973 0.5539027 0.1789027 0.6960973 0.3210973 0.6960973 0.3210973 0.6960973 0.3210973 0.5539027 0.375 0.75 0.3210973 0.6960973 0.3210973 0.6960973 0.125 0.75 0.1789027 0.6960973 0.375 0.5 0.375 0.75 0.375 0.75 0.375 0.75 0.125 0.75 0.125 0.75 0.375 0.25 0.375 0 0.375 0 0.375 0 0.625 0.25 0.375 0.25 0.625 0.75 0.375 1 0.375 0.75 0.375 1 0.375 0.75 0.375 0.75 0.375 0.25 0.375 0 0.375 0 0.375 1 0.375 0.75 0.375 0.75 0.375 0.75 0.375 0.5 0.375 0.5 0.375 0.5 0.375 0.25 0.375 0.25 0.375 0.5 0.375 0.25 0.375 0.25 0.375 0.75 0.375 0.5 0.375 0.5 0.375 0.25 0.625 0.5 0.375 0.5 0.625 0.5 0.375 0.75 0.375 0.5 0.875 0.5 0.625 0.75 0.625 0.5 0.125 0.75 0.125 0.5 0.125 0.5 0.125 0.5 0.375 0.5 0.375 0.5 0.1789027 0.6960973 0.125 0.5 0.1789027 0.5539028 0.3210973 0.5539027 0.125 0.5 0.375 0.5 0.1789027 0.5539028 0.1789027 0.6960973 0.1789027 0.6960973 0.3210973 0.5539027 0.1789027 0.5539028 0.1789027 0.5539028 0.1789027 0.5539028 0.1789027 0.6960973 0.1789027 0.6960973 0.3210973 0.5539027 0.1789027 0.5539028 0.1789027 0.5539028 0.3210973 0.5539027 0.1789027 0.6960973 0.1789027 0.5539028 0.3210973 0.5539027 0.3210973 0.6960973 0.3210973 0.5539027 0.3210973 0.6960973 0.1789027 0.6960973 0.3210973 0.6960973 0.3210973 0.6960973 0.3210973 0.5539027 0.3210973 0.5539027 0.1789027 0.6960973 0.3210973 0.6960973 0.3210973 0.6960973 0.3210973 0.5539027 0.375 0.75 0.3210973 0.6960973 0.3210973 0.6960973 0.125 0.75 0.1789027 0.6960973 0.375 0.5 0.375 0.75 0.375 0.75 0.375 0.75 0.125 0.75 0.125 0.75 0.375 0.25 0.375 0 0.375 0 0.375 0 0.625 0.25 0.375 0.25 0.625 0.75 0.375 1 0.375 0.75 0.375 1 0.375 0.75 0.375 0.75 0.375 0.25 0.375 0 0.375 0 0.375 1 0.375 0.75 0.375 0.75 0.375 0.75 0.375 0.5 0.375 0.5 0.375 0.5 0.375 0.25 0.375 0.25 0.375 0.5 0.375 0.25 0.375 0.25 0.375 0.75 0.375 0.5 0.375 0.5 0.375 0.25 0.625 0.5 0.375 0.5 0.625 0.5 0.375 0.75 0.375 0.5 0.875 0.5 0.625 0.75 0.625 0.5 0.125 0.75 0.125 0.5 0.125 0.5 0.125 0.5 0.375 0.5 0.375 0.5 0.1789027 0.6960973 0.125 0.5 0.1789027 0.5539028 0.3210973 0.5539027 0.125 0.5 0.375 0.5 0.1789027 0.5539028 0.1789027 0.6960973 0.1789027 0.6960973 0.3210973 0.5539027 0.1789027 0.5539028 0.1789027 0.5539028 0.1789027 0.6960973 0.1789027 0.5539028 0.1789027 0.6960973 0.3210973 0.5539027 0.1789027 0.5539028 0.1789027 0.5539028 0.1789027 0.5539028 0.3210973 0.6960973 0.1789027 0.6960973 0.3210973 0.5539027 0.3210973 0.6960973 0.3210973 0.5539027 0.3210973 0.6960973 0.1789027 0.6960973 0.3210973 0.6960973 0.3210973 0.6960973 0.3210973 0.5539027 0.3210973 0.5539027 0.1789027 0.6960973 0.3210973 0.6960973 0.3210973 0.6960973 0.3210973 0.5539027 0.375 0.75 0.3210973 0.6960973 0.3210973 0.6960973 0.125 0.75 0.1789027 0.6960973 0.375 0.5 0.375 0.75 0.375 0.75 0.375 0.75 0.125 0.75 0.125 0.75 0.375 0.25 0.375 0 0.375 0 0.375 0 0.625 0.25 0.375 0.25 0.625 0.75 0.375 1 0.375 0.75 0.375 1 0.375 0.75 0.375 0.75 0.375 0.25 0.375 0 0.375 0 0.375 1 0.375 0.75 0.375 0.75 0.375 0.75 0.375 0.5 0.375 0.5 0.375 0.5 0.375 0.25 0.375 0.25 0.375 0.5 0.375 0.25 0.375 0.25 0.375 0.75 0.375 0.5 0.375 0.5 0.375 0.25 0.625 0.5 0.375 0.5 0.375 0.5 0.625 0.75 0.375 0.75 0.875 0.5 0.625 0.75 0.625 0.5 0.125 0.75 0.125 0.5 0.125 0.5 0.125 0.5 0.375 0.5 0.375 0.5 0.1789027 0.5539028 0.125 0.75 0.125 0.5 0.3210973 0.5539027 0.125 0.5 0.375 0.5 0.1789027 0.5539028 0.1789027 0.6960973 0.1789027 0.6960973 0.3210973 0.5539027 0.1789027 0.5539028 0.1789027 0.5539028 0.1789027 0.5539028 0.1789027 0.6960973 0.1789027 0.6960973 0.3210973 0.5539027 0.1789027 0.5539028 0.1789027 0.5539028 0.1789027 0.5539028 0.3210973 0.6960973 0.1789027 0.6960973 0.3210973 0.5539027 0.3210973 0.6960973 0.3210973 0.5539027 0.3210973 0.6960973 0.1789027 0.6960973 0.3210973 0.6960973 0.3210973 0.6960973 0.3210973 0.5539027 0.3210973 0.5539027 0.1789027 0.6960973 0.3210973 0.6960973 0.3210973 0.6960973 0.3210973 0.5539027 0.375 0.75 0.3210973 0.6960973 0.3210973 0.6960973 0.125 0.75 0.1789027 0.6960973 0.375 0.5 0.375 0.75 0.375 0.75 0.375 0.75 0.125 0.75 0.125 0.75 0.375 0.25 0.375 0 0.375 0 0.625 0 0.375 0.25 0.375 0 0.625 0.75 0.375 1 0.375 0.75 0.375 1 0.375 0.75 0.375 0.75 0.375 0.25 0.375 0 0.375 0 0.375 1 0.375 0.75 0.375 0.75 0.375 0.75 0.375 0.5 0.375 0.5 0.375 0.5 0.375 0.25 0.375 0.25 0.375 0.5 0.375 0.25 0.375 0.25 0.375 0.75 0.375 0.5 0.375 0.5 0.375 0.25 0.625 0.5 0.375 0.5 0.625 0.5 0.375 0.75 0.375 0.5 0.625 0.5 0.875 0.75 0.625 0.75 0.125 0.75 0.125 0.5 0.125 0.5 0.125 0.5 0.375 0.5 0.375 0.5 0.1789027 0.5539028 0.125 0.75 0.125 0.5 0.3210973 0.5539027 0.125 0.5 0.375 0.5 0.1789027 0.5539028 0.1789027 0.6960973 0.1789027 0.6960973 0.3210973 0.5539027 0.1789027 0.5539028 0.1789027 0.5539028 0.1789027 0.5539028 0.1789027 0.6960973 0.1789027 0.6960973 0.3210973 0.5539027 0.1789027 0.5539028 0.1789027 0.5539028 0.1789027 0.5539028 0.3210973 0.6960973 0.1789027 0.6960973 0.3210973 0.5539027 0.3210973 0.6960973 0.3210973 0.5539027 0.3210973 0.6960973 0.1789027 0.6960973 0.3210973 0.6960973 0.3210973 0.6960973 0.3210973 0.5539027 0.3210973 0.5539027 0.1789027 0.6960973 0.3210973 0.6960973 0.3210973 0.6960973 0.3210973 0.5539027 0.375 0.75 0.3210973 0.6960973 0.3210973 0.6960973 0.125 0.75 0.1789027 0.6960973 0.375 0.5 0.375 0.75 0.375 0.75 0.375 0.75 0.125 0.75 0.125 0.75 0.375 0.25 0.375 0 0.375 0 0.375 0 0.625 0.25 0.375 0.25 0.625 0.75 0.375 1 0.375 0.75 0.375 1 0.375 0.75 0.375 0.75 0.375 0.25 0.375 0 0.375 0 0.375 1 0.375 0.75 0.375 0.75 0.375 0.75 0.375 0.5 0.375 0.5 0.375 0.5 0.375 0.25 0.375 0.25 0.375 0.5 0.375 0.25 0.375 0.25 0.375 0.75 0.375 0.5 0.375 0.5 0.375 0.25 0.625 0.5 0.375 0.5 0.625 0.5 0.375 0.75 0.375 0.5 0.875 0.5 0.625 0.75 0.625 0.5 0.125 0.75 0.125 0.5 0.125 0.5 0.125 0.5 0.375 0.5 0.375 0.5 0.1789027 0.6960973 0.125 0.5 0.1789027 0.5539028 0.3210973 0.5539027 0.125 0.5 0.375 0.5 0.1789027 0.5539028 0.1789027 0.6960973 0.1789027 0.6960973 0.3210973 0.5539027 0.1789027 0.5539028 0.1789027 0.5539028 0.1789027 0.5539028 0.1789027 0.6960973 0.1789027 0.6960973 0.3210973 0.5539027 0.1789027 0.5539028 0.1789027 0.5539028 0.3210973 0.5539027 0.1789027 0.6960973 0.1789027 0.5539028 0.3210973 0.5539027 0.3210973 0.6960973 0.3210973 0.5539027 0.3210973 0.6960973 0.1789027 0.6960973 0.3210973 0.6960973 0.3210973 0.6960973 0.3210973 0.5539027 0.3210973 0.5539027 0.1789027 0.6960973 0.3210973 0.6960973 0.3210973 0.6960973 0.3210973 0.5539027 0.375 0.75 0.3210973 0.6960973 0.3210973 0.6960973 0.125 0.75 0.1789027 0.6960973 0.375 0.5 0.375 0.75 0.375 0.75 0.375 0.75 0.125 0.75 0.125 0.75 0.375 0.25 0.375 0 0.375 0 0.375 0 0.625 0.25 0.375 0.25 0.625 0.75 0.375 1 0.375 0.75 0.375 1 0.375 0.75 0.375 0.75 0.375 0.25 0.375 0 0.375 0 0.375 1 0.375 0.75 0.375 0.75 0.375 0.75 0.375 0.5 0.375 0.5 0.375 0.5 0.375 0.25 0.375 0.25 0.375 0.5 0.375 0.25 0.375 0.25 0.375 0.75 0.375 0.5 0.375 0.5 0.625 0.25 0.375 0.5 0.375 0.25 0.625 0.5 0.375 0.75 0.375 0.5 0.875 0.5 0.625 0.75 0.625 0.5 0.125 0.75 0.125 0.5 0.125 0.5 0.125 0.5 0.375 0.5 0.375 0.5 0.1789027 0.6960973 0.125 0.5 0.1789027 0.5539028 0.1789027 0.5539028 0.375 0.5 0.3210973 0.5539027 0.1789027 0.5539028 0.1789027 0.6960973 0.1789027 0.6960973 0.3210973 0.5539027 0.1789027 0.5539028 0.1789027 0.5539028 0.1789027 0.5539028 0.1789027 0.6960973 0.1789027 0.6960973 0.3210973 0.5539027 0.1789027 0.5539028 0.1789027 0.5539028 0.1789027 0.5539028 0.3210973 0.6960973 0.1789027 0.6960973 0.3210973 0.5539027 0.3210973 0.6960973 0.3210973 0.5539027 0.1789027 0.6960973 0.3210973 0.6960973 0.3210973 0.6960973 0.3210973 0.6960973 0.3210973 0.5539027 0.3210973 0.5539027 0.1789027 0.6960973 0.3210973 0.6960973 0.3210973 0.6960973 0.3210973 0.5539027 0.375 0.75 0.3210973 0.6960973 0.1789027 0.6960973 0.375 0.75 0.125 0.75 0.375 0.5 0.375 0.75 0.375 0.75 0.375 0.75 0.125 0.75 0.125 0.75 0.375 0.25 0.375 0 0.375 0 0.375 0 0.625 0.25 0.375 0.25 0.625 0.75 0.375 1 0.375 0.75 0.375 1 0.375 0.75 0.375 0.75 0.375 0.25 0.375 0 0.375 0 0.375 1 0.375 0.75 0.375 0.75 0.375 0.75 0.375 0.5 0.375 0.5 0.375 0.5 0.375 0.25 0.375 0.25 0.375 0.5 0.375 0.25 0.375 0.25 0.375 0.75 0.375 0.5 0.375 0.5 0.625 0.25 0.375 0.5 0.375 0.25 0.375 0.5 0.625 0.75 0.375 0.75 0.875 0.5 0.625 0.75 0.625 0.5 0.125 0.75 0.125 0.5 0.125 0.5 0.125 0.5 0.375 0.5 0.375 0.5 0.1789027 0.6960973 0.125 0.5 0.1789027 0.5539028 0.3210973 0.5539027 0.125 0.5 0.375 0.5 0.1789027 0.5539028 0.1789027 0.6960973 0.1789027 0.6960973 0.3210973 0.5539027 0.1789027 0.5539028 0.1789027 0.5539028 0.1789027 0.5539028 0.1789027 0.6960973 0.1789027 0.6960973 0.3210973 0.5539027 0.1789027 0.5539028 0.1789027 0.5539028 0.1789027 0.5539028 0.3210973 0.6960973 0.1789027 0.6960973 0.3210973 0.5539027 0.3210973 0.6960973 0.3210973 0.5539027 0.1789027 0.6960973 0.3210973 0.6960973 0.3210973 0.6960973 0.3210973 0.6960973 0.3210973 0.5539027 0.3210973 0.5539027 0.1789027 0.6960973 0.3210973 0.6960973 0.3210973 0.6960973 0.3210973 0.5539027 0.375 0.75 0.3210973 0.6960973 0.3210973 0.6960973 0.125 0.75 0.1789027 0.6960973 0.375 0.5 0.375 0.75 0.375 0.75 0.375 0.75 0.125 0.75 0.125 0.75 0.375 0.25 0.375 0 0.375 0 0.625 0 0.375 0.25 0.375 0 0.625 0.75 0.375 1 0.375 0.75 0.375 1 0.375 0.75 0.375 0.75 0.375 0.25 0.375 0 0.375 0 0.375 1 0.375 0.75 0.375 0.75 0.375 0.75 0.375 0.5 0.375 0.5 0.375 0.5 0.375 0.25 0.375 0.25 0.375 0.5 0.375 0.25 0.375 0.25 0.375 0.75 0.375 0.5 0.375 0.5 0.625 0.25 0.375 0.5 0.375 0.25 0.375 0.5 0.625 0.75 0.375 0.75 0.875 0.5 0.625 0.75 0.625 0.5 0.125 0.75 0.125 0.5 0.125 0.5 0.125 0.5 0.375 0.5 0.375 0.5 0.1789027 0.6960973 0.125 0.5 0.1789027 0.5539028 0.3210973 0.5539027 0.125 0.5 0.375 0.5 0.1789027 0.5539028 0.1789027 0.6960973 0.1789027 0.6960973 0.3210973 0.5539027 0.1789027 0.5539028 0.1789027 0.5539028 0.1789027 0.5539028 0.1789027 0.6960973 0.1789027 0.6960973 0.3210973 0.5539027 0.1789027 0.5539028 0.1789027 0.5539028 0.3210973 0.5539027 0.1789027 0.6960973 0.1789027 0.5539028 0.3210973 0.6960973 0.3210973 0.5539027 0.3210973 0.5539027 0.1789027 0.6960973 0.3210973 0.6960973 0.3210973 0.6960973 0.3210973 0.6960973 0.3210973 0.5539027 0.3210973 0.5539027 0.1789027 0.6960973 0.3210973 0.6960973 0.3210973 0.6960973 0.3210973 0.6960973 0.375 0.5 0.375 0.75 0.1789027 0.6960973 0.375 0.75 0.125 0.75 0.375 0.5 0.375 0.75 0.375 0.75 0.375 0.75 0.125 0.75 0.125 0.75 0.375 0.25 0.375 0 0.375 0 0.375 0 0.625 0.25 0.375 0.25 0.625 0.75 0.375 1 0.375 0.75 0.375 1 0.375 0.75 0.375 0.75 0.375 0.25 0.375 0 0.375 0 0.375 1 0.375 0.75 0.375 0.75 0.375 0.75 0.375 0.5 0.375 0.5 0.375 0.5 0.375 0.25 0.375 0.25 0.375 0.5 0.375 0.25 0.375 0.25 0.375 0.75 0.375 0.5 0.375 0.5 0.625 0.25 0.375 0.5 0.375 0.25 0.625 0.5 0.375 0.75 0.375 0.5 0.625 0.5 0.875 0.75 0.625 0.75 0.125 0.75 0.125 0.5 0.125 0.5 0.125 0.5 0.375 0.5 0.375 0.5 0.1789027 0.6960973 0.125 0.5 0.1789027 0.5539028 0.3210973 0.5539027 0.125 0.5 0.375 0.5 0.1789027 0.5539028 0.1789027 0.6960973 0.1789027 0.6960973 0.3210973 0.5539027 0.1789027 0.5539028 0.1789027 0.5539028 0.1789027 0.6960973 0.1789027 0.5539028 0.1789027 0.6960973 0.3210973 0.5539027 0.1789027 0.5539028 0.1789027 0.5539028 0.1789027 0.5539028 0.3210973 0.6960973 0.1789027 0.6960973 0.3210973 0.5539027 0.3210973 0.6960973 0.3210973 0.5539027 0.1789027 0.6960973 0.3210973 0.6960973 0.3210973 0.6960973 0.3210973 0.6960973 0.3210973 0.5539027 0.3210973 0.5539027 0.1789027 0.6960973 0.3210973 0.6960973 0.3210973 0.6960973 0.3210973 0.5539027 0.375 0.75 0.3210973 0.6960973 0.3210973 0.6960973 0.125 0.75 0.1789027 0.6960973 0.375 0.5 0.375 0.75 0.375 0.75 0.375 0.75 0.125 0.75 0.125 0.75 0.375 0.25 0.375 0 0.375 0 0.375 0 0.625 0.25 0.375 0.25 0.625 0.75 0.375 1 0.375 0.75 0.375 1 0.375 0.75 0.375 0.75 0.375 0.25 0.375 0 0.375 0 0.375 1 0.375 0.75 0.375 0.75 0.375 0.75 0.375 0.5 0.375 0.5 0.375 0.5 0.375 0.25 0.375 0.25 0.375 0.5 0.375 0.25 0.375 0.25 0.375 0.75 0.375 0.5 0.375 0.5 0.375 0.25 0.625 0.5 0.375 0.5 0.375 0.5 0.625 0.75 0.375 0.75 0.875 0.5 0.625 0.75 0.625 0.5 0.125 0.75 0.125 0.5 0.125 0.5 0.125 0.5 0.375 0.5 0.375 0.5 0.1789027 0.6960973 0.125 0.5 0.1789027 0.5539028 0.1789027 0.5539028 0.375 0.5 0.3210973 0.5539027 0.1789027 0.5539028 0.1789027 0.6960973 0.1789027 0.6960973 0.3210973 0.5539027 0.1789027 0.5539028 0.1789027 0.5539028 0.1789027 0.5539028 0.1789027 0.6960973 0.1789027 0.6960973 0.1789027 0.5539028 0.3210973 0.5539027 0.1789027 0.5539028 0.1789027 0.5539028 0.3210973 0.6960973 0.1789027 0.6960973 0.3210973 0.6960973 0.3210973 0.5539027 0.3210973 0.5539027 0.1789027 0.6960973 0.3210973 0.6960973 0.3210973 0.6960973 0.3210973 0.6960973 0.3210973 0.5539027 0.3210973 0.5539027 0.1789027 0.6960973 0.3210973 0.6960973 0.3210973 0.6960973 0.3210973 0.5539027 0.375 0.75 0.3210973 0.6960973 0.1789027 0.6960973 0.375 0.75 0.125 0.75 0.375 0.5 0.375 0.75 0.375 0.75 0.375 0.75 0.125 0.75 0.125 0.75 0.375 0.25 0.375 0 0.375 0 0.375 0 0.625 0.25 0.375 0.25 0.625 0.75 0.375 1 0.375 0.75 0.375 1 0.375 0.75 0.375 0.75 0.375 0.25 0.375 0 0.375 0 0.375 1 0.375 0.75 0.375 0.75 0.375 0.75 0.375 0.5 0.375 0.5 0.375 0.5 0.375 0.25 0.375 0.25 0.375 0.5 0.375 0.25 0.375 0.25 0.375 0.75 0.375 0.5 0.375 0.5 0.375 0.25 0.625 0.5 0.375 0.5 0.625 0.5 0.375 0.75 0.375 0.5 0.875 0.5 0.625 0.75 0.625 0.5 0.125 0.75 0.125 0.5 0.125 0.5 0.125 0.5 0.375 0.5 0.375 0.5 0.1789027 0.5539028 0.125 0.75 0.125 0.5 0.3210973 0.5539027 0.125 0.5 0.375 0.5 0.1789027 0.5539028 0.1789027 0.6960973 0.1789027 0.6960973 0.3210973 0.5539027 0.1789027 0.5539028 0.1789027 0.5539028 0.1789027 0.5539028 0.1789027 0.6960973 0.1789027 0.6960973 0.3210973 0.5539027 0.1789027 0.5539028 0.1789027 0.5539028 0.1789027 0.5539028 0.3210973 0.6960973 0.1789027 0.6960973 0.3210973 0.5539027 0.3210973 0.6960973 0.3210973 0.5539027 0.3210973 0.6960973 0.1789027 0.6960973 0.3210973 0.6960973 0.3210973 0.6960973 0.3210973 0.5539027 0.3210973 0.5539027 0.1789027 0.6960973 0.3210973 0.6960973 0.3210973 0.6960973 0.3210973 0.5539027 0.375 0.75 0.3210973 0.6960973 0.3210973 0.6960973 0.125 0.75 0.1789027 0.6960973 0.375 0.5 0.375 0.75 0.375 0.75 0.375 0.75 0.125 0.75 0.125 0.75 0.375 0.25 0.375 0 0.375 0 0.625 0 0.375 0.25 0.375 0 0.625 0.75 0.375 1 0.375 0.75 0.375 1 0.375 0.75 0.375 0.75 0.375 0.25 0.375 0 0.375 0 0.375 1 0.375 0.75 0.375 0.75 0.375 0.75 0.375 0.5 0.375 0.5 0.375 0.5 0.375 0.25 0.375 0.25 0.375 0.5 0.375 0.25 0.375 0.25 0.375 0.75 0.375 0.5 0.375 0.5 0.375 0.25 0.625 0.5 0.375 0.5 0.625 0.5 0.375 0.75 0.375 0.5 0.625 0.5 0.875 0.75 0.625 0.75 0.125 0.75 0.125 0.5 0.125 0.5 0.125 0.5 0.375 0.5 0.375 0.5 0.1789027 0.6960973 0.125 0.5 0.1789027 0.5539028 0.3210973 0.5539027 0.125 0.5 0.375 0.5 0.1789027 0.5539028 0.1789027 0.6960973 0.1789027 0.6960973 0.3210973 0.5539027 0.1789027 0.5539028 0.1789027 0.5539028 0.1789027 0.5539028 0.1789027 0.6960973 0.1789027 0.6960973 0.3210973 0.5539027 0.1789027 0.5539028 0.1789027 0.5539028 0.3210973 0.5539027 0.1789027 0.6960973 0.1789027 0.5539028 0.3210973 0.5539027 0.3210973 0.6960973 0.3210973 0.5539027 0.3210973 0.6960973 0.1789027 0.6960973 0.3210973 0.6960973 0.3210973 0.6960973 0.3210973 0.5539027 0.3210973 0.5539027 0.1789027 0.6960973 0.3210973 0.6960973 0.3210973 0.6960973 0.3210973 0.6960973 0.375 0.5 0.375 0.75 0.3210973 0.6960973 0.125 0.75 0.1789027 0.6960973 0.375 0.5 0.375 0.75 0.375 0.75 0.375 0.75 0.125 0.75 0.125 0.75 0.375 0 0.625 0 0.625 0.25 0.375 0.25 0.625 0.25 0.625 0.5 0.375 0.5 0.625 0.5 0.625 0.75 0.625 0.75 0.625 1 0.375 1 0.375 1 0.375 1 0.375 0.75 0.625 0.5 0.875 0.5 0.875 0.75 0.375 0.25 0.375 0.25 0.375 0 0.375 0.5 0.375 0.5 0.375 0.25 0.375 0.25 0.375 0.25 0.375 0 0.375 0.75 0.375 0.75 0.375 0.5 0.375 1 0.375 1 0.375 0.75 0.375 0.5 0.375 0.5 0.375 0.25 0.375 0.75 0.375 0.75 0.375 0.5 0.125 0.75 0.125 0.75 0.125 0.5 0.125 0.5 0.125 0.5 0.375 0.5 0.1789027 0.5539028 0.1789027 0.6960973 0.125 0.75 0.1789027 0.5539028 0.125 0.5 0.375 0.5 0.1789027 0.5539028 0.1789027 0.5539028 0.1789027 0.6960973 0.3210973 0.5539027 0.3210973 0.5539027 0.1789027 0.5539028 0.1789027 0.5539028 0.1789027 0.5539028 0.1789027 0.6960973 0.3210973 0.5539027 0.3210973 0.5539027 0.1789027 0.5539028 0.3210973 0.5539027 0.3210973 0.6960973 0.1789027 0.6960973 0.3210973 0.5539027 0.3210973 0.6960973 0.3210973 0.6960973 0.3210973 0.6960973 0.1789027 0.6960973 0.1789027 0.6960973 0.3210973 0.6960973 0.3210973 0.6960973 0.3210973 0.5539027 0.1789027 0.6960973 0.1789027 0.6960973 0.3210973 0.6960973 0.3210973 0.5539027 0.375 0.5 0.375 0.75 0.1789027 0.6960973 0.3210973 0.6960973 0.375 0.75 0.375 0.5 0.375 0.5 0.375 0.75 0.375 0.75 0.375 0.75 0.125 0.75 0.375 0.25 0.375 0.25 0.375 0 0.625 0 0.625 0.25 0.375 0.25 0.375 0.75 0.625 0.75 0.625 1 0.375 1 0.375 1 0.375 0.75 0.375 0.25 0.375 0.25 0.375 0 0.375 1 0.375 1 0.375 0.75 0.375 0.75 0.375 0.75 0.375 0.5 0.375 0.5 0.375 0.5 0.375 0.25 0.375 0.5 0.375 0.5 0.375 0.25 0.375 0.75 0.375 0.75 0.375 0.5 0.625 0.25 0.625 0.5 0.375 0.5 0.625 0.5 0.625 0.75 0.375 0.75 0.625 0.5 0.875 0.5 0.875 0.75 0.125 0.75 0.125 0.75 0.125 0.5 0.125 0.5 0.125 0.5 0.375 0.5 0.1789027 0.5539028 0.1789027 0.6960973 0.125 0.75 0.1789027 0.5539028 0.125 0.5 0.375 0.5 0.1789027 0.5539028 0.1789027 0.5539028 0.1789027 0.6960973 0.3210973 0.5539027 0.3210973 0.5539027 0.1789027 0.5539028 0.1789027 0.5539028 0.1789027 0.5539028 0.1789027 0.6960973 0.1789027 0.5539028 0.3210973 0.5539027 0.3210973 0.5539027 0.1789027 0.5539028 0.3210973 0.5539027 0.3210973 0.6960973 0.3210973 0.5539027 0.3210973 0.6960973 0.3210973 0.6960973 0.1789027 0.6960973 0.1789027 0.6960973 0.3210973 0.6960973 0.3210973 0.6960973 0.3210973 0.6960973 0.3210973 0.5539027 0.1789027 0.6960973 0.1789027 0.6960973 0.3210973 0.6960973 0.3210973 0.5539027 0.375 0.5 0.375 0.75 0.1789027 0.6960973 0.3210973 0.6960973 0.375 0.75 0.375 0.5 0.375 0.5 0.375 0.75 0.375 0.75 0.375 0.75 0.125 0.75 0.375 0.25 0.375 0.25 0.375 0 0.625 0 0.625 0.25 0.375 0.25 0.625 0.75 0.625 1 0.375 1 0.375 1 0.375 1 0.375 0.75 0.375 0.25 0.375 0.25 0.375 0 0.375 1 0.375 1 0.375 0.75 0.375 0.75 0.375 0.75 0.375 0.5 0.375 0.5 0.375 0.5 0.375 0.25 0.375 0.5 0.375 0.5 0.375 0.25 0.375 0.75 0.375 0.75 0.375 0.5 0.375 0.25 0.625 0.25 0.625 0.5 0.625 0.5 0.625 0.75 0.375 0.75 0.875 0.5 0.875 0.75 0.625 0.75 0.125 0.75 0.125 0.75 0.125 0.5 0.125 0.5 0.125 0.5 0.375 0.5 0.1789027 0.5539028 0.1789027 0.6960973 0.125 0.75 0.1789027 0.5539028 0.125 0.5 0.375 0.5 0.1789027 0.5539028 0.1789027 0.5539028 0.1789027 0.6960973 0.3210973 0.5539027 0.3210973 0.5539027 0.1789027 0.5539028 0.1789027 0.5539028 0.1789027 0.5539028 0.1789027 0.6960973 0.3210973 0.5539027 0.3210973 0.5539027 0.1789027 0.5539028 0.1789027 0.5539028 0.3210973 0.5539027 0.3210973 0.6960973 0.3210973 0.6960973 0.3210973 0.6960973 0.3210973 0.5539027 0.3210973 0.6960973 0.1789027 0.6960973 0.1789027 0.6960973 0.3210973 0.6960973 0.3210973 0.6960973 0.3210973 0.5539027 0.1789027 0.6960973 0.1789027 0.6960973 0.3210973 0.6960973 0.3210973 0.5539027 0.375 0.5 0.375 0.75 0.1789027 0.6960973 0.3210973 0.6960973 0.375 0.75 0.375 0.5 0.375 0.5 0.375 0.75 0.375 0.75 0.375 0.75 0.125 0.75 0.375 0.25 0.375 0.25 0.375 0 0.625 0 0.625 0.25 0.375 0.25 0.625 0.75 0.625 1 0.375 1 0.375 1 0.375 1 0.375 0.75 0.375 0.25 0.375 0.25 0.375 0 0.375 1 0.375 1 0.375 0.75 0.375 0.75 0.375 0.75 0.375 0.5 0.375 0.5 0.375 0.5 0.375 0.25 0.375 0.5 0.375 0.5 0.375 0.25 0.375 0.75 0.375 0.75 0.375 0.5 0.375 0.25 0.625 0.25 0.625 0.5 0.625 0.5 0.625 0.75 0.375 0.75 0.875 0.5 0.875 0.75 0.625 0.75 0.125 0.75 0.125 0.75 0.125 0.5 0.125 0.5 0.125 0.5 0.375 0.5 0.1789027 0.6960973 0.125 0.75 0.125 0.5 0.1789027 0.5539028 0.125 0.5 0.375 0.5 0.1789027 0.5539028 0.1789027 0.5539028 0.1789027 0.6960973 0.3210973 0.5539027 0.3210973 0.5539027 0.1789027 0.5539028 0.1789027 0.5539028 0.1789027 0.5539028 0.1789027 0.6960973 0.3210973 0.5539027 0.3210973 0.5539027 0.1789027 0.5539028 0.3210973 0.5539027 0.3210973 0.6960973 0.1789027 0.6960973 0.3210973 0.5539027 0.3210973 0.6960973 0.3210973 0.6960973 0.3210973 0.6960973 0.1789027 0.6960973 0.1789027 0.6960973 0.3210973 0.6960973 0.3210973 0.6960973 0.3210973 0.5539027 0.1789027 0.6960973 0.1789027 0.6960973 0.3210973 0.6960973 0.3210973 0.5539027 0.375 0.5 0.375 0.75 0.1789027 0.6960973 0.3210973 0.6960973 0.375 0.75 0.375 0.5 0.375 0.5 0.375 0.75 0.375 0.75 0.375 0.75 0.125 0.75 0.375 0.25 0.375 0.25 0.375 0 0.375 0 0.625 0 0.625 0.25 0.625 0.75 0.625 1 0.375 1 0.375 1 0.375 1 0.375 0.75 0.375 0.25 0.375 0.25 0.375 0 0.375 1 0.375 1 0.375 0.75 0.375 0.75 0.375 0.75 0.375 0.5 0.375 0.5 0.375 0.5 0.375 0.25 0.375 0.5 0.375 0.5 0.375 0.25 0.375 0.75 0.375 0.75 0.375 0.5 0.375 0.25 0.625 0.25 0.625 0.5 0.625 0.5 0.625 0.75 0.375 0.75 0.625 0.5 0.875 0.5 0.875 0.75 0.125 0.75 0.125 0.75 0.125 0.5 0.125 0.5 0.125 0.5 0.375 0.5 0.1789027 0.5539028 0.1789027 0.6960973 0.125 0.75 0.1789027 0.5539028 0.125 0.5 0.375 0.5 0.1789027 0.5539028 0.1789027 0.5539028 0.1789027 0.6960973 0.3210973 0.5539027 0.3210973 0.5539027 0.1789027 0.5539028 0.1789027 0.5539028 0.1789027 0.5539028 0.1789027 0.6960973 0.3210973 0.5539027 0.3210973 0.5539027 0.1789027 0.5539028 0.3210973 0.5539027 0.3210973 0.6960973 0.1789027 0.6960973 0.3210973 0.6960973 0.3210973 0.6960973 0.3210973 0.5539027 0.3210973 0.6960973 0.1789027 0.6960973 0.1789027 0.6960973 0.3210973 0.6960973 0.3210973 0.6960973 0.3210973 0.5539027 0.1789027 0.6960973 0.1789027 0.6960973 0.3210973 0.6960973 0.3210973 0.5539027 0.375 0.5 0.375 0.75 0.1789027 0.6960973 0.3210973 0.6960973 0.375 0.75 0.375 0.5 0.375 0.5 0.375 0.75 0.375 0.75 0.375 0.75 0.125 0.75 0.375 0.25 0.375 0.25 0.375 0 0.375 0 0.625 0 0.625 0.25 0.625 0.75 0.625 1 0.375 1 0.375 1 0.375 1 0.375 0.75 0.375 0.25 0.375 0.25 0.375 0 0.375 1 0.375 1 0.375 0.75 0.375 0.75 0.375 0.75 0.375 0.5 0.375 0.5 0.375 0.5 0.375 0.25 0.375 0.5 0.375 0.5 0.375 0.25 0.375 0.75 0.375 0.75 0.375 0.5 0.375 0.25 0.625 0.25 0.625 0.5 0.375 0.5 0.625 0.5 0.625 0.75 0.875 0.5 0.875 0.75 0.625 0.75 0.125 0.75 0.125 0.75 0.125 0.5 0.125 0.5 0.125 0.5 0.375 0.5 0.1789027 0.6960973 0.125 0.75 0.125 0.5 0.1789027 0.5539028 0.125 0.5 0.375 0.5 0.1789027 0.5539028 0.1789027 0.5539028 0.1789027 0.6960973 0.3210973 0.5539027 0.3210973 0.5539027 0.1789027 0.5539028 0.1789027 0.6960973 0.1789027 0.5539028 0.1789027 0.5539028 0.3210973 0.5539027 0.3210973 0.5539027 0.1789027 0.5539028 0.3210973 0.5539027 0.3210973 0.6960973 0.1789027 0.6960973 0.3210973 0.6960973 0.3210973 0.6960973 0.3210973 0.5539027 0.3210973 0.6960973 0.1789027 0.6960973 0.1789027 0.6960973 0.3210973 0.6960973 0.3210973 0.6960973 0.3210973 0.5539027 0.1789027 0.6960973 0.1789027 0.6960973 0.3210973 0.6960973 0.3210973 0.6960973 0.3210973 0.5539027 0.375 0.5 0.1789027 0.6960973 0.3210973 0.6960973 0.375 0.75 0.375 0.5 0.375 0.5 0.375 0.75 0.375 0.75 0.375 0.75 0.125 0.75 0.375 0.25 0.375 0.25 0.375 0 0.625 0 0.625 0.25 0.375 0.25 0.625 0.75 0.625 1 0.375 1 0.375 1 0.375 1 0.375 0.75 0.375 0.25 0.375 0.25 0.375 0 0.375 1 0.375 1 0.375 0.75 0.375 0.75 0.375 0.75 0.375 0.5 0.375 0.5 0.375 0.5 0.375 0.25 0.375 0.5 0.375 0.5 0.375 0.25 0.375 0.75 0.375 0.75 0.375 0.5 0.375 0.25 0.625 0.25 0.625 0.5 0.375 0.5 0.625 0.5 0.625 0.75 0.875 0.5 0.875 0.75 0.625 0.75 0.125 0.75 0.125 0.75 0.125 0.5 0.125 0.5 0.125 0.5 0.375 0.5 0.1789027 0.6960973 0.125 0.75 0.125 0.5 0.3210973 0.5539027 0.1789027 0.5539028 0.125 0.5 0.1789027 0.5539028 0.1789027 0.5539028 0.1789027 0.6960973 0.3210973 0.5539027 0.3210973 0.5539027 0.1789027 0.5539028 0.1789027 0.5539028 0.1789027 0.5539028 0.1789027 0.6960973 0.3210973 0.5539027 0.3210973 0.5539027 0.1789027 0.5539028 0.1789027 0.5539028 0.3210973 0.5539027 0.3210973 0.6960973 0.3210973 0.5539027 0.3210973 0.6960973 0.3210973 0.6960973 0.3210973 0.6960973 0.1789027 0.6960973 0.1789027 0.6960973 0.3210973 0.6960973 0.3210973 0.6960973 0.3210973 0.5539027 0.1789027 0.6960973 0.1789027 0.6960973 0.3210973 0.6960973 0.3210973 0.6960973 0.3210973 0.5539027 0.375 0.5 0.3210973 0.6960973 0.375 0.75 0.125 0.75 0.375 0.5 0.375 0.5 0.375 0.75 0.375 0.75 0.375 0.75 0.125 0.75 0.375 0.25 0.375 0.25 0.375 0 0.375 0 0.625 0 0.625 0.25 0.625 0.75 0.625 1 0.375 1 0.375 1 0.375 1 0.375 0.75 0.375 0.25 0.375 0.25 0.375 0 0.375 1 0.375 1 0.375 0.75 0.375 0.75 0.375 0.75 0.375 0.5 0.375 0.5 0.375 0.5 0.375 0.25 0.375 0.5 0.375 0.5 0.375 0.25 0.375 0.75 0.375 0.75 0.375 0.5 0.375 0.25 0.625 0.25 0.625 0.5 0.375 0.5 0.625 0.5 0.625 0.75 0.875 0.5 0.875 0.75 0.625 0.75 0.125 0.75 0.125 0.75 0.125 0.5 0.125 0.5 0.125 0.5 0.375 0.5 0.1789027 0.6960973 0.125 0.75 0.125 0.5 0.3210973 0.5539027 0.1789027 0.5539028 0.125 0.5 0.1789027 0.5539028 0.1789027 0.5539028 0.1789027 0.6960973 0.3210973 0.5539027 0.3210973 0.5539027 0.1789027 0.5539028 0.1789027 0.5539028 0.1789027 0.5539028 0.1789027 0.6960973 0.3210973 0.5539027 0.3210973 0.5539027 0.1789027 0.5539028 0.3210973 0.5539027 0.3210973 0.6960973 0.1789027 0.6960973 0.3210973 0.5539027 0.3210973 0.6960973 0.3210973 0.6960973 0.3210973 0.6960973 0.1789027 0.6960973 0.1789027 0.6960973 0.3210973 0.6960973 0.3210973 0.6960973 0.3210973 0.5539027 0.1789027 0.6960973 0.1789027 0.6960973 0.3210973 0.6960973 0.3210973 0.5539027 0.375 0.5 0.375 0.75 0.3210973 0.6960973 0.375 0.75 0.125 0.75 0.375 0.5 0.375 0.5 0.375 0.75 0.375 0.75 0.375 0.75 0.125 0.75 0.375 0.25 0.375 0.25 0.375 0 0.625 0 0.625 0.25 0.375 0.25 0.625 0.75 0.625 1 0.375 1 0.375 1 0.375 1 0.375 0.75 0.375 0.25 0.375 0.25 0.375 0 0.375 1 0.375 1 0.375 0.75 0.375 0.75 0.375 0.75 0.375 0.5 0.375 0.5 0.375 0.5 0.375 0.25 0.375 0.5 0.375 0.5 0.375 0.25 0.375 0.75 0.375 0.75 0.375 0.5 0.375 0.25 0.625 0.25 0.625 0.5 0.375 0.5 0.625 0.5 0.625 0.75 0.875 0.5 0.875 0.75 0.625 0.75 0.125 0.75 0.125 0.75 0.125 0.5 0.125 0.5 0.125 0.5 0.375 0.5 0.1789027 0.6960973 0.125 0.75 0.125 0.5 0.3210973 0.5539027 0.1789027 0.5539028 0.125 0.5 0.1789027 0.5539028 0.1789027 0.5539028 0.1789027 0.6960973 0.3210973 0.5539027 0.3210973 0.5539027 0.1789027 0.5539028 0.1789027 0.5539028 0.1789027 0.5539028 0.1789027 0.6960973 0.3210973 0.5539027 0.3210973 0.5539027 0.1789027 0.5539028 0.1789027 0.5539028 0.3210973 0.5539027 0.3210973 0.6960973 0.3210973 0.6960973 0.3210973 0.6960973 0.3210973 0.5539027 0.3210973 0.6960973 0.1789027 0.6960973 0.1789027 0.6960973 0.3210973 0.6960973 0.3210973 0.6960973 0.3210973 0.5539027 0.1789027 0.6960973 0.1789027 0.6960973 0.3210973 0.6960973 0.3210973 0.6960973 0.3210973 0.5539027 0.375 0.5 0.3210973 0.6960973 0.375 0.75 0.125 0.75 0.375 0.5 0.375 0.5 0.375 0.75 0.375 0.75 0.375 0.75 0.125 0.75 0.375 0.25 0.375 0.25 0.375 0 0.625 0 0.625 0.25 0.375 0.25 0.625 0.75 0.625 1 0.375 1 0.375 1 0.375 1 0.375 0.75 0.375 0.25 0.375 0.25 0.375 0 0.375 1 0.375 1 0.375 0.75 0.375 0.75 0.375 0.75 0.375 0.5 0.375 0.5 0.375 0.5 0.375 0.25 0.375 0.5 0.375 0.5 0.375 0.25 0.375 0.75 0.375 0.75 0.375 0.5 0.375 0.25 0.625 0.25 0.625 0.5 0.375 0.5 0.625 0.5 0.625 0.75 0.875 0.5 0.875 0.75 0.625 0.75 0.125 0.75 0.125 0.75 0.125 0.5 0.125 0.5 0.125 0.5 0.375 0.5 0.1789027 0.6960973 0.125 0.75 0.125 0.5 0.3210973 0.5539027 0.1789027 0.5539028 0.125 0.5 0.1789027 0.5539028 0.1789027 0.5539028 0.1789027 0.6960973 0.3210973 0.5539027 0.3210973 0.5539027 0.1789027 0.5539028 0.1789027 0.6960973 0.1789027 0.5539028 0.1789027 0.5539028 0.3210973 0.5539027 0.3210973 0.5539027 0.1789027 0.5539028 0.1789027 0.5539028 0.3210973 0.5539027 0.3210973 0.6960973 0.3210973 0.5539027 0.3210973 0.6960973 0.3210973 0.6960973 0.3210973 0.6960973 0.1789027 0.6960973 0.1789027 0.6960973 0.3210973 0.6960973 0.3210973 0.6960973 0.3210973 0.5539027 0.1789027 0.6960973 0.1789027 0.6960973 0.3210973 0.6960973 0.3210973 0.5539027 0.375 0.5 0.375 0.75 0.3210973 0.6960973 0.375 0.75 0.125 0.75 0.375 0.5 0.375 0.5 0.375 0.75 0.375 0.75 0.375 0.75 0.125 0.75 0.375 0.25 0.375 0.25 0.375 0 0.625 0 0.625 0.25 0.375 0.25 0.625 0.75 0.625 1 0.375 1 0.375 1 0.375 1 0.375 0.75 0.375 0.25 0.375 0.25 0.375 0 0.375 1 0.375 1 0.375 0.75 0.375 0.75 0.375 0.75 0.375 0.5 0.375 0.5 0.375 0.5 0.375 0.25 0.375 0.5 0.375 0.5 0.375 0.25 0.375 0.75 0.375 0.75 0.375 0.5 0.375 0.25 0.625 0.25 0.625 0.5 0.375 0.5 0.625 0.5 0.625 0.75 0.875 0.5 0.875 0.75 0.625 0.75 0.125 0.75 0.125 0.75 0.125 0.5 0.125 0.5 0.125 0.5 0.375 0.5 0.1789027 0.6960973 0.125 0.75 0.125 0.5 0.3210973 0.5539027 0.1789027 0.5539028 0.125 0.5 0.1789027 0.5539028 0.1789027 0.5539028 0.1789027 0.6960973 0.3210973 0.5539027 0.3210973 0.5539027 0.1789027 0.5539028 0.1789027 0.5539028 0.1789027 0.5539028 0.1789027 0.6960973 0.3210973 0.5539027 0.3210973 0.5539027 0.1789027 0.5539028 0.1789027 0.5539028 0.3210973 0.5539027 0.3210973 0.6960973 0.3210973 0.5539027 0.3210973 0.6960973 0.3210973 0.6960973 0.3210973 0.6960973 0.1789027 0.6960973 0.1789027 0.6960973 0.3210973 0.6960973 0.3210973 0.6960973 0.3210973 0.5539027 0.1789027 0.6960973 0.1789027 0.6960973 0.3210973 0.6960973 0.3210973 0.5539027 0.375 0.5 0.375 0.75 0.3210973 0.6960973 0.375 0.75 0.125 0.75 0.375 0.5 0.375 0.5 0.375 0.75 0.375 0.75 0.375 0.75 0.125 0.75 0.375 0.25 0.375 0.25 0.375 0 0.625 0 0.625 0.25 0.375 0.25 0.375 0.75 0.625 0.75 0.625 1 0.375 1 0.375 1 0.375 0.75 0.375 0.25 0.375 0.25 0.375 0 0.375 1 0.375 1 0.375 0.75 0.375 0.75 0.375 0.75 0.375 0.5 0.375 0.5 0.375 0.5 0.375 0.25 0.375 0.5 0.375 0.5 0.375 0.25 0.375 0.75 0.375 0.75 0.375 0.5 0.625 0.25 0.625 0.5 0.375 0.5 0.375 0.5 0.625 0.5 0.625 0.75 0.875 0.5 0.875 0.75 0.625 0.75 0.125 0.75 0.125 0.75 0.125 0.5 0.125 0.5 0.125 0.5 0.375 0.5 0.1789027 0.6960973 0.125 0.75 0.125 0.5 0.3210973 0.5539027 0.1789027 0.5539028 0.125 0.5 0.1789027 0.5539028 0.1789027 0.5539028 0.1789027 0.6960973 0.3210973 0.5539027 0.3210973 0.5539027 0.1789027 0.5539028 0.1789027 0.5539028 0.1789027 0.5539028 0.1789027 0.6960973 0.1789027 0.5539028 0.3210973 0.5539027 0.3210973 0.5539027 0.3210973 0.5539027 0.3210973 0.6960973 0.1789027 0.6960973 0.3210973 0.5539027 0.3210973 0.6960973 0.3210973 0.6960973 0.1789027 0.6960973 0.1789027 0.6960973 0.3210973 0.6960973 0.3210973 0.6960973 0.3210973 0.6960973 0.3210973 0.5539027 0.1789027 0.6960973 0.1789027 0.6960973 0.3210973 0.6960973 0.3210973 0.5539027 0.375 0.5 0.375 0.75 0.3210973 0.6960973 0.375 0.75 0.125 0.75 0.375 0.5 0.375 0.5 0.375 0.75 0.375 0.75 0.375 0.75 0.125 0.75 0.375 0.25 0.375 0.25 0.375 0 0.625 0 0.625 0.25 0.375 0.25 0.375 0.75 0.625 0.75 0.625 1 0.375 1 0.375 1 0.375 0.75 0.375 0.25 0.375 0.25 0.375 0 0.375 1 0.375 1 0.375 0.75 0.375 0.75 0.375 0.75 0.375 0.5 0.375 0.5 0.375 0.5 0.375 0.25 0.375 0.5 0.375 0.5 0.375 0.25 0.375 0.75 0.375 0.75 0.375 0.5 0.625 0.25 0.625 0.5 0.375 0.5 0.375 0.5 0.625 0.5 0.625 0.75 0.875 0.5 0.875 0.75 0.625 0.75 0.125 0.75 0.125 0.75 0.125 0.5 0.125 0.5 0.125 0.5 0.375 0.5 0.1789027 0.5539028 0.1789027 0.6960973 0.125 0.75 0.3210973 0.5539027 0.1789027 0.5539028 0.125 0.5 0.1789027 0.5539028 0.1789027 0.5539028 0.1789027 0.6960973 0.3210973 0.5539027 0.3210973 0.5539027 0.1789027 0.5539028 0.1789027 0.6960973 0.1789027 0.5539028 0.1789027 0.5539028 0.1789027 0.5539028 0.3210973 0.5539027 0.3210973 0.5539027 0.1789027 0.5539028 0.3210973 0.5539027 0.3210973 0.6960973 0.3210973 0.5539027 0.3210973 0.6960973 0.3210973 0.6960973 0.1789027 0.6960973 0.1789027 0.6960973 0.3210973 0.6960973 0.3210973 0.6960973 0.3210973 0.6960973 0.3210973 0.5539027 0.1789027 0.6960973 0.1789027 0.6960973 0.3210973 0.6960973 0.3210973 0.5539027 0.375 0.5 0.375 0.75 0.3210973 0.6960973 0.375 0.75 0.125 0.75 0.375 0.5 0.375 0.5 0.375 0.75 0.375 0.75 0.375 0.75 0.125 0.75 0.375 0.25 0.375 0.25 0.375 0 0.625 0 0.625 0.25 0.375 0.25 0.375 0.75 0.625 0.75 0.625 1 0.375 1 0.375 1 0.375 0.75 0.375 0.25 0.375 0.25 0.375 0 0.375 1 0.375 1 0.375 0.75 0.375 0.75 0.375 0.75 0.375 0.5 0.375 0.5 0.375 0.5 0.375 0.25 0.375 0.5 0.375 0.5 0.375 0.25 0.375 0.75 0.375 0.75 0.375 0.5 0.625 0.25 0.625 0.5 0.375 0.5 0.375 0.5 0.625 0.5 0.625 0.75 0.875 0.5 0.875 0.75 0.625 0.75 0.125 0.75 0.125 0.75 0.125 0.5 0.125 0.5 0.125 0.5 0.375 0.5 0.1789027 0.5539028 0.1789027 0.6960973 0.125 0.75 0.3210973 0.5539027 0.1789027 0.5539028 0.125 0.5 0.1789027 0.5539028 0.1789027 0.5539028 0.1789027 0.6960973 0.3210973 0.5539027 0.3210973 0.5539027 0.1789027 0.5539028 0.1789027 0.5539028 0.1789027 0.5539028 0.1789027 0.6960973 0.1789027 0.5539028 0.3210973 0.5539027 0.3210973 0.5539027 0.1789027 0.5539028 0.3210973 0.5539027 0.3210973 0.6960973 0.3210973 0.5539027 0.3210973 0.6960973 0.3210973 0.6960973 0.1789027 0.6960973 0.1789027 0.6960973 0.3210973 0.6960973 0.3210973 0.6960973 0.3210973 0.6960973 0.3210973 0.5539027 0.1789027 0.6960973 0.1789027 0.6960973 0.3210973 0.6960973 0.3210973 0.5539027 0.375 0.5 0.375 0.75 0.3210973 0.6960973 0.375 0.75 0.125 0.75 0.375 0.5 0.375 0.5 0.375 0.75 0.375 0.75 0.375 0.75 0.125 0.75 0.375 0.25 0.375 0.25 0.375 0 0.625 0 0.625 0.25 0.375 0.25 0.375 0.75 0.625 0.75 0.625 1 0.375 1 0.375 1 0.375 0.75 0.375 0.25 0.375 0.25 0.375 0 0.375 1 0.375 1 0.375 0.75 0.375 0.75 0.375 0.75 0.375 0.5 0.375 0.5 0.375 0.5 0.375 0.25 0.375 0.5 0.375 0.5 0.375 0.25 0.375 0.75 0.375 0.75 0.375 0.5 0.625 0.25 0.625 0.5 0.375 0.5 0.625 0.5 0.625 0.75 0.375 0.75 0.875 0.5 0.875 0.75 0.625 0.75 0.125 0.75 0.125 0.75 0.125 0.5 0.125 0.5 0.125 0.5 0.375 0.5 0.1789027 0.6960973 0.125 0.75 0.125 0.5 0.1789027 0.5539028 0.125 0.5 0.375 0.5 0.1789027 0.5539028 0.1789027 0.5539028 0.1789027 0.6960973 0.3210973 0.5539027 0.3210973 0.5539027 0.1789027 0.5539028 0.1789027 0.6960973 0.1789027 0.5539028 0.1789027 0.5539028 0.1789027 0.5539028 0.3210973 0.5539027 0.3210973 0.5539027 0.1789027 0.5539028 0.3210973 0.5539027 0.3210973 0.6960973 0.3210973 0.5539027 0.3210973 0.6960973 0.3210973 0.6960973 0.1789027 0.6960973 0.1789027 0.6960973 0.3210973 0.6960973 0.3210973 0.6960973 0.3210973 0.6960973 0.3210973 0.5539027 0.1789027 0.6960973 0.1789027 0.6960973 0.3210973 0.6960973 0.3210973 0.5539027 0.375 0.5 0.375 0.75 0.1789027 0.6960973 0.3210973 0.6960973 0.375 0.75 0.375 0.5 0.375 0.5 0.375 0.75 0.375 0.75 0.375 0.75 0.125 0.75 0.375 0.25 0.375 0.25 0.375 0 0.375 0 0.625 0 0.625 0.25 0.375 0.75 0.625 0.75 0.625 1 0.375 1 0.375 1 0.375 0.75 0.375 0.25 0.375 0.25 0.375 0 0.375 1 0.375 1 0.375 0.75 0.375 0.75 0.375 0.75 0.375 0.5 0.375 0.5 0.375 0.5 0.375 0.25 0.375 0.5 0.375 0.5 0.375 0.25 0.375 0.75 0.375 0.75 0.375 0.5 0.625 0.25 0.625 0.5 0.375 0.5 0.625 0.5 0.625 0.75 0.375 0.75 0.875 0.5 0.875 0.75 0.625 0.75 0.125 0.75 0.125 0.75 0.125 0.5 0.125 0.5 0.125 0.5 0.375 0.5 0.1789027 0.5539028 0.1789027 0.6960973 0.125 0.75 0.1789027 0.5539028 0.125 0.5 0.375 0.5 0.1789027 0.5539028 0.1789027 0.5539028 0.1789027 0.6960973 0.3210973 0.5539027 0.3210973 0.5539027 0.1789027 0.5539028 0.1789027 0.5539028 0.1789027 0.5539028 0.1789027 0.6960973 0.1789027 0.5539028 0.3210973 0.5539027 0.3210973 0.5539027 0.1789027 0.5539028 0.3210973 0.5539027 0.3210973 0.6960973 0.3210973 0.5539027 0.3210973 0.6960973 0.3210973 0.6960973 0.1789027 0.6960973 0.1789027 0.6960973 0.3210973 0.6960973 0.3210973 0.6960973 0.3210973 0.6960973 0.3210973 0.5539027 0.1789027 0.6960973 0.1789027 0.6960973 0.3210973 0.6960973 0.3210973 0.5539027 0.375 0.5 0.375 0.75 0.1789027 0.6960973 0.3210973 0.6960973 0.375 0.75 0.375 0.5 0.375 0.5 0.375 0.75 0.375 0.75 0.375 0.75 0.125 0.75 0.375 0.25 0.375 0.25 0.375 0 0.625 0 0.625 0.25 0.375 0.25 0.375 0.75 0.625 0.75 0.625 1 0.375 1 0.375 1 0.375 0.75 0.375 0.25 0.375 0.25 0.375 0 0.375 1 0.375 1 0.375 0.75 0.375 0.75 0.375 0.75 0.375 0.5 0.375 0.5 0.375 0.5 0.375 0.25 0.375 0.5 0.375 0.5 0.375 0.25 0.375 0.75 0.375 0.75 0.375 0.5 0.625 0.25 0.625 0.5 0.375 0.5 0.375 0.5 0.625 0.5 0.625 0.75 0.875 0.5 0.875 0.75 0.625 0.75 0.125 0.75 0.125 0.75 0.125 0.5 0.125 0.5 0.125 0.5 0.375 0.5 0.1789027 0.5539028 0.1789027 0.6960973 0.125 0.75 0.1789027 0.5539028 0.125 0.5 0.375 0.5 0.1789027 0.5539028 0.1789027 0.5539028 0.1789027 0.6960973 0.3210973 0.5539027 0.3210973 0.5539027 0.1789027 0.5539028 0.1789027 0.5539028 0.1789027 0.5539028 0.1789027 0.6960973 0.1789027 0.5539028 0.3210973 0.5539027 0.3210973 0.5539027 0.1789027 0.5539028 0.3210973 0.5539027 0.3210973 0.6960973 0.3210973 0.5539027 0.3210973 0.6960973 0.3210973 0.6960973 0.1789027 0.6960973 0.1789027 0.6960973 0.3210973 0.6960973 0.3210973 0.6960973 0.3210973 0.6960973 0.3210973 0.5539027 0.1789027 0.6960973 0.1789027 0.6960973 0.3210973 0.6960973 0.3210973 0.5539027 0.375 0.5 0.375 0.75 0.1789027 0.6960973 0.3210973 0.6960973 0.375 0.75 0.375 0.5 0.375 0.5 0.375 0.75 0.375 0.75 0.375 0.75 0.125 0.75 0.375 0.25 0.375 0.25 0.375 0 0.625 0 0.625 0.25 0.375 0.25 0.375 0.75 0.625 0.75 0.625 1 0.375 1 0.375 1 0.375 0.75 0.375 0.25 0.375 0.25 0.375 0 0.375 1 0.375 1 0.375 0.75 0.375 0.75 0.375 0.75 0.375 0.5 0.375 0.5 0.375 0.5 0.375 0.25 0.375 0.5 0.375 0.5 0.375 0.25 0.375 0.75 0.375 0.75 0.375 0.5 0.625 0.25 0.625 0.5 0.375 0.5 0.625 0.5 0.625 0.75 0.375 0.75 0.875 0.5 0.875 0.75 0.625 0.75 0.125 0.75 0.125 0.75 0.125 0.5 0.125 0.5 0.125 0.5 0.375 0.5 0.1789027 0.6960973 0.125 0.75 0.125 0.5 0.1789027 0.5539028 0.125 0.5 0.375 0.5 0.1789027 0.5539028 0.1789027 0.5539028 0.1789027 0.6960973 0.3210973 0.5539027 0.3210973 0.5539027 0.1789027 0.5539028 0.1789027 0.5539028 0.1789027 0.5539028 0.1789027 0.6960973 0.1789027 0.5539028 0.3210973 0.5539027 0.3210973 0.5539027 0.1789027 0.5539028 0.3210973 0.5539027 0.3210973 0.6960973 0.3210973 0.5539027 0.3210973 0.6960973 0.3210973 0.6960973 0.1789027 0.6960973 0.1789027 0.6960973 0.3210973 0.6960973 0.3210973 0.6960973 0.3210973 0.6960973 0.3210973 0.5539027 0.1789027 0.6960973 0.1789027 0.6960973 0.3210973 0.6960973 0.3210973 0.5539027 0.375 0.5 0.375 0.75 0.1789027 0.6960973 0.3210973 0.6960973 0.375 0.75 0.375 0.5 0.375 0.5 0.375 0.75 0.375 0.75 0.375 0.75 0.125 0.75 0.375 0.25 0.375 0.25 0.375 0 0.375 0 0.625 0 0.625 0.25 0.375 0.75 0.625 0.75 0.625 1 0.375 1 0.375 1 0.375 0.75 0.375 0.25 0.375 0.25 0.375 0 0.375 1 0.375 1 0.375 0.75 0.375 0.75 0.375 0.75 0.375 0.5 0.375 0.5 0.375 0.5 0.375 0.25 0.375 0.5 0.375 0.5 0.375 0.25 0.375 0.75 0.375 0.75 0.375 0.5 0.625 0.25 0.625 0.5 0.375 0.5 0.625 0.5 0.625 0.75 0.375 0.75 0.875 0.5 0.875 0.75 0.625 0.75 0.125 0.75 0.125 0.75 0.125 0.5 0.125 0.5 0.125 0.5 0.375 0.5 0.1789027 0.5539028 0.1789027 0.6960973 0.125 0.75 0.1789027 0.5539028 0.125 0.5 0.375 0.5 0.1789027 0.5539028 0.1789027 0.5539028 0.1789027 0.6960973 0.3210973 0.5539027 0.3210973 0.5539027 0.1789027 0.5539028 0.1789027 0.5539028 0.1789027 0.5539028 0.1789027 0.6960973 0.1789027 0.5539028 0.3210973 0.5539027 0.3210973 0.5539027 0.1789027 0.5539028 0.3210973 0.5539027 0.3210973 0.6960973 0.3210973 0.5539027 0.3210973 0.6960973 0.3210973 0.6960973 0.1789027 0.6960973 0.1789027 0.6960973 0.3210973 0.6960973 0.3210973 0.6960973 0.3210973 0.6960973 0.3210973 0.5539027 0.1789027 0.6960973 0.1789027 0.6960973 0.3210973 0.6960973 0.3210973 0.5539027 0.375 0.5 0.375 0.75 0.1789027 0.6960973 0.3210973 0.6960973 0.375 0.75 0.375 0.5 0.375 0.5 0.375 0.75 0.375 0.75 0.375 0.75 0.125 0.75 0.375 0.25 0.375 0.25 0.375 0 0.625 0 0.625 0.25 0.375 0.25 0.375 0.75 0.625 0.75 0.625 1 0.375 1 0.375 1 0.375 0.75 0.375 0.25 0.375 0.25 0.375 0 0.375 1 0.375 1 0.375 0.75 0.375 0.75 0.375 0.75 0.375 0.5 0.375 0.5 0.375 0.5 0.375 0.25 0.375 0.5 0.375 0.5 0.375 0.25 0.375 0.75 0.375 0.75 0.375 0.5 0.625 0.25 0.625 0.5 0.375 0.5 0.625 0.5 0.625 0.75 0.375 0.75 0.625 0.5 0.875 0.5 0.875 0.75 0.125 0.75 0.125 0.75 0.125 0.5 0.125 0.5 0.125 0.5 0.375 0.5 0.1789027 0.5539028 0.1789027 0.6960973 0.125 0.75 0.1789027 0.5539028 0.125 0.5 0.375 0.5 0.1789027 0.5539028 0.1789027 0.5539028 0.1789027 0.6960973 0.3210973 0.5539027 0.3210973 0.5539027 0.1789027 0.5539028 0.1789027 0.5539028 0.1789027 0.5539028 0.1789027 0.6960973 0.1789027 0.5539028 0.3210973 0.5539027 0.3210973 0.5539027 0.1789027 0.5539028 0.3210973 0.5539027 0.3210973 0.6960973 0.3210973 0.5539027 0.3210973 0.6960973 0.3210973 0.6960973 0.1789027 0.6960973 0.1789027 0.6960973 0.3210973 0.6960973 0.3210973 0.6960973 0.3210973 0.6960973 0.3210973 0.5539027 0.1789027 0.6960973 0.1789027 0.6960973 0.3210973 0.6960973 0.3210973 0.5539027 0.375 0.5 0.375 0.75 0.3210973 0.6960973 0.375 0.75 0.125 0.75 0.375 0.5 0.375 0.5 0.375 0.75 0.375 0.75 0.375 0.75 0.125 0.75 0.375 0.25 0.375 0.25 0.375 0 0.625 0 0.625 0.25 0.375 0.25 0.375 0.75 0.625 0.75 0.625 1 0.375 1 0.375 1 0.375 0.75 0.375 0.25 0.375 0.25 0.375 0 0.375 1 0.375 1 0.375 0.75 0.375 0.75 0.375 0.75 0.375 0.5 0.375 0.5 0.375 0.5 0.375 0.25 0.375 0.5 0.375 0.5 0.375 0.25 0.375 0.75 0.375 0.75 0.375 0.5 0.625 0.25 0.625 0.5 0.375 0.5 0.625 0.5 0.625 0.75 0.375 0.75 0.875 0.5 0.875 0.75 0.625 0.75 0.125 0.75 0.125 0.75 0.125 0.5 0.125 0.5 0.125 0.5 0.375 0.5 0.1789027 0.6960973 0.125 0.75 0.125 0.5 0.3210973 0.5539027 0.1789027 0.5539028 0.125 0.5 0.1789027 0.5539028 0.1789027 0.5539028 0.1789027 0.6960973 0.3210973 0.5539027 0.3210973 0.5539027 0.1789027 0.5539028 0.1789027 0.5539028 0.1789027 0.5539028 0.1789027 0.6960973 0.1789027 0.5539028 0.3210973 0.5539027 0.3210973 0.5539027 0.1789027 0.5539028 0.3210973 0.5539027 0.3210973 0.6960973 0.3210973 0.5539027 0.3210973 0.6960973 0.3210973 0.6960973 0.1789027 0.6960973 0.1789027 0.6960973 0.3210973 0.6960973 0.3210973 0.6960973 0.3210973 0.6960973 0.3210973 0.5539027 0.1789027 0.6960973 0.1789027 0.6960973 0.3210973 0.6960973 0.3210973 0.5539027 0.375 0.5 0.375 0.75 0.3210973 0.6960973 0.375 0.75 0.125 0.75 0.375 0.5 0.375 0.5 0.375 0.75 0.375 0.75 0.375 0.75 0.125 0.75 0.375 0.25 0.375 0.25 0.375 0 0.625 0 0.625 0.25 0.375 0.25 0.375 0.75 0.625 0.75 0.625 1 0.375 1 0.375 1 0.375 0.75 0.375 0.25 0.375 0.25 0.375 0 0.375 1 0.375 1 0.375 0.75 0.375 0.75 0.375 0.75 0.375 0.5 0.375 0.5 0.375 0.5 0.375 0.25 0.375 0.5 0.375 0.5 0.375 0.25 0.375 0.75 0.375 0.75 0.375 0.5 0.625 0.25 0.625 0.5 0.375 0.5 0.625 0.5 0.625 0.75 0.375 0.75 0.875 0.5 0.875 0.75 0.625 0.75 0.125 0.75 0.125 0.75 0.125 0.5 0.125 0.5 0.125 0.5 0.375 0.5 0.1789027 0.5539028 0.1789027 0.6960973 0.125 0.75 0.3210973 0.5539027 0.1789027 0.5539028 0.125 0.5 0.1789027 0.5539028 0.1789027 0.5539028 0.1789027 0.6960973 0.3210973 0.5539027 0.3210973 0.5539027 0.1789027 0.5539028 0.1789027 0.5539028 0.1789027 0.5539028 0.1789027 0.6960973 0.1789027 0.5539028 0.3210973 0.5539027 0.3210973 0.5539027 0.1789027 0.5539028 0.3210973 0.5539027 0.3210973 0.6960973 0.3210973 0.6960973 0.3210973 0.6960973 0.3210973 0.5539027 0.1789027 0.6960973 0.1789027 0.6960973 0.3210973 0.6960973 0.3210973 0.6960973 0.3210973 0.6960973 0.3210973 0.5539027 0.1789027 0.6960973 0.1789027 0.6960973 0.3210973 0.6960973 0.3210973 0.6960973 0.3210973 0.5539027 0.375 0.5 0.1789027 0.6960973 0.3210973 0.6960973 0.375 0.75 0.375 0.5 0.375 0.5 0.375 0.75 0.375 0.75 0.375 0.75 0.125 0.75 0.375 0.25 0.375 0.25 0.375 0 0.375 0 0.625 0 0.625 0.25 0.375 0.75 0.625 0.75 0.625 1 0.375 1 0.375 1 0.375 0.75 0.375 0.25 0.375 0.25 0.375 0 0.375 1 0.375 1 0.375 0.75 0.375 0.75 0.375 0.75 0.375 0.5 0.375 0.5 0.375 0.5 0.375 0.25 0.375 0.5 0.375 0.5 0.375 0.25 0.375 0.75 0.375 0.75 0.375 0.5 0.625 0.25 0.625 0.5 0.375 0.5 0.375 0.5 0.625 0.5 0.625 0.75 0.875 0.5 0.875 0.75 0.625 0.75 0.125 0.75 0.125 0.75 0.125 0.5 0.125 0.5 0.125 0.5 0.375 0.5 0.1789027 0.5539028 0.1789027 0.6960973 0.125 0.75 0.3210973 0.5539027 0.1789027 0.5539028 0.125 0.5 0.1789027 0.5539028 0.1789027 0.5539028 0.1789027 0.6960973 0.3210973 0.5539027 0.3210973 0.5539027 0.1789027 0.5539028 0.1789027 0.5539028 0.1789027 0.5539028 0.1789027 0.6960973 0.1789027 0.5539028 0.3210973 0.5539027 0.3210973 0.5539027 0.1789027 0.5539028 0.3210973 0.5539027 0.3210973 0.6960973 0.3210973 0.6960973 0.3210973 0.6960973 0.3210973 0.5539027 0.1789027 0.6960973 0.1789027 0.6960973 0.3210973 0.6960973 0.3210973 0.6960973 0.3210973 0.6960973 0.3210973 0.5539027 0.1789027 0.6960973 0.1789027 0.6960973 0.3210973 0.6960973 0.3210973 0.6960973 0.3210973 0.5539027 0.375 0.5 0.3210973 0.6960973 0.375 0.75 0.125 0.75 0.375 0.5 0.375 0.5 0.375 0.75 0.375 0.75 0.375 0.75 0.125 0.75 0.375 0.25 0.375 0.25 0.375 0 0.625 0 0.625 0.25 0.375 0.25 0.625 0.75 0.625 1 0.375 1 0.375 1 0.375 1 0.375 0.75 0.375 0.25 0.375 0.25 0.375 0 0.375 1 0.375 1 0.375 0.75 0.375 0.75 0.375 0.75 0.375 0.5 0.375 0.5 0.375 0.5 0.375 0.25 0.375 0.5 0.375 0.5 0.375 0.25 0.375 0.75 0.375 0.75 0.375 0.5 0.375 0.25 0.625 0.25 0.625 0.5 0.375 0.5 0.625 0.5 0.625 0.75 0.875 0.5 0.875 0.75 0.625 0.75 0.125 0.75 0.125 0.75 0.125 0.5 0.125 0.5 0.125 0.5 0.375 0.5 0.1789027 0.6960973 0.125 0.75 0.125 0.5 0.3210973 0.5539027 0.1789027 0.5539028 0.125 0.5 0.1789027 0.5539028 0.1789027 0.5539028 0.1789027 0.6960973 0.3210973 0.5539027 0.3210973 0.5539027 0.1789027 0.5539028 0.1789027 0.5539028 0.1789027 0.5539028 0.1789027 0.6960973 0.3210973 0.5539027 0.3210973 0.5539027 0.1789027 0.5539028 0.3210973 0.5539027 0.3210973 0.6960973 0.1789027 0.6960973 0.3210973 0.5539027 0.3210973 0.6960973 0.3210973 0.6960973 0.3210973 0.6960973 0.1789027 0.6960973 0.1789027 0.6960973 0.3210973 0.6960973 0.3210973 0.6960973 0.3210973 0.5539027 0.1789027 0.6960973 0.1789027 0.6960973 0.3210973 0.6960973 0.3210973 0.5539027 0.375 0.5 0.375 0.75 0.1789027 0.6960973 0.3210973 0.6960973 0.375 0.75 0.375 0.5 0.375 0.5 0.375 0.75 0.375 0.75 0.375 0.75 0.125 0.75 0.375 0.25 0.375 0.25 0.375 0 0.625 0 0.625 0.25 0.375 0.25 0.375 0.75 0.625 0.75 0.625 1 0.375 1 0.375 1 0.375 0.75 0.375 0.25 0.375 0.25 0.375 0 0.375 1 0.375 1 0.375 0.75 0.375 0.75 0.375 0.75 0.375 0.5 0.375 0.5 0.375 0.5 0.375 0.25 0.375 0.5 0.375 0.5 0.375 0.25 0.375 0.75 0.375 0.75 0.375 0.5 0.625 0.25 0.625 0.5 0.375 0.5 0.625 0.5 0.625 0.75 0.375 0.75 0.875 0.5 0.875 0.75 0.625 0.75 0.125 0.75 0.125 0.75 0.125 0.5 0.125 0.5 0.125 0.5 0.375 0.5 0.1789027 0.6960973 0.125 0.75 0.125 0.5 0.1789027 0.5539028 0.125 0.5 0.375 0.5 0.1789027 0.5539028 0.1789027 0.5539028 0.1789027 0.6960973 0.3210973 0.5539027 0.3210973 0.5539027 0.1789027 0.5539028 0.1789027 0.5539028 0.1789027 0.5539028 0.1789027 0.6960973 0.1789027 0.5539028 0.3210973 0.5539027 0.3210973 0.5539027 0.3210973 0.5539027 0.3210973 0.6960973 0.1789027 0.6960973 0.3210973 0.5539027 0.3210973 0.6960973 0.3210973 0.6960973 0.1789027 0.6960973 0.1789027 0.6960973 0.3210973 0.6960973 0.3210973 0.6960973 0.3210973 0.6960973 0.3210973 0.5539027 0.1789027 0.6960973 0.1789027 0.6960973 0.3210973 0.6960973 0.3210973 0.5539027 0.375 0.5 0.375 0.75 0.1789027 0.6960973 0.3210973 0.6960973 0.375 0.75 0.375 0.5 0.375 0.5 0.375 0.75 0.375 0.75 0.375 0.75 0.125 0.75 0.375 0.25 0.375 0.25 0.375 0 0.375 0 0.625 0 0.625 0.25 0.625 0.75 0.625 1 0.375 1 0.375 1 0.375 1 0.375 0.75 0.375 0.25 0.375 0.25 0.375 0 0.375 1 0.375 1 0.375 0.75 0.375 0.75 0.375 0.75 0.375 0.5 0.375 0.5 0.375 0.5 0.375 0.25 0.375 0.5 0.375 0.5 0.375 0.25 0.375 0.75 0.375 0.75 0.375 0.5 0.375 0.25 0.625 0.25 0.625 0.5 0.625 0.5 0.625 0.75 0.375 0.75 0.875 0.5 0.875 0.75 0.625 0.75 0.125 0.75 0.125 0.75 0.125 0.5 0.125 0.5 0.125 0.5 0.375 0.5 0.1789027 0.6960973 0.125 0.75 0.125 0.5 0.1789027 0.5539028 0.125 0.5 0.375 0.5 0.1789027 0.5539028 0.1789027 0.5539028 0.1789027 0.6960973 0.3210973 0.5539027 0.3210973 0.5539027 0.1789027 0.5539028 0.1789027 0.5539028 0.1789027 0.5539028 0.1789027 0.6960973 0.1789027 0.5539028 0.3210973 0.5539027 0.3210973 0.5539027 0.1789027 0.5539028 0.3210973 0.5539027 0.3210973 0.6960973 0.3210973 0.5539027 0.3210973 0.6960973 0.3210973 0.6960973 0.1789027 0.6960973 0.1789027 0.6960973 0.3210973 0.6960973 0.3210973 0.6960973 0.3210973 0.6960973 0.3210973 0.5539027 0.1789027 0.6960973 0.1789027 0.6960973 0.3210973 0.6960973 0.3210973 0.5539027 0.375 0.5 0.375 0.75 0.1789027 0.6960973 0.3210973 0.6960973 0.375 0.75 0.375 0.5 0.375 0.5 0.375 0.75 0.375 0.75 0.375 0.75 0.125 0.75 0.375 0.25 0.375 0.25 0.375 0 0.375 0 0.625 0 0.625 0.25 0.625 0.75 0.625 1 0.375 1 0.375 1 0.375 1 0.375 0.75 0.375 0.25 0.375 0.25 0.375 0 0.375 1 0.375 1 0.375 0.75 0.375 0.75 0.375 0.75 0.375 0.5 0.375 0.5 0.375 0.5 0.375 0.25 0.375 0.5 0.375 0.5 0.375 0.25 0.375 0.75 0.375 0.75 0.375 0.5 0.375 0.25 0.625 0.25 0.625 0.5 0.625 0.5 0.625 0.75 0.375 0.75 0.875 0.5 0.875 0.75 0.625 0.75 0.125 0.75 0.125 0.75 0.125 0.5 0.125 0.5 0.125 0.5 0.375 0.5 0.1789027 0.6960973 0.125 0.75 0.125 0.5 0.3210973 0.5539027 0.1789027 0.5539028 0.125 0.5 0.1789027 0.5539028 0.1789027 0.5539028 0.1789027 0.6960973 0.3210973 0.5539027 0.3210973 0.5539027 0.1789027 0.5539028 0.1789027 0.5539028 0.1789027 0.5539028 0.1789027 0.6960973 0.3210973 0.5539027 0.3210973 0.5539027 0.1789027 0.5539028 0.1789027 0.5539028 0.3210973 0.5539027 0.3210973 0.6960973 0.3210973 0.5539027 0.3210973 0.6960973 0.3210973 0.6960973 0.3210973 0.6960973 0.1789027 0.6960973 0.1789027 0.6960973 0.3210973 0.6960973 0.3210973 0.6960973 0.3210973 0.5539027 0.1789027 0.6960973 0.1789027 0.6960973 0.3210973 0.6960973 0.3210973 0.5539027 0.375 0.5 0.375 0.75 0.1789027 0.6960973 0.3210973 0.6960973 0.375 0.75 0.375 0.5 0.375 0.5 0.375 0.75 0.375 0.75 0.375 0.75 0.125 0.75 0.375 0.25 0.375 0.25 0.375 0 0.375 0 0.625 0 0.625 0.25 0.625 0.75 0.625 1 0.375 1 0.375 1 0.375 1 0.375 0.75 0.375 0.25 0.375 0.25 0.375 0 0.375 1 0.375 1 0.375 0.75 0.375 0.75 0.375 0.75 0.375 0.5 0.375 0.5 0.375 0.5 0.375 0.25 0.375 0.5 0.375 0.5 0.375 0.25 0.375 0.75 0.375 0.75 0.375 0.5 0.375 0.25 0.625 0.25 0.625 0.5 0.375 0.5 0.625 0.5 0.625 0.75 0.875 0.5 0.875 0.75 0.625 0.75 0.125 0.75 0.125 0.75 0.125 0.5 0.125 0.5 0.125 0.5 0.375 0.5 0.1789027 0.5539028 0.1789027 0.6960973 0.125 0.75 0.3210973 0.5539027 0.1789027 0.5539028 0.125 0.5 0.1789027 0.5539028 0.1789027 0.5539028 0.1789027 0.6960973 0.3210973 0.5539027 0.3210973 0.5539027 0.1789027 0.5539028 0.1789027 0.5539028 0.1789027 0.5539028 0.1789027 0.6960973 0.3210973 0.5539027 0.3210973 0.5539027 0.1789027 0.5539028 0.1789027 0.5539028 0.3210973 0.5539027 0.3210973 0.6960973 0.3210973 0.5539027 0.3210973 0.6960973 0.3210973 0.6960973 0.3210973 0.6960973 0.1789027 0.6960973 0.1789027 0.6960973 0.3210973 0.6960973 0.3210973 0.6960973 0.3210973 0.5539027 0.1789027 0.6960973 0.1789027 0.6960973 0.3210973 0.6960973 0.3210973 0.5539027 0.375 0.5 0.375 0.75 0.3210973 0.6960973 0.375 0.75 0.125 0.75 0.375 0.5 0.375 0.5 0.375 0.75 0.375 0.75 0.375 0.75 0.125 0.75 0.375 0.25 0.375 0.25 0.375 0 0.375 0 0.625 0 0.625 0.25 0.625 0.75 0.625 1 0.375 1 0.375 1 0.375 1 0.375 0.75 0.375 0.25 0.375 0.25 0.375 0 0.375 1 0.375 1 0.375 0.75 0.375 0.75 0.375 0.75 0.375 0.5 0.375 0.5 0.375 0.5 0.375 0.25 0.375 0.5 0.375 0.5 0.375 0.25 0.375 0.75 0.375 0.75 0.375 0.5 0.375 0.25 0.625 0.25 0.625 0.5 0.625 0.5 0.625 0.75 0.375 0.75 0.875 0.5 0.875 0.75 0.625 0.75 0.125 0.75 0.125 0.75 0.125 0.5 0.125 0.5 0.125 0.5 0.375 0.5 0.1789027 0.5539028 0.1789027 0.6960973 0.125 0.75 0.3210973 0.5539027 0.1789027 0.5539028 0.125 0.5 0.1789027 0.5539028 0.1789027 0.5539028 0.1789027 0.6960973 0.3210973 0.5539027 0.3210973 0.5539027 0.1789027 0.5539028 0.1789027 0.5539028 0.1789027 0.5539028 0.1789027 0.6960973 0.1789027 0.5539028 0.3210973 0.5539027 0.3210973 0.5539027 0.1789027 0.5539028 0.3210973 0.5539027 0.3210973 0.6960973 0.3210973 0.5539027 0.3210973 0.6960973 0.3210973 0.6960973 0.1789027 0.6960973 0.1789027 0.6960973 0.3210973 0.6960973 0.3210973 0.6960973 0.3210973 0.6960973 0.3210973 0.5539027 0.1789027 0.6960973 0.1789027 0.6960973 0.3210973 0.6960973 0.3210973 0.6960973 0.3210973 0.5539027 0.375 0.5 0.3210973 0.6960973 0.375 0.75 0.125 0.75 0.375 0.5 0.375 0.5 0.375 0.75 0.375 0.75 0.375 0.75 0.125 0.75 0.375 0.25 0.375 0.25 0.375 0 0.375 0 0.625 0 0.625 0.25 0.625 0.75 0.625 1 0.375 1 0.375 1 0.375 1 0.375 0.75 0.375 0.25 0.375 0.25 0.375 0 0.375 1 0.375 1 0.375 0.75 0.375 0.75 0.375 0.75 0.375 0.5 0.375 0.5 0.375 0.5 0.375 0.25 0.375 0.5 0.375 0.5 0.375 0.25 0.375 0.75 0.375 0.75 0.375 0.5 0.375 0.25 0.625 0.25 0.625 0.5 0.375 0.5 0.625 0.5 0.625 0.75 0.875 0.5 0.875 0.75 0.625 0.75 0.125 0.75 0.125 0.75 0.125 0.5 0.125 0.5 0.125 0.5 0.375 0.5 0.1789027 0.6960973 0.125 0.75 0.125 0.5 0.3210973 0.5539027 0.1789027 0.5539028 0.125 0.5 0.1789027 0.5539028 0.1789027 0.5539028 0.1789027 0.6960973 0.3210973 0.5539027 0.3210973 0.5539027 0.1789027 0.5539028 0.1789027 0.5539028 0.1789027 0.5539028 0.1789027 0.6960973 0.3210973 0.5539027 0.3210973 0.5539027 0.1789027 0.5539028 0.1789027 0.5539028 0.3210973 0.5539027 0.3210973 0.6960973 0.3210973 0.5539027 0.3210973 0.6960973 0.3210973 0.6960973 0.3210973 0.6960973 0.1789027 0.6960973 0.1789027 0.6960973 0.3210973 0.6960973 0.3210973 0.6960973 0.3210973 0.5539027 0.1789027 0.6960973 0.1789027 0.6960973 0.3210973 0.6960973 0.3210973 0.6960973 0.3210973 0.5539027 0.375 0.5 0.1789027 0.6960973 0.3210973 0.6960973 0.375 0.75 0.375 0.5 0.375 0.5 0.375 0.75 0.375 0.75 0.375 0.75 0.125 0.75 0.375 0.25 0.375 0.25 0.375 0 0.375 0 0.625 0 0.625 0.25 0.625 0.75 0.625 1 0.375 1 0.375 1 0.375 1 0.375 0.75 0.375 0.25 0.375 0.25 0.375 0 0.375 1 0.375 1 0.375 0.75 0.375 0.75 0.375 0.75 0.375 0.5 0.375 0.5 0.375 0.5 0.375 0.25 0.375 0.5 0.375 0.5 0.375 0.25 0.375 0.75 0.375 0.75 0.375 0.5 0.375 0.25 0.625 0.25 0.625 0.5 0.375 0.5 0.625 0.5 0.625 0.75 0.875 0.5 0.875 0.75 0.625 0.75 0.125 0.75 0.125 0.75 0.125 0.5 0.125 0.5 0.125 0.5 0.375 0.5 0.1789027 0.5539028 0.1789027 0.6960973 0.125 0.75 0.1789027 0.5539028 0.125 0.5 0.375 0.5 0.1789027 0.5539028 0.1789027 0.5539028 0.1789027 0.6960973 0.3210973 0.5539027 0.3210973 0.5539027 0.1789027 0.5539028 0.1789027 0.5539028 0.1789027 0.5539028 0.1789027 0.6960973 0.3210973 0.5539027 0.3210973 0.5539027 0.1789027 0.5539028 0.1789027 0.5539028 0.3210973 0.5539027 0.3210973 0.6960973 0.3210973 0.5539027 0.3210973 0.6960973 0.3210973 0.6960973 0.3210973 0.6960973 0.1789027 0.6960973 0.1789027 0.6960973 0.3210973 0.6960973 0.3210973 0.6960973 0.3210973 0.5539027 0.1789027 0.6960973 0.1789027 0.6960973 0.3210973 0.6960973 0.3210973 0.5539027 0.375 0.5 0.375 0.75 0.1789027 0.6960973 0.3210973 0.6960973 0.375 0.75 0.375 0.5 0.375 0.5 0.375 0.75 0.375 0.75 0.375 0.75 0.125 0.75 0.375 0.25 0.375 0.25 0.375 0 0.375 0 0.625 0 0.625 0.25 0.625 0.75 0.625 1 0.375 1 0.375 1 0.375 1 0.375 0.75 0.375 0.25 0.375 0.25 0.375 0 0.375 1 0.375 1 0.375 0.75 0.375 0.75 0.375 0.75 0.375 0.5 0.375 0.5 0.375 0.5 0.375 0.25 0.375 0.5 0.375 0.5 0.375 0.25 0.375 0.75 0.375 0.75 0.375 0.5 0.375 0.25 0.625 0.25 0.625 0.5 0.625 0.5 0.625 0.75 0.375 0.75 0.875 0.5 0.875 0.75 0.625 0.75 0.125 0.75 0.125 0.75 0.125 0.5 0.125 0.5 0.125 0.5 0.375 0.5 0.1789027 0.6960973 0.125 0.75 0.125 0.5 0.1789027 0.5539028 0.125 0.5 0.375 0.5 0.1789027 0.5539028 0.1789027 0.5539028 0.1789027 0.6960973 0.3210973 0.5539027 0.3210973 0.5539027 0.1789027 0.5539028 0.1789027 0.5539028 0.1789027 0.5539028 0.1789027 0.6960973 0.3210973 0.5539027 0.3210973 0.5539027 0.1789027 0.5539028 0.1789027 0.5539028 0.3210973 0.5539027 0.3210973 0.6960973 0.3210973 0.5539027 0.3210973 0.6960973 0.3210973 0.6960973 0.3210973 0.6960973 0.1789027 0.6960973 0.1789027 0.6960973 0.3210973 0.6960973 0.3210973 0.6960973 0.3210973 0.5539027 0.1789027 0.6960973 0.1789027 0.6960973 0.3210973 0.6960973 0.3210973 0.5539027 0.375 0.5 0.375 0.75 0.1789027 0.6960973 0.3210973 0.6960973 0.375 0.75 0.375 0.5 0.375 0.5 0.375 0.75 0.375 0.75 0.375 0.75 0.125 0.75 0.375 0.25 0.375 0.25 0.375 0 0.375 0 0.625 0 0.625 0.25 0.625 0.75 0.625 1 0.375 1 0.375 1 0.375 1 0.375 0.75 0.375 0.25 0.375 0.25 0.375 0 0.375 1 0.375 1 0.375 0.75 0.375 0.75 0.375 0.75 0.375 0.5 0.375 0.5 0.375 0.5 0.375 0.25 0.375 0.5 0.375 0.5 0.375 0.25 0.375 0.75 0.375 0.75 0.375 0.5 0.375 0.25 0.625 0.25 0.625 0.5 0.625 0.5 0.625 0.75 0.375 0.75 0.875 0.5 0.875 0.75 0.625 0.75 0.125 0.75 0.125 0.75 0.125 0.5 0.125 0.5 0.125 0.5 0.375 0.5 0.1789027 0.5539028 0.1789027 0.6960973 0.125 0.75 0.3210973 0.5539027 0.1789027 0.5539028 0.125 0.5 0.1789027 0.5539028 0.1789027 0.5539028 0.1789027 0.6960973 0.3210973 0.5539027 0.3210973 0.5539027 0.1789027 0.5539028 0.1789027 0.5539028 0.1789027 0.5539028 0.1789027 0.6960973 0.3210973 0.5539027 0.3210973 0.5539027 0.1789027 0.5539028 0.1789027 0.5539028 0.3210973 0.5539027 0.3210973 0.6960973 0.3210973 0.5539027 0.3210973 0.6960973 0.3210973 0.6960973 0.3210973 0.6960973 0.1789027 0.6960973 0.1789027 0.6960973 0.3210973 0.6960973 0.3210973 0.6960973 0.3210973 0.5539027 0.1789027 0.6960973 0.1789027 0.6960973 0.3210973 0.6960973 0.3210973 0.5539027 0.375 0.5 0.375 0.75 0.1789027 0.6960973 0.3210973 0.6960973 0.375 0.75 0.375 0.5 0.375 0.5 0.375 0.75 0.375 0.75 0.375 0.75 0.125 0.75 0.375 0.25 0.375 0.25 0.375 0 0.625 0 0.625 0.25 0.375 0.25 0.625 0.75 0.625 1 0.375 1 0.375 1 0.375 1 0.375 0.75 0.375 0.25 0.375 0.25 0.375 0 0.375 1 0.375 1 0.375 0.75 0.375 0.75 0.375 0.75 0.375 0.5 0.375 0.5 0.375 0.5 0.375 0.25 0.375 0.5 0.375 0.5 0.375 0.25 0.375 0.75 0.375 0.75 0.375 0.5 0.375 0.25 0.625 0.25 0.625 0.5 0.625 0.5 0.625 0.75 0.375 0.75 0.875 0.5 0.875 0.75 0.625 0.75 0.125 0.75 0.125 0.75 0.125 0.5 0.125 0.5 0.125 0.5 0.375 0.5 0.1789027 0.5539028 0.1789027 0.6960973 0.125 0.75 0.3210973 0.5539027 0.1789027 0.5539028 0.125 0.5 0.1789027 0.5539028 0.1789027 0.5539028 0.1789027 0.6960973 0.3210973 0.5539027 0.3210973 0.5539027 0.1789027 0.5539028 0.1789027 0.5539028 0.1789027 0.5539028 0.1789027 0.6960973 0.3210973 0.5539027 0.3210973 0.5539027 0.1789027 0.5539028 0.1789027 0.5539028 0.3210973 0.5539027 0.3210973 0.6960973 0.3210973 0.5539027 0.3210973 0.6960973 0.3210973 0.6960973 0.3210973 0.6960973 0.1789027 0.6960973 0.1789027 0.6960973 0.3210973 0.6960973 0.3210973 0.6960973 0.3210973 0.5539027 0.1789027 0.6960973 0.1789027 0.6960973 0.3210973 0.6960973 0.3210973 0.5539027 0.375 0.5 0.375 0.75 0.3210973 0.6960973 0.375 0.75 0.125 0.75 0.375 0.5 0.375 0.5 0.375 0.75 0.375 0.75 0.375 0.75 0.125 0.75 0.375 0.25 0.375 0.25 0.375 0 0.375 0 0.625 0 0.625 0.25 0.625 0.75 0.625 1 0.375 1 0.375 1 0.375 1 0.375 0.75 0.375 0.25 0.375 0.25 0.375 0 0.375 1 0.375 1 0.375 0.75 0.375 0.75 0.375 0.75 0.375 0.5 0.375 0.5 0.375 0.5 0.375 0.25 0.375 0.5 0.375 0.5 0.375 0.25 0.375 0.75 0.375 0.75 0.375 0.5 0.375 0.25 0.625 0.25 0.625 0.5 0.625 0.5 0.625 0.75 0.375 0.75 0.875 0.5 0.875 0.75 0.625 0.75 0.125 0.75 0.125 0.75 0.125 0.5 0.125 0.5 0.125 0.5 0.375 0.5 0.1789027 0.6960973 0.125 0.75 0.125 0.5 0.3210973 0.5539027 0.1789027 0.5539028 0.125 0.5 0.1789027 0.5539028 0.1789027 0.5539028 0.1789027 0.6960973 0.3210973 0.5539027 0.3210973 0.5539027 0.1789027 0.5539028 0.1789027 0.5539028 0.1789027 0.5539028 0.1789027 0.6960973 0.3210973 0.5539027 0.3210973 0.5539027 0.1789027 0.5539028 0.1789027 0.5539028 0.3210973 0.5539027 0.3210973 0.6960973 0.3210973 0.5539027 0.3210973 0.6960973 0.3210973 0.6960973 0.3210973 0.6960973 0.1789027 0.6960973 0.1789027 0.6960973 0.3210973 0.6960973 0.3210973 0.6960973 0.3210973 0.5539027 0.1789027 0.6960973 0.1789027 0.6960973 0.3210973 0.6960973 0.3210973 0.5539027 0.375 0.5 0.375 0.75 0.1789027 0.6960973 0.3210973 0.6960973 0.375 0.75 0.375 0.5 0.375 0.5 0.375 0.75 0.375 0.75 0.375 0.75 0.125 0.75 0.375 0.25 0.375 0.25 0.375 0 0.375 0 0.625 0 0.625 0.25 0.625 0.75 0.625 1 0.375 1 0.375 1 0.375 1 0.375 0.75 0.375 0.25 0.375 0.25 0.375 0 0.375 1 0.375 1 0.375 0.75 0.375 0.75 0.375 0.75 0.375 0.5 0.375 0.5 0.375 0.5 0.375 0.25 0.375 0.5 0.375 0.5 0.375 0.25 0.375 0.75 0.375 0.75 0.375 0.5 0.375 0.25 0.625 0.25 0.625 0.5 0.625 0.5 0.625 0.75 0.375 0.75 0.875 0.5 0.875 0.75 0.625 0.75 0.125 0.75 0.125 0.75 0.125 0.5 0.125 0.5 0.125 0.5 0.375 0.5 0.1789027 0.6960973 0.125 0.75 0.125 0.5 0.3210973 0.5539027 0.1789027 0.5539028 0.125 0.5 0.1789027 0.5539028 0.1789027 0.5539028 0.1789027 0.6960973 0.3210973 0.5539027 0.3210973 0.5539027 0.1789027 0.5539028 0.1789027 0.5539028 0.1789027 0.5539028 0.1789027 0.6960973 0.3210973 0.5539027 0.3210973 0.5539027 0.1789027 0.5539028 0.1789027 0.5539028 0.3210973 0.5539027 0.3210973 0.6960973 0.3210973 0.5539027 0.3210973 0.6960973 0.3210973 0.6960973 0.3210973 0.6960973 0.1789027 0.6960973 0.1789027 0.6960973 0.3210973 0.6960973 0.3210973 0.6960973 0.3210973 0.5539027 0.1789027 0.6960973 0.1789027 0.6960973 0.3210973 0.6960973 0.3210973 0.5539027 0.375 0.5 0.375 0.75 0.1789027 0.6960973 0.3210973 0.6960973 0.375 0.75 0.375 0.5 0.375 0.5 0.375 0.75 0.375 0.75 0.375 0.75 0.125 0.75 0.375 0.25 0.375 0.25 0.375 0 0.375 0 0.625 0 0.625 0.25 0.625 0.75 0.625 1 0.375 1 0.375 1 0.375 1 0.375 0.75 0.375 0.25 0.375 0.25 0.375 0 0.375 1 0.375 1 0.375 0.75 0.375 0.75 0.375 0.75 0.375 0.5 0.375 0.5 0.375 0.5 0.375 0.25 0.375 0.5 0.375 0.5 0.375 0.25 0.375 0.75 0.375 0.75 0.375 0.5 0.375 0.25 0.625 0.25 0.625 0.5 0.375 0.5 0.625 0.5 0.625 0.75 0.875 0.5 0.875 0.75 0.625 0.75 0.125 0.75 0.125 0.75 0.125 0.5 0.125 0.5 0.125 0.5 0.375 0.5 0.1789027 0.5539028 0.1789027 0.6960973 0.125 0.75 0.1789027 0.5539028 0.125 0.5 0.375 0.5 0.1789027 0.5539028 0.1789027 0.5539028 0.1789027 0.6960973 0.3210973 0.5539027 0.3210973 0.5539027 0.1789027 0.5539028 0.1789027 0.5539028 0.1789027 0.5539028 0.1789027 0.6960973 0.3210973 0.5539027 0.3210973 0.5539027 0.1789027 0.5539028 0.3210973 0.5539027 0.3210973 0.6960973 0.1789027 0.6960973 0.3210973 0.5539027 0.3210973 0.6960973 0.3210973 0.6960973 0.3210973 0.6960973 0.1789027 0.6960973 0.1789027 0.6960973 0.3210973 0.6960973 0.3210973 0.6960973 0.3210973 0.5539027 0.1789027 0.6960973 0.1789027 0.6960973 0.3210973 0.6960973 0.3210973 0.6960973 0.3210973 0.5539027 0.375 0.5 0.1789027 0.6960973 0.3210973 0.6960973 0.375 0.75 0.375 0.5 0.375 0.5 0.375 0.75 0.375 0.75 0.375 0.75 0.125 0.75 0.375 0.25 0.375 0.25 0.375 0 0.375 0 0.625 0 0.625 0.25 0.625 0.75 0.625 1 0.375 1 0.375 1 0.375 1 0.375 0.75 0.375 0.25 0.375 0.25 0.375 0 0.375 1 0.375 1 0.375 0.75 0.375 0.75 0.375 0.75 0.375 0.5 0.375 0.5 0.375 0.5 0.375 0.25 0.375 0.5 0.375 0.5 0.375 0.25 0.375 0.75 0.375 0.75 0.375 0.5 0.375 0.25 0.625 0.25 0.625 0.5 0.625 0.5 0.625 0.75 0.375 0.75 0.875 0.5 0.875 0.75 0.625 0.75 0.125 0.75 0.125 0.75 0.125 0.5 0.125 0.5 0.125 0.5 0.375 0.5 0.1789027 0.6960973 0.125 0.75 0.125 0.5 0.3210973 0.5539027 0.1789027 0.5539028 0.125 0.5 0.1789027 0.5539028 0.1789027 0.5539028 0.1789027 0.6960973 0.3210973 0.5539027 0.3210973 0.5539027 0.1789027 0.5539028 0.1789027 0.5539028 0.1789027 0.5539028 0.1789027 0.6960973 0.1789027 0.5539028 0.3210973 0.5539027 0.3210973 0.5539027 0.1789027 0.5539028 0.3210973 0.5539027 0.3210973 0.6960973 0.3210973 0.5539027 0.3210973 0.6960973 0.3210973 0.6960973 0.1789027 0.6960973 0.1789027 0.6960973 0.3210973 0.6960973 0.3210973 0.6960973 0.3210973 0.6960973 0.3210973 0.5539027 0.1789027 0.6960973 0.1789027 0.6960973 0.3210973 0.6960973 0.3210973 0.5539027 0.375 0.5 0.375 0.75 0.1789027 0.6960973 0.3210973 0.6960973 0.375 0.75 0.375 0.5 0.375 0.5 0.375 0.75 0.375 0.75 0.375 0.75 0.125 0.75 0.375 0.25 0.375 0.25 0.375 0 0.375 0 0.625 0 0.625 0.25 0.625 0.75 0.625 1 0.375 1 0.375 1 0.375 1 0.375 0.75 0.375 0.25 0.375 0.25 0.375 0 0.375 1 0.375 1 0.375 0.75 0.375 0.75 0.375 0.75 0.375 0.5 0.375 0.5 0.375 0.5 0.375 0.25 0.375 0.5 0.375 0.5 0.375 0.25 0.375 0.75 0.375 0.75 0.375 0.5 0.375 0.25 0.625 0.25 0.625 0.5 0.625 0.5 0.625 0.75 0.375 0.75 0.875 0.5 0.875 0.75 0.625 0.75 0.125 0.75 0.125 0.75 0.125 0.5 0.125 0.5 0.125 0.5 0.375 0.5 0.1789027 0.6960973 0.125 0.75 0.125 0.5 0.1789027 0.5539028 0.125 0.5 0.375 0.5 0.1789027 0.5539028 0.1789027 0.5539028 0.1789027 0.6960973 0.3210973 0.5539027 0.3210973 0.5539027 0.1789027 0.5539028 0.1789027 0.5539028 0.1789027 0.5539028 0.1789027 0.6960973 0.3210973 0.5539027 0.3210973 0.5539027 0.1789027 0.5539028 0.1789027 0.5539028 0.3210973 0.5539027 0.3210973 0.6960973 0.3210973 0.5539027 0.3210973 0.6960973 0.3210973 0.6960973 0.3210973 0.6960973 0.1789027 0.6960973 0.1789027 0.6960973 0.3210973 0.6960973 0.3210973 0.6960973 0.3210973 0.5539027 0.1789027 0.6960973 0.1789027 0.6960973 0.3210973 0.6960973 0.3210973 0.5539027 0.375 0.5 0.375 0.75 0.1789027 0.6960973 0.3210973 0.6960973 0.375 0.75 0.375 0.5 0.375 0.5 0.375 0.75 0.375 0.75 0.375 0.75 0.125 0.75 0.375 0.25 0.375 0.25 0.375 0 0.375 0 0.625 0 0.625 0.25 0.625 0.75 0.625 1 0.375 1 0.375 1 0.375 1 0.375 0.75 0.375 0.25 0.375 0.25 0.375 0 0.375 1 0.375 1 0.375 0.75 0.375 0.75 0.375 0.75 0.375 0.5 0.375 0.5 0.375 0.5 0.375 0.25 0.375 0.5 0.375 0.5 0.375 0.25 0.375 0.75 0.375 0.75 0.375 0.5 0.375 0.25 0.625 0.25 0.625 0.5 0.625 0.5 0.625 0.75 0.375 0.75 0.875 0.5 0.875 0.75 0.625 0.75 0.125 0.75 0.125 0.75 0.125 0.5 0.125 0.5 0.125 0.5 0.375 0.5 0.1789027 0.6960973 0.125 0.75 0.125 0.5 0.3210973 0.5539027 0.1789027 0.5539028 0.125 0.5 0.1789027 0.5539028 0.1789027 0.5539028 0.1789027 0.6960973 0.3210973 0.5539027 0.3210973 0.5539027 0.1789027 0.5539028 0.1789027 0.5539028 0.1789027 0.5539028 0.1789027 0.6960973 0.3210973 0.5539027 0.3210973 0.5539027 0.1789027 0.5539028 0.1789027 0.5539028 0.3210973 0.5539027 0.3210973 0.6960973 0.3210973 0.5539027 0.3210973 0.6960973 0.3210973 0.6960973 0.3210973 0.6960973 0.1789027 0.6960973 0.1789027 0.6960973 0.3210973 0.6960973 0.3210973 0.6960973 0.3210973 0.5539027 0.1789027 0.6960973 0.1789027 0.6960973 0.3210973 0.6960973 0.3210973 0.5539027 0.375 0.5 0.375 0.75 0.3210973 0.6960973 0.375 0.75 0.125 0.75 0.375 0.5 0.375 0.5 0.375 0.75 0.375 0.75 0.375 0.75 0.125 0.75 0.375 0.25 0.375 0.25 0.375 0 0.625 0 0.625 0.25 0.375 0.25 0.625 0.75 0.625 1 0.375 1 0.375 1 0.375 1 0.375 0.75 0.375 0.25 0.375 0.25 0.375 0 0.375 1 0.375 1 0.375 0.75 0.375 0.75 0.375 0.75 0.375 0.5 0.375 0.5 0.375 0.5 0.375 0.25 0.375 0.5 0.375 0.5 0.375 0.25 0.375 0.75 0.375 0.75 0.375 0.5 0.375 0.25 0.625 0.25 0.625 0.5 0.625 0.5 0.625 0.75 0.375 0.75 0.875 0.5 0.875 0.75 0.625 0.75 0.125 0.75 0.125 0.75 0.125 0.5 0.125 0.5 0.125 0.5 0.375 0.5 0.1789027 0.6960973 0.125 0.75 0.125 0.5 0.3210973 0.5539027 0.1789027 0.5539028 0.125 0.5 0.1789027 0.5539028 0.1789027 0.5539028 0.1789027 0.6960973 0.3210973 0.5539027 0.3210973 0.5539027 0.1789027 0.5539028 0.1789027 0.5539028 0.1789027 0.5539028 0.1789027 0.6960973 0.3210973 0.5539027 0.3210973 0.5539027 0.1789027 0.5539028 0.1789027 0.5539028 0.3210973 0.5539027 0.3210973 0.6960973 0.3210973 0.5539027 0.3210973 0.6960973 0.3210973 0.6960973 0.3210973 0.6960973 0.1789027 0.6960973 0.1789027 0.6960973 0.3210973 0.6960973 0.3210973 0.6960973 0.3210973 0.5539027 0.1789027 0.6960973 0.1789027 0.6960973 0.3210973 0.6960973 0.3210973 0.5539027 0.375 0.5 0.375 0.75 0.3210973 0.6960973 0.375 0.75 0.125 0.75 0.375 0.5 0.375 0.5 0.375 0.75 0.375 0.75 0.375 0.75 0.125 0.75 0.375 0.25 0.375 0.25 0.375 0 0.625 0 0.625 0.25 0.375 0.25 0.625 0.75 0.625 1 0.375 1 0.375 1 0.375 1 0.375 0.75 0.375 0.25 0.375 0.25 0.375 0 0.375 1 0.375 1 0.375 0.75 0.375 0.75 0.375 0.75 0.375 0.5 0.375 0.5 0.375 0.5 0.375 0.25 0.375 0.5 0.375 0.5 0.375 0.25 0.375 0.75 0.375 0.75 0.375 0.5 0.375 0.25 0.625 0.25 0.625 0.5 0.625 0.5 0.625 0.75 0.375 0.75 0.875 0.5 0.875 0.75 0.625 0.75 0.125 0.75 0.125 0.75 0.125 0.5 0.125 0.5 0.125 0.5 0.375 0.5 0.1789027 0.6960973 0.125 0.75 0.125 0.5 0.3210973 0.5539027 0.1789027 0.5539028 0.125 0.5 0.1789027 0.5539028 0.1789027 0.5539028 0.1789027 0.6960973 0.3210973 0.5539027 0.3210973 0.5539027 0.1789027 0.5539028 0.1789027 0.5539028 0.1789027 0.5539028 0.1789027 0.6960973 0.3210973 0.5539027 0.3210973 0.5539027 0.1789027 0.5539028 0.1789027 0.5539028 0.3210973 0.5539027 0.3210973 0.6960973 0.3210973 0.5539027 0.3210973 0.6960973 0.3210973 0.6960973 0.3210973 0.6960973 0.1789027 0.6960973 0.1789027 0.6960973 0.3210973 0.6960973 0.3210973 0.6960973 0.3210973 0.5539027 0.1789027 0.6960973 0.1789027 0.6960973 0.3210973 0.6960973 0.3210973 0.5539027 0.375 0.5 0.375 0.75 0.3210973 0.6960973 0.375 0.75 0.125 0.75 0.375 0.5 0.375 0.5 0.375 0.75 0.375 0.75 0.375 0.75 0.125 0.75 0.375 0.25 0.375 0.25 0.375 0 0.625 0 0.625 0.25 0.375 0.25 0.625 0.75 0.625 1 0.375 1 0.375 1 0.375 1 0.375 0.75 0.375 0.25 0.375 0.25 0.375 0 0.375 1 0.375 1 0.375 0.75 0.375 0.75 0.375 0.75 0.375 0.5 0.375 0.5 0.375 0.5 0.375 0.25 0.375 0.5 0.375 0.5 0.375 0.25 0.375 0.75 0.375 0.75 0.375 0.5 0.375 0.25 0.625 0.25 0.625 0.5 0.375 0.5 0.625 0.5 0.625 0.75 0.875 0.5 0.875 0.75 0.625 0.75 0.125 0.75 0.125 0.75 0.125 0.5 0.125 0.5 0.125 0.5 0.375 0.5 0.1789027 0.6960973 0.125 0.75 0.125 0.5 0.3210973 0.5539027 0.1789027 0.5539028 0.125 0.5 0.1789027 0.5539028 0.1789027 0.5539028 0.1789027 0.6960973 0.3210973 0.5539027 0.3210973 0.5539027 0.1789027 0.5539028 0.1789027 0.5539028 0.1789027 0.5539028 0.1789027 0.6960973 0.3210973 0.5539027 0.3210973 0.5539027 0.1789027 0.5539028 0.1789027 0.5539028 0.3210973 0.5539027 0.3210973 0.6960973 0.3210973 0.5539027 0.3210973 0.6960973 0.3210973 0.6960973 0.3210973 0.6960973 0.1789027 0.6960973 0.1789027 0.6960973 0.3210973 0.6960973 0.3210973 0.6960973 0.3210973 0.5539027 0.1789027 0.6960973 0.1789027 0.6960973 0.3210973 0.6960973 0.3210973 0.5539027 0.375 0.5 0.375 0.75 0.3210973 0.6960973 0.375 0.75 0.125 0.75 0.375 0.5 0.375 0.5 0.375 0.75 0.375 0.75 0.375 0.75 0.125 0.75 0.375 0.25 0.375 0.25 0.375 0 0.375 0 0.625 0 0.625 0.25 0.625 0.75 0.625 1 0.375 1 0.375 1 0.375 1 0.375 0.75 0.375 0.25 0.375 0.25 0.375 0 0.375 1 0.375 1 0.375 0.75 0.375 0.75 0.375 0.75 0.375 0.5 0.375 0.5 0.375 0.5 0.375 0.25 0.375 0.5 0.375 0.5 0.375 0.25 0.375 0.75 0.375 0.75 0.375 0.5 0.375 0.25 0.625 0.25 0.625 0.5 0.375 0.5 0.625 0.5 0.625 0.75 0.875 0.5 0.875 0.75 0.625 0.75 0.125 0.75 0.125 0.75 0.125 0.5 0.125 0.5 0.125 0.5 0.375 0.5 0.1789027 0.6960973 0.125 0.75 0.125 0.5 0.3210973 0.5539027 0.1789027 0.5539028 0.125 0.5 0.1789027 0.5539028 0.1789027 0.5539028 0.1789027 0.6960973 0.3210973 0.5539027 0.3210973 0.5539027 0.1789027 0.5539028 0.1789027 0.5539028 0.1789027 0.5539028 0.1789027 0.6960973 0.3210973 0.5539027 0.3210973 0.5539027 0.1789027 0.5539028 0.3210973 0.5539027 0.3210973 0.6960973 0.1789027 0.6960973 0.3210973 0.6960973 0.3210973 0.6960973 0.3210973 0.5539027 0.3210973 0.6960973 0.1789027 0.6960973 0.1789027 0.6960973 0.3210973 0.6960973 0.3210973 0.6960973 0.3210973 0.5539027 0.1789027 0.6960973 0.1789027 0.6960973 0.3210973 0.6960973 0.3210973 0.6960973 0.3210973 0.5539027 0.375 0.5 0.3210973 0.6960973 0.375 0.75 0.125 0.75 0.375 0.5 0.375 0.5 0.375 0.75 0.375 0.75 0.375 0.75 0.125 0.75 0.375 0.25 0.375 0.25 0.375 0 0.625 0 0.625 0.25 0.375 0.25 0.625 0.75 0.625 1 0.375 1 0.375 1 0.375 1 0.375 0.75 0.375 0.25 0.375 0.25 0.375 0 0.375 1 0.375 1 0.375 0.75 0.375 0.75 0.375 0.75 0.375 0.5 0.375 0.5 0.375 0.5 0.375 0.25 0.375 0.5 0.375 0.5 0.375 0.25 0.375 0.75 0.375 0.75 0.375 0.5 0.375 0.25 0.625 0.25 0.625 0.5 0.375 0.5 0.625 0.5 0.625 0.75 0.875 0.5 0.875 0.75 0.625 0.75 0.125 0.75 0.125 0.75 0.125 0.5 0.125 0.5 0.125 0.5 0.375 0.5 0.1789027 0.6960973 0.125 0.75 0.125 0.5 0.3210973 0.5539027 0.1789027 0.5539028 0.125 0.5 0.1789027 0.5539028 0.1789027 0.5539028 0.1789027 0.6960973 0.3210973 0.5539027 0.3210973 0.5539027 0.1789027 0.5539028 0.1789027 0.5539028 0.1789027 0.5539028 0.1789027 0.6960973 0.3210973 0.5539027 0.3210973 0.5539027 0.1789027 0.5539028 0.1789027 0.5539028 0.3210973 0.5539027 0.3210973 0.6960973 0.3210973 0.5539027 0.3210973 0.6960973 0.3210973 0.6960973 0.3210973 0.6960973 0.1789027 0.6960973 0.1789027 0.6960973 0.3210973 0.6960973 0.3210973 0.6960973 0.3210973 0.5539027 0.1789027 0.6960973 0.1789027 0.6960973 0.3210973 0.6960973 0.3210973 0.6960973 0.3210973 0.5539027 0.375 0.5 0.3210973 0.6960973 0.375 0.75 0.125 0.75 0.375 0.5 0.375 0.5 0.375 0.75 0.375 0.75 0.375 0.75 0.125 0.75 0.375 0.25 0.375 0.25 0.375 0 0.375 0 0.625 0 0.625 0.25 0.625 0.75 0.625 1 0.375 1 0.375 1 0.375 1 0.375 0.75 0.375 0.25 0.375 0.25 0.375 0 0.375 1 0.375 1 0.375 0.75 0.375 0.75 0.375 0.75 0.375 0.5 0.375 0.5 0.375 0.5 0.375 0.25 0.375 0.5 0.375 0.5 0.375 0.25 0.375 0.75 0.375 0.75 0.375 0.5 0.375 0.25 0.625 0.25 0.625 0.5 0.375 0.5 0.625 0.5 0.625 0.75 0.875 0.5 0.875 0.75 0.625 0.75 0.125 0.75 0.125 0.75 0.125 0.5 0.125 0.5 0.125 0.5 0.375 0.5 0.1789027 0.6960973 0.125 0.75 0.125 0.5 0.3210973 0.5539027 0.1789027 0.5539028 0.125 0.5 0.1789027 0.5539028 0.1789027 0.5539028 0.1789027 0.6960973 0.3210973 0.5539027 0.3210973 0.5539027 0.1789027 0.5539028 0.1789027 0.5539028 0.1789027 0.5539028 0.1789027 0.6960973 0.3210973 0.5539027 0.3210973 0.5539027 0.1789027 0.5539028 0.3210973 0.5539027 0.3210973 0.6960973 0.1789027 0.6960973 0.3210973 0.6960973 0.3210973 0.6960973 0.3210973 0.5539027 0.3210973 0.6960973 0.1789027 0.6960973 0.1789027 0.6960973 0.3210973 0.6960973 0.3210973 0.6960973 0.3210973 0.5539027 0.1789027 0.6960973 0.1789027 0.6960973 0.3210973 0.6960973 0.3210973 0.6960973 0.3210973 0.5539027 0.375 0.5 0.3210973 0.6960973 0.375 0.75 0.125 0.75 0.375 0.5 0.375 0.5 0.375 0.75 0.375 0.75 0.375 0.75 0.125 0.75 0.375 0.25 0.375 0.25 0.375 0 0.625 0 0.625 0.25 0.375 0.25 0.375 0.75 0.625 0.75 0.625 1 0.375 1 0.375 1 0.375 0.75 0.375 0.25 0.375 0.25 0.375 0 0.375 1 0.375 1 0.375 0.75 0.375 0.75 0.375 0.75 0.375 0.5 0.375 0.5 0.375 0.5 0.375 0.25 0.375 0.5 0.375 0.5 0.375 0.25 0.375 0.75 0.375 0.75 0.375 0.5 0.625 0.25 0.625 0.5 0.375 0.5 0.625 0.5 0.625 0.75 0.375 0.75 0.875 0.5 0.875 0.75 0.625 0.75 0.125 0.75 0.125 0.75 0.125 0.5 0.125 0.5 0.125 0.5 0.375 0.5 0.1789027 0.6960973 0.125 0.75 0.125 0.5 0.1789027 0.5539028 0.125 0.5 0.375 0.5 0.1789027 0.5539028 0.1789027 0.5539028 0.1789027 0.6960973 0.3210973 0.5539027 0.3210973 0.5539027 0.1789027 0.5539028 0.1789027 0.5539028 0.1789027 0.5539028 0.1789027 0.6960973 0.3210973 0.5539027 0.3210973 0.5539027 0.1789027 0.5539028 0.1789027 0.5539028 0.3210973 0.5539027 0.3210973 0.6960973 0.3210973 0.6960973 0.3210973 0.6960973 0.3210973 0.5539027 0.3210973 0.6960973 0.1789027 0.6960973 0.1789027 0.6960973 0.3210973 0.6960973 0.3210973 0.6960973 0.3210973 0.5539027 0.1789027 0.6960973 0.1789027 0.6960973 0.3210973 0.6960973 0.3210973 0.5539027 0.375 0.5 0.375 0.75 0.1789027 0.6960973 0.3210973 0.6960973 0.375 0.75 0.375 0.5 0.375 0.5 0.375 0.75 0.375 0.75 0.375 0.75 0.125 0.75 0.375 0.25 0.375 0.25 0.375 0 0.375 0 0.625 0 0.625 0.25 0.375 0.75 0.625 0.75 0.625 1 0.375 1 0.375 1 0.375 0.75 0.375 0.25 0.375 0.25 0.375 0 0.375 1 0.375 1 0.375 0.75 0.375 0.75 0.375 0.75 0.375 0.5 0.375 0.5 0.375 0.5 0.375 0.25 0.375 0.5 0.375 0.5 0.375 0.25 0.375 0.75 0.375 0.75 0.375 0.5 0.625 0.25 0.625 0.5 0.375 0.5 0.625 0.5 0.625 0.75 0.375 0.75 0.875 0.5 0.875 0.75 0.625 0.75 0.125 0.75 0.125 0.75 0.125 0.5 0.125 0.5 0.125 0.5 0.375 0.5 0.1789027 0.5539028 0.1789027 0.6960973 0.125 0.75 0.1789027 0.5539028 0.125 0.5 0.375 0.5 0.1789027 0.5539028 0.1789027 0.5539028 0.1789027 0.6960973 0.3210973 0.5539027 0.3210973 0.5539027 0.1789027 0.5539028 0.1789027 0.6960973 0.1789027 0.5539028 0.1789027 0.5539028 0.3210973 0.5539027 0.3210973 0.5539027 0.1789027 0.5539028 0.1789027 0.5539028 0.3210973 0.5539027 0.3210973 0.6960973 0.3210973 0.6960973 0.3210973 0.6960973 0.3210973 0.5539027 0.3210973 0.6960973 0.1789027 0.6960973 0.1789027 0.6960973 0.3210973 0.6960973 0.3210973 0.6960973 0.3210973 0.5539027 0.1789027 0.6960973 0.1789027 0.6960973 0.3210973 0.6960973 0.3210973 0.6960973 0.3210973 0.5539027 0.375 0.5 0.1789027 0.6960973 0.3210973 0.6960973 0.375 0.75 0.375 0.5 0.375 0.5 0.375 0.75 0.375 0.75 0.375 0.75 0.125 0.75 0.375 0.25 0.375 0.25 0.375 0 0.625 0 0.625 0.25 0.375 0.25 0.375 0.75 0.625 0.75 0.625 1 0.375 1 0.375 1 0.375 0.75 0.375 0.25 0.375 0.25 0.375 0 0.375 1 0.375 1 0.375 0.75 0.375 0.75 0.375 0.75 0.375 0.5 0.375 0.5 0.375 0.5 0.375 0.25 0.375 0.5 0.375 0.5 0.375 0.25 0.375 0.75 0.375 0.75 0.375 0.5 0.625 0.25 0.625 0.5 0.375 0.5 0.375 0.5 0.625 0.5 0.625 0.75 0.875 0.5 0.875 0.75 0.625 0.75 0.125 0.75 0.125 0.75 0.125 0.5 0.125 0.5 0.125 0.5 0.375 0.5 0.1789027 0.6960973 0.125 0.75 0.125 0.5 0.1789027 0.5539028 0.125 0.5 0.375 0.5 0.1789027 0.5539028 0.1789027 0.5539028 0.1789027 0.6960973 0.3210973 0.5539027 0.3210973 0.5539027 0.1789027 0.5539028 0.1789027 0.5539028 0.1789027 0.5539028 0.1789027 0.6960973 0.1789027 0.5539028 0.3210973 0.5539027 0.3210973 0.5539027 0.3210973 0.5539027 0.3210973 0.6960973 0.1789027 0.6960973 0.3210973 0.6960973 0.3210973 0.6960973 0.3210973 0.5539027 0.1789027 0.6960973 0.1789027 0.6960973 0.3210973 0.6960973 0.3210973 0.6960973 0.3210973 0.6960973 0.3210973 0.5539027 0.1789027 0.6960973 0.1789027 0.6960973 0.3210973 0.6960973 0.3210973 0.5539027 0.375 0.5 0.375 0.75 0.1789027 0.6960973 0.3210973 0.6960973 0.375 0.75 0.375 0.5 0.375 0.5 0.375 0.75 0.375 0.75 0.375 0.75 0.125 0.75 0.375 0.25 0.375 0.25 0.375 0 0.625 0 0.625 0.25 0.375 0.25 0.375 0.75 0.625 0.75 0.625 1 0.375 1 0.375 1 0.375 0.75 0.375 0.25 0.375 0.25 0.375 0 0.375 1 0.375 1 0.375 0.75 0.375 0.75 0.375 0.75 0.375 0.5 0.375 0.5 0.375 0.5 0.375 0.25 0.375 0.5 0.375 0.5 0.375 0.25 0.375 0.75 0.375 0.75 0.375 0.5 0.625 0.25 0.625 0.5 0.375 0.5 0.625 0.5 0.625 0.75 0.375 0.75 0.875 0.5 0.875 0.75 0.625 0.75 0.125 0.75 0.125 0.75 0.125 0.5 0.125 0.5 0.125 0.5 0.375 0.5 0.1789027 0.6960973 0.125 0.75 0.125 0.5 0.1789027 0.5539028 0.125 0.5 0.375 0.5 0.1789027 0.5539028 0.1789027 0.5539028 0.1789027 0.6960973 0.3210973 0.5539027 0.3210973 0.5539027 0.1789027 0.5539028 0.1789027 0.6960973 0.1789027 0.5539028 0.1789027 0.5539028 0.1789027 0.5539028 0.3210973 0.5539027 0.3210973 0.5539027 0.1789027 0.5539028 0.3210973 0.5539027 0.3210973 0.6960973 0.3210973 0.6960973 0.3210973 0.6960973 0.3210973 0.5539027 0.1789027 0.6960973 0.1789027 0.6960973 0.3210973 0.6960973 0.3210973 0.6960973 0.3210973 0.6960973 0.3210973 0.5539027 0.1789027 0.6960973 0.1789027 0.6960973 0.3210973 0.6960973 0.3210973 0.5539027 0.375 0.5 0.375 0.75 0.1789027 0.6960973 0.3210973 0.6960973 0.375 0.75 0.375 0.5 0.375 0.5 0.375 0.75 0.375 0.75 0.375 0.75 0.125 0.75 0.375 0.25 0.375 0.25 0.375 0 0.625 0 0.625 0.25 0.375 0.25 0.375 0.75 0.625 0.75 0.625 1 0.375 1 0.375 1 0.375 0.75 0.375 0.25 0.375 0.25 0.375 0 0.375 1 0.375 1 0.375 0.75 0.375 0.75 0.375 0.75 0.375 0.5 0.375 0.5 0.375 0.5 0.375 0.25 0.375 0.5 0.375 0.5 0.375 0.25 0.375 0.75 0.375 0.75 0.375 0.5 0.625 0.25 0.625 0.5 0.375 0.5 0.625 0.5 0.625 0.75 0.375 0.75 0.625 0.5 0.875 0.5 0.875 0.75 0.125 0.75 0.125 0.75 0.125 0.5 0.125 0.5 0.125 0.5 0.375 0.5 0.1789027 0.5539028 0.1789027 0.6960973 0.125 0.75 0.1789027 0.5539028 0.125 0.5 0.375 0.5 0.1789027 0.5539028 0.1789027 0.5539028 0.1789027 0.6960973 0.3210973 0.5539027 0.3210973 0.5539027 0.1789027 0.5539028 0.1789027 0.5539028 0.1789027 0.5539028 0.1789027 0.6960973 0.1789027 0.5539028 0.3210973 0.5539027 0.3210973 0.5539027 0.3210973 0.5539027 0.3210973 0.6960973 0.1789027 0.6960973 0.3210973 0.6960973 0.3210973 0.6960973 0.3210973 0.5539027 0.1789027 0.6960973 0.1789027 0.6960973 0.3210973 0.6960973 0.3210973 0.6960973 0.3210973 0.6960973 0.3210973 0.5539027 0.1789027 0.6960973 0.1789027 0.6960973 0.3210973 0.6960973 0.3210973 0.5539027 0.375 0.5 0.375 0.75 0.1789027 0.6960973 0.3210973 0.6960973 0.375 0.75 0.375 0.5 0.375 0.5 0.375 0.75 0.375 0.75 0.375 0.75 0.125 0.75 0.375 0.25 0.375 0.25 0.375 0 0.375 0 0.625 0 0.625 0.25 0.375 0.75 0.625 0.75 0.625 1 0.375 1 0.375 1 0.375 0.75 0.375 0.25 0.375 0.25 0.375 0 0.375 1 0.375 1 0.375 0.75 0.375 0.75 0.375 0.75 0.375 0.5 0.375 0.5 0.375 0.5 0.375 0.25 0.375 0.5 0.375 0.5 0.375 0.25 0.375 0.75 0.375 0.75 0.375 0.5 0.625 0.25 0.625 0.5 0.375 0.5 0.625 0.5 0.625 0.75 0.375 0.75 0.875 0.5 0.875 0.75 0.625 0.75 0.125 0.75 0.125 0.75 0.125 0.5 0.125 0.5 0.125 0.5 0.375 0.5 0.1789027 0.6960973 0.125 0.75 0.125 0.5 0.1789027 0.5539028 0.125 0.5 0.375 0.5 0.1789027 0.5539028 0.1789027 0.5539028 0.1789027 0.6960973 0.3210973 0.5539027 0.3210973 0.5539027 0.1789027 0.5539028 0.1789027 0.6960973 0.1789027 0.5539028 0.1789027 0.5539028 0.1789027 0.5539028 0.3210973 0.5539027 0.3210973 0.5539027 0.3210973 0.5539027 0.3210973 0.6960973 0.1789027 0.6960973 0.3210973 0.6960973 0.3210973 0.6960973 0.3210973 0.5539027 0.1789027 0.6960973 0.1789027 0.6960973 0.3210973 0.6960973 0.3210973 0.6960973 0.3210973 0.6960973 0.3210973 0.5539027 0.1789027 0.6960973 0.1789027 0.6960973 0.3210973 0.6960973 0.3210973 0.6960973 0.3210973 0.5539027 0.375 0.5 0.1789027 0.6960973 0.3210973 0.6960973 0.375 0.75 0.375 0.5 0.375 0.5 0.375 0.75 0.375 0.75 0.375 0.75 0.125 0.75 0.375 0.25 0.375 0.25 0.375 0 0.375 0 0.625 0 0.625 0.25 0.375 0.75 0.625 0.75 0.625 1 0.375 1 0.375 1 0.375 0.75 0.375 0.25 0.375 0.25 0.375 0 0.375 1 0.375 1 0.375 0.75 0.375 0.75 0.375 0.75 0.375 0.5 0.375 0.5 0.375 0.5 0.375 0.25 0.375 0.5 0.375 0.5 0.375 0.25 0.375 0.75 0.375 0.75 0.375 0.5 0.625 0.25 0.625 0.5 0.375 0.5 0.375 0.5 0.625 0.5 0.625 0.75 0.875 0.5 0.875 0.75 0.625 0.75 0.125 0.75 0.125 0.75 0.125 0.5 0.125 0.5 0.125 0.5 0.375 0.5 0.1789027 0.6960973 0.125 0.75 0.125 0.5 0.1789027 0.5539028 0.125 0.5 0.375 0.5 0.1789027 0.5539028 0.1789027 0.5539028 0.1789027 0.6960973 0.3210973 0.5539027 0.3210973 0.5539027 0.1789027 0.5539028 0.1789027 0.6960973 0.1789027 0.5539028 0.1789027 0.5539028 0.1789027 0.5539028 0.3210973 0.5539027 0.3210973 0.5539027 0.3210973 0.5539027 0.3210973 0.6960973 0.1789027 0.6960973 0.3210973 0.6960973 0.3210973 0.6960973 0.3210973 0.5539027 0.1789027 0.6960973 0.1789027 0.6960973 0.3210973 0.6960973 0.3210973 0.6960973 0.3210973 0.6960973 0.3210973 0.5539027 0.1789027 0.6960973 0.1789027 0.6960973 0.3210973 0.6960973 0.3210973 0.5539027 0.375 0.5 0.375 0.75 0.1789027 0.6960973 0.3210973 0.6960973 0.375 0.75 0.375 0.5 0.375 0.5 0.375 0.75 0.375 0.75 0.375 0.75 0.125 0.75 0.375 0.25 0.375 0.25 0.375 0 0.375 0 0.625 0 0.625 0.25 0.375 0.75 0.625 0.75 0.625 1 0.375 1 0.375 1 0.375 0.75 0.375 0.25 0.375 0.25 0.375 0 0.375 1 0.375 1 0.375 0.75 0.375 0.75 0.375 0.75 0.375 0.5 0.375 0.5 0.375 0.5 0.375 0.25 0.375 0.5 0.375 0.5 0.375 0.25 0.375 0.75 0.375 0.75 0.375 0.5 0.625 0.25 0.625 0.5 0.375 0.5 0.375 0.5 0.625 0.5 0.625 0.75 0.875 0.5 0.875 0.75 0.625 0.75 0.125 0.75 0.125 0.75 0.125 0.5 0.125 0.5 0.125 0.5 0.375 0.5 0.1789027 0.5539028 0.1789027 0.6960973 0.125 0.75 0.1789027 0.5539028 0.125 0.5 0.375 0.5 0.1789027 0.5539028 0.1789027 0.5539028 0.1789027 0.6960973 0.3210973 0.5539027 0.3210973 0.5539027 0.1789027 0.5539028 0.1789027 0.5539028 0.1789027 0.5539028 0.1789027 0.6960973 0.1789027 0.5539028 0.3210973 0.5539027 0.3210973 0.5539027 0.3210973 0.5539027 0.3210973 0.6960973 0.1789027 0.6960973 0.3210973 0.6960973 0.3210973 0.6960973 0.3210973 0.5539027 0.1789027 0.6960973 0.1789027 0.6960973 0.3210973 0.6960973 0.3210973 0.6960973 0.3210973 0.6960973 0.3210973 0.5539027 0.1789027 0.6960973 0.1789027 0.6960973 0.3210973 0.6960973 0.3210973 0.5539027 0.375 0.5 0.375 0.75 0.1789027 0.6960973 0.3210973 0.6960973 0.375 0.75 0.375 0.5 0.375 0.5 0.375 0.75 0.375 0.75 0.375 0.75 0.125 0.75 0.375 0.25 0.375 0.25 0.375 0 0.375 0 0.625 0 0.625 0.25 0.375 0.75 0.625 0.75 0.625 1 0.375 1 0.375 1 0.375 0.75 0.375 0.25 0.375 0.25 0.375 0 0.375 1 0.375 1 0.375 0.75 0.375 0.75 0.375 0.75 0.375 0.5 0.375 0.5 0.375 0.5 0.375 0.25 0.375 0.5 0.375 0.5 0.375 0.25 0.375 0.75 0.375 0.75 0.375 0.5 0.625 0.25 0.625 0.5 0.375 0.5 0.625 0.5 0.625 0.75 0.375 0.75 0.875 0.5 0.875 0.75 0.625 0.75 0.125 0.75 0.125 0.75 0.125 0.5 0.125 0.5 0.125 0.5 0.375 0.5 0.1789027 0.6960973 0.125 0.75 0.125 0.5 0.1789027 0.5539028 0.125 0.5 0.375 0.5 0.1789027 0.5539028 0.1789027 0.5539028 0.1789027 0.6960973 0.3210973 0.5539027 0.3210973 0.5539027 0.1789027 0.5539028 0.1789027 0.5539028 0.1789027 0.5539028 0.1789027 0.6960973 0.1789027 0.5539028 0.3210973 0.5539027 0.3210973 0.5539027 0.3210973 0.5539027 0.3210973 0.6960973 0.1789027 0.6960973 0.3210973 0.6960973 0.3210973 0.6960973 0.3210973 0.5539027 0.1789027 0.6960973 0.1789027 0.6960973 0.3210973 0.6960973 0.3210973 0.6960973 0.3210973 0.6960973 0.3210973 0.5539027 0.1789027 0.6960973 0.1789027 0.6960973 0.3210973 0.6960973 0.3210973 0.5539027 0.375 0.5 0.375 0.75 0.1789027 0.6960973 0.3210973 0.6960973 0.375 0.75 0.375 0.5 0.375 0.5 0.375 0.75 0.375 0.75 0.375 0.75 0.125 0.75 0.375 0.25 0.375 0.25 0.375 0 0.375 0 0.625 0 0.625 0.25 0.375 0.75 0.625 0.75 0.625 1 0.375 1 0.375 1 0.375 0.75 0.375 0.25 0.375 0.25 0.375 0 0.375 1 0.375 1 0.375 0.75 0.375 0.75 0.375 0.75 0.375 0.5 0.375 0.5 0.375 0.5 0.375 0.25 0.375 0.5 0.375 0.5 0.375 0.25 0.375 0.75 0.375 0.75 0.375 0.5 0.625 0.25 0.625 0.5 0.375 0.5 0.625 0.5 0.625 0.75 0.375 0.75 0.875 0.5 0.875 0.75 0.625 0.75 0.125 0.75 0.125 0.75 0.125 0.5 0.125 0.5 0.125 0.5 0.375 0.5 0.1789027 0.6960973 0.125 0.75 0.125 0.5 0.1789027 0.5539028 0.125 0.5 0.375 0.5 0.1789027 0.5539028 0.1789027 0.5539028 0.1789027 0.6960973 0.3210973 0.5539027 0.3210973 0.5539027 0.1789027 0.5539028 0.1789027 0.6960973 0.1789027 0.5539028 0.1789027 0.5539028 0.1789027 0.5539028 0.3210973 0.5539027 0.3210973 0.5539027 0.3210973 0.5539027 0.3210973 0.6960973 0.1789027 0.6960973 0.3210973 0.6960973 0.3210973 0.6960973 0.3210973 0.5539027 0.1789027 0.6960973 0.1789027 0.6960973 0.3210973 0.6960973 0.3210973 0.6960973 0.3210973 0.6960973 0.3210973 0.5539027 0.1789027 0.6960973 0.1789027 0.6960973 0.3210973 0.6960973 0.3210973 0.5539027 0.375 0.5 0.375 0.75 0.1789027 0.6960973 0.3210973 0.6960973 0.375 0.75 0.375 0.5 0.375 0.5 0.375 0.75 0.375 0.75 0.375 0.75 0.125 0.75 0.375 0.25 0.375 0.25 0.375 0 0.625 0 0.625 0.25 0.375 0.25 0.375 0.75 0.625 0.75 0.625 1 0.375 1 0.375 1 0.375 0.75 0.375 0.25 0.375 0.25 0.375 0 0.375 1 0.375 1 0.375 0.75 0.375 0.75 0.375 0.75 0.375 0.5 0.375 0.5 0.375 0.5 0.375 0.25 0.375 0.5 0.375 0.5 0.375 0.25 0.375 0.75 0.375 0.75 0.375 0.5 0.625 0.25 0.625 0.5 0.375 0.5 0.375 0.5 0.625 0.5 0.625 0.75 0.625 0.5 0.875 0.5 0.875 0.75 0.125 0.75 0.125 0.75 0.125 0.5 0.125 0.5 0.125 0.5 0.375 0.5 0.1789027 0.5539028 0.1789027 0.6960973 0.125 0.75 0.3210973 0.5539027 0.1789027 0.5539028 0.125 0.5 0.1789027 0.5539028 0.1789027 0.5539028 0.1789027 0.6960973 0.3210973 0.5539027 0.3210973 0.5539027 0.1789027 0.5539028 0.1789027 0.5539028 0.1789027 0.5539028 0.1789027 0.6960973 0.1789027 0.5539028 0.3210973 0.5539027 0.3210973 0.5539027 0.3210973 0.5539027 0.3210973 0.6960973 0.1789027 0.6960973 0.3210973 0.6960973 0.3210973 0.6960973 0.3210973 0.5539027 0.1789027 0.6960973 0.1789027 0.6960973 0.3210973 0.6960973 0.3210973 0.6960973 0.3210973 0.6960973 0.3210973 0.5539027 0.1789027 0.6960973 0.1789027 0.6960973 0.3210973 0.6960973 0.3210973 0.5539027 0.375 0.5 0.375 0.75 0.3210973 0.6960973 0.375 0.75 0.125 0.75 0.375 0.5 0.375 0.5 0.375 0.75 0.375 0.75 0.375 0.75 0.125 0.75 0.375 0.25 0.375 0.25 0.375 0 0.375 0 0.625 0 0.625 0.25 0.375 0.75 0.625 0.75 0.625 1 0.375 1 0.375 1 0.375 0.75 0.375 0.25 0.375 0.25 0.375 0 0.375 1 0.375 1 0.375 0.75 0.375 0.75 0.375 0.75 0.375 0.5 0.375 0.5 0.375 0.5 0.375 0.25 0.375 0.5 0.375 0.5 0.375 0.25 0.375 0.75 0.375 0.75 0.375 0.5 0.625 0.25 0.625 0.5 0.375 0.5 0.625 0.5 0.625 0.75 0.375 0.75 0.875 0.5 0.875 0.75 0.625 0.75 0.125 0.75 0.125 0.75 0.125 0.5 0.125 0.5 0.125 0.5 0.375 0.5 0.1789027 0.6960973 0.125 0.75 0.125 0.5 0.3210973 0.5539027 0.1789027 0.5539028 0.125 0.5 0.1789027 0.5539028 0.1789027 0.5539028 0.1789027 0.6960973 0.3210973 0.5539027 0.3210973 0.5539027 0.1789027 0.5539028 0.1789027 0.6960973 0.1789027 0.5539028 0.1789027 0.5539028 0.1789027 0.5539028 0.3210973 0.5539027 0.3210973 0.5539027 0.1789027 0.5539028 0.3210973 0.5539027 0.3210973 0.6960973 0.3210973 0.5539027 0.3210973 0.6960973 0.3210973 0.6960973 0.1789027 0.6960973 0.1789027 0.6960973 0.3210973 0.6960973 0.3210973 0.6960973 0.3210973 0.6960973 0.3210973 0.5539027 0.1789027 0.6960973 0.1789027 0.6960973 0.3210973 0.6960973 0.3210973 0.5539027 0.375 0.5 0.375 0.75 0.3210973 0.6960973 0.375 0.75 0.125 0.75 0.375 0.5 0.375 0.5 0.375 0.75 0.375 0.75 0.375 0.75 0.125 0.75 0.375 0.25 0.375 0.25 0.375 0 0.625 0 0.625 0.25 0.375 0.25 0.375 0.75 0.625 0.75 0.625 1 0.375 1 0.375 1 0.375 0.75 0.375 0.25 0.375 0.25 0.375 0 0.375 1 0.375 1 0.375 0.75 0.375 0.75 0.375 0.75 0.375 0.5 0.375 0.5 0.375 0.5 0.375 0.25 0.375 0.5 0.375 0.5 0.375 0.25 0.375 0.75 0.375 0.75 0.375 0.5 0.625 0.25 0.625 0.5 0.375 0.5 0.625 0.5 0.625 0.75 0.375 0.75 0.625 0.5 0.875 0.5 0.875 0.75 0.125 0.75 0.125 0.75 0.125 0.5 0.125 0.5 0.125 0.5 0.375 0.5 0.1789027 0.5539028 0.1789027 0.6960973 0.125 0.75 0.3210973 0.5539027 0.1789027 0.5539028 0.125 0.5 0.1789027 0.5539028 0.1789027 0.5539028 0.1789027 0.6960973 0.3210973 0.5539027 0.3210973 0.5539027 0.1789027 0.5539028 0.1789027 0.5539028 0.1789027 0.5539028 0.1789027 0.6960973 0.1789027 0.5539028 0.3210973 0.5539027 0.3210973 0.5539027 0.3210973 0.5539027 0.3210973 0.6960973 0.1789027 0.6960973 0.3210973 0.6960973 0.3210973 0.6960973 0.3210973 0.5539027 0.1789027 0.6960973 0.1789027 0.6960973 0.3210973 0.6960973 0.3210973 0.6960973 0.3210973 0.6960973 0.3210973 0.5539027 0.1789027 0.6960973 0.1789027 0.6960973 0.3210973 0.6960973 0.3210973 0.6960973 0.3210973 0.5539027 0.375 0.5 0.3210973 0.6960973 0.375 0.75 0.125 0.75 0.375 0.5 0.375 0.5 0.375 0.75 0.375 0.75 0.375 0.75 0.125 0.75 0.375 0.25 0.375 0.25 0.375 0 0.375 0 0.625 0 0.625 0.25 0.375 0.75 0.625 0.75 0.625 1 0.375 1 0.375 1 0.375 0.75 0.375 0.25 0.375 0.25 0.375 0 0.375 1 0.375 1 0.375 0.75 0.375 0.75 0.375 0.75 0.375 0.5 0.375 0.5 0.375 0.5 0.375 0.25 0.375 0.5 0.375 0.5 0.375 0.25 0.375 0.75 0.375 0.75 0.375 0.5 0.625 0.25 0.625 0.5 0.375 0.5 0.625 0.5 0.625 0.75 0.375 0.75 0.875 0.5 0.875 0.75 0.625 0.75 0.125 0.75 0.125 0.75 0.125 0.5 0.125 0.5 0.125 0.5 0.375 0.5 0.1789027 0.6960973 0.125 0.75 0.125 0.5 0.1789027 0.5539028 0.125 0.5 0.375 0.5 0.1789027 0.5539028 0.1789027 0.5539028 0.1789027 0.6960973 0.3210973 0.5539027 0.3210973 0.5539027 0.1789027 0.5539028 0.1789027 0.5539028 0.1789027 0.5539028 0.1789027 0.6960973 0.1789027 0.5539028 0.3210973 0.5539027 0.3210973 0.5539027 0.1789027 0.5539028 0.3210973 0.5539027 0.3210973 0.6960973 0.3210973 0.5539027 0.3210973 0.6960973 0.3210973 0.6960973 0.1789027 0.6960973 0.1789027 0.6960973 0.3210973 0.6960973 0.3210973 0.6960973 0.3210973 0.6960973 0.3210973 0.5539027 0.1789027 0.6960973 0.1789027 0.6960973 0.3210973 0.6960973 0.3210973 0.5539027 0.375 0.5 0.375 0.75 0.1789027 0.6960973 0.3210973 0.6960973 0.375 0.75 0.375 0.5 0.375 0.5 0.375 0.75 0.375 0.75 0.375 0.75 0.125 0.75 0.375 0.25 0.375 0.25 0.375 0 0.375 0 0.625 0 0.625 0.25 0.375 0.75 0.625 0.75 0.625 1 0.375 1 0.375 1 0.375 0.75 0.375 0.25 0.375 0.25 0.375 0 0.375 1 0.375 1 0.375 0.75 0.375 0.75 0.375 0.75 0.375 0.5 0.375 0.5 0.375 0.5 0.375 0.25 0.375 0.5 0.375 0.5 0.375 0.25 0.375 0.75 0.375 0.75 0.375 0.5 0.625 0.25 0.625 0.5 0.375 0.5 0.625 0.5 0.625 0.75 0.375 0.75 0.875 0.5 0.875 0.75 0.625 0.75 0.125 0.75 0.125 0.75 0.125 0.5 0.125 0.5 0.125 0.5 0.375 0.5 0.1789027 0.6960973 0.125 0.75 0.125 0.5 0.1789027 0.5539028 0.125 0.5 0.375 0.5 0.1789027 0.5539028 0.1789027 0.5539028 0.1789027 0.6960973 0.3210973 0.5539027 0.3210973 0.5539027 0.1789027 0.5539028 0.1789027 0.6960973 0.1789027 0.5539028 0.1789027 0.5539028 0.1789027 0.5539028 0.3210973 0.5539027 0.3210973 0.5539027 0.1789027 0.5539028 0.3210973 0.5539027 0.3210973 0.6960973 0.3210973 0.5539027 0.3210973 0.6960973 0.3210973 0.6960973 0.1789027 0.6960973 0.1789027 0.6960973 0.3210973 0.6960973 0.3210973 0.6960973 0.3210973 0.6960973 0.3210973 0.5539027 0.1789027 0.6960973 0.1789027 0.6960973 0.3210973 0.6960973 0.3210973 0.5539027 0.375 0.5 0.375 0.75 0.1789027 0.6960973 0.3210973 0.6960973 0.375 0.75 0.375 0.5 0.375 0.5 0.375 0.75 0.375 0.75 0.375 0.75 0.125 0.75 0.375 0.25 0.375 0.25 0.375 0 0.625 0 0.625 0.25 0.375 0.25 0.375 0.75 0.625 0.75 0.625 1 0.375 1 0.375 1 0.375 0.75 0.375 0.25 0.375 0.25 0.375 0 0.375 1 0.375 1 0.375 0.75 0.375 0.75 0.375 0.75 0.375 0.5 0.375 0.5 0.375 0.5 0.375 0.25 0.375 0.5 0.375 0.5 0.375 0.25 0.375 0.75 0.375 0.75 0.375 0.5 0.625 0.25 0.625 0.5 0.375 0.5 0.375 0.5 0.625 0.5 0.625 0.75 0.625 0.5 0.875 0.5 0.875 0.75 0.125 0.75 0.125 0.75 0.125 0.5 0.125 0.5 0.125 0.5 0.375 0.5 0.1789027 0.6960973 0.125 0.75 0.125 0.5 0.1789027 0.5539028 0.125 0.5 0.375 0.5 0.1789027 0.5539028 0.1789027 0.5539028 0.1789027 0.6960973 0.3210973 0.5539027 0.3210973 0.5539027 0.1789027 0.5539028 0.1789027 0.6960973 0.1789027 0.5539028 0.1789027 0.5539028 0.1789027 0.5539028 0.3210973 0.5539027 0.3210973 0.5539027 0.1789027 0.5539028 0.3210973 0.5539027 0.3210973 0.6960973 0.3210973 0.5539027 0.3210973 0.6960973 0.3210973 0.6960973 0.1789027 0.6960973 0.1789027 0.6960973 0.3210973 0.6960973 0.3210973 0.6960973 0.3210973 0.6960973 0.3210973 0.5539027 0.1789027 0.6960973 0.1789027 0.6960973 0.3210973 0.6960973 0.3210973 0.6960973 0.3210973 0.5539027 0.375 0.5 0.1789027 0.6960973 0.3210973 0.6960973 0.375 0.75 0.375 0.5 0.375 0.5 0.375 0.75 0.375 0.75 0.375 0.75 0.125 0.75 0.375 0.25 0.375 0.25 0.375 0 0.625 0 0.625 0.25 0.375 0.25 0.625 0.75 0.625 1 0.375 1 0.375 1 0.375 1 0.375 0.75 0.375 0.25 0.375 0.25 0.375 0 0.375 1 0.375 1 0.375 0.75 0.375 0.75 0.375 0.75 0.375 0.5 0.375 0.5 0.375 0.5 0.375 0.25 0.375 0.5 0.375 0.5 0.375 0.25 0.375 0.75 0.375 0.75 0.375 0.5 0.375 0.25 0.625 0.25 0.625 0.5 0.375 0.5 0.625 0.5 0.625 0.75 0.875 0.5 0.875 0.75 0.625 0.75 0.125 0.75 0.125 0.75 0.125 0.5 0.125 0.5 0.125 0.5 0.375 0.5 0.1789027 0.6960973 0.125 0.75 0.125 0.5 0.1789027 0.5539028 0.125 0.5 0.375 0.5 0.1789027 0.5539028 0.1789027 0.5539028 0.1789027 0.6960973 0.3210973 0.5539027 0.3210973 0.5539027 0.1789027 0.5539028 0.1789027 0.6960973 0.1789027 0.5539028 0.1789027 0.5539028 0.3210973 0.5539027 0.3210973 0.5539027 0.1789027 0.5539028 0.1789027 0.5539028 0.3210973 0.5539027 0.3210973 0.6960973 0.3210973 0.5539027 0.3210973 0.6960973 0.3210973 0.6960973 0.3210973 0.6960973 0.1789027 0.6960973 0.1789027 0.6960973 0.3210973 0.6960973 0.3210973 0.6960973 0.3210973 0.5539027 0.1789027 0.6960973 0.1789027 0.6960973 0.3210973 0.6960973 0.3210973 0.5539027 0.375 0.5 0.375 0.75 0.1789027 0.6960973 0.3210973 0.6960973 0.375 0.75 0.375 0.5 0.375 0.5 0.375 0.75 0.375 0.75 0.375 0.75 0.125 0.75 0.375 0.25 0.375 0.25 0.375 0 0.625 0 0.625 0.25 0.375 0.25 0.625 0.75 0.625 1 0.375 1 0.375 1 0.375 1 0.375 0.75 0.375 0.25 0.375 0.25 0.375 0 0.375 1 0.375 1 0.375 0.75 0.375 0.75 0.375 0.75 0.375 0.5 0.375 0.5 0.375 0.5 0.375 0.25 0.375 0.5 0.375 0.5 0.375 0.25 0.375 0.75 0.375 0.75 0.375 0.5 0.375 0.25 0.625 0.25 0.625 0.5 0.375 0.5 0.625 0.5 0.625 0.75 0.875 0.5 0.875 0.75 0.625 0.75 0.125 0.75 0.125 0.75 0.125 0.5 0.125 0.5 0.125 0.5 0.375 0.5 0.1789027 0.6960973 0.125 0.75 0.125 0.5 0.1789027 0.5539028 0.125 0.5 0.375 0.5 0.1789027 0.5539028 0.1789027 0.5539028 0.1789027 0.6960973 0.3210973 0.5539027 0.3210973 0.5539027 0.1789027 0.5539028 0.1789027 0.5539028 0.1789027 0.5539028 0.1789027 0.6960973 0.3210973 0.5539027 0.3210973 0.5539027 0.1789027 0.5539028 0.3210973 0.5539027 0.3210973 0.6960973 0.1789027 0.6960973 0.3210973 0.6960973 0.3210973 0.6960973 0.3210973 0.5539027 0.3210973 0.6960973 0.1789027 0.6960973 0.1789027 0.6960973 0.3210973 0.6960973 0.3210973 0.6960973 0.3210973 0.5539027 0.1789027 0.6960973 0.1789027 0.6960973 0.3210973 0.6960973 0.3210973 0.5539027 0.375 0.5 0.375 0.75 0.1789027 0.6960973 0.3210973 0.6960973 0.375 0.75 0.375 0.5 0.375 0.5 0.375 0.75 0.375 0.75 0.375 0.75 0.125 0.75 0.375 0.25 0.375 0.25 0.375 0 0.625 0 0.625 0.25 0.375 0.25 0.625 0.75 0.625 1 0.375 1 0.375 1 0.375 1 0.375 0.75 0.375 0.25 0.375 0.25 0.375 0 0.375 1 0.375 1 0.375 0.75 0.375 0.75 0.375 0.75 0.375 0.5 0.375 0.5 0.375 0.5 0.375 0.25 0.375 0.5 0.375 0.5 0.375 0.25 0.375 0.75 0.375 0.75 0.375 0.5 0.375 0.25 0.625 0.25 0.625 0.5 0.625 0.5 0.625 0.75 0.375 0.75 0.625 0.5 0.875 0.5 0.875 0.75 0.125 0.75 0.125 0.75 0.125 0.5 0.125 0.5 0.125 0.5 0.375 0.5 0.1789027 0.6960973 0.125 0.75 0.125 0.5 0.1789027 0.5539028 0.125 0.5 0.375 0.5 0.1789027 0.5539028 0.1789027 0.5539028 0.1789027 0.6960973 0.3210973 0.5539027 0.3210973 0.5539027 0.1789027 0.5539028 0.1789027 0.6960973 0.1789027 0.5539028 0.1789027 0.5539028 0.3210973 0.5539027 0.3210973 0.5539027 0.1789027 0.5539028 0.1789027 0.5539028 0.3210973 0.5539027 0.3210973 0.6960973 0.3210973 0.5539027 0.3210973 0.6960973 0.3210973 0.6960973 0.3210973 0.6960973 0.1789027 0.6960973 0.1789027 0.6960973 0.3210973 0.6960973 0.3210973 0.6960973 0.3210973 0.5539027 0.1789027 0.6960973 0.1789027 0.6960973 0.3210973 0.6960973 0.3210973 0.5539027 0.375 0.5 0.375 0.75 0.1789027 0.6960973 0.3210973 0.6960973 0.375 0.75 0.375 0.5 0.375 0.5 0.375 0.75 0.375 0.75 0.375 0.75 0.125 0.75 0.375 0.25 0.375 0.25 0.375 0 0.625 0 0.625 0.25 0.375 0.25 0.625 0.75 0.625 1 0.375 1 0.375 1 0.375 1 0.375 0.75 0.375 0.25 0.375 0.25 0.375 0 0.375 1 0.375 1 0.375 0.75 0.375 0.75 0.375 0.75 0.375 0.5 0.375 0.5 0.375 0.5 0.375 0.25 0.375 0.5 0.375 0.5 0.375 0.25 0.375 0.75 0.375 0.75 0.375 0.5 0.375 0.25 0.625 0.25 0.625 0.5 0.375 0.5 0.625 0.5 0.625 0.75 0.875 0.5 0.875 0.75 0.625 0.75 0.125 0.75 0.125 0.75 0.125 0.5 0.125 0.5 0.125 0.5 0.375 0.5 0.1789027 0.6960973 0.125 0.75 0.125 0.5 0.3210973 0.5539027 0.1789027 0.5539028 0.125 0.5 0.1789027 0.5539028 0.1789027 0.5539028 0.1789027 0.6960973 0.3210973 0.5539027 0.3210973 0.5539027 0.1789027 0.5539028 0.1789027 0.6960973 0.1789027 0.5539028 0.1789027 0.5539028 0.3210973 0.5539027 0.3210973 0.5539027 0.1789027 0.5539028 0.1789027 0.5539028 0.3210973 0.5539027 0.3210973 0.6960973 0.3210973 0.5539027 0.3210973 0.6960973 0.3210973 0.6960973 0.3210973 0.6960973 0.1789027 0.6960973 0.1789027 0.6960973 0.3210973 0.6960973 0.3210973 0.6960973 0.3210973 0.5539027 0.1789027 0.6960973 0.1789027 0.6960973 0.3210973 0.6960973 0.3210973 0.5539027 0.375 0.5 0.375 0.75 0.3210973 0.6960973 0.375 0.75 0.125 0.75 0.375 0.5 0.375 0.5 0.375 0.75 0.375 0.75 0.375 0.75 0.125 0.75 0.375 0.25 0.375 0.25 0.375 0 0.375 0 0.625 0 0.625 0.25 0.625 0.75 0.625 1 0.375 1 0.375 1 0.375 1 0.375 0.75 0.375 0.25 0.375 0.25 0.375 0 0.375 1 0.375 1 0.375 0.75 0.375 0.75 0.375 0.75 0.375 0.5 0.375 0.5 0.375 0.5 0.375 0.25 0.375 0.5 0.375 0.5 0.375 0.25 0.375 0.75 0.375 0.75 0.375 0.5 0.375 0.25 0.625 0.25 0.625 0.5 0.375 0.5 0.625 0.5 0.625 0.75 0.875 0.5 0.875 0.75 0.625 0.75 0.125 0.75 0.125 0.75 0.125 0.5 0.125 0.5 0.125 0.5 0.375 0.5 0.1789027 0.5539028 0.1789027 0.6960973 0.125 0.75 0.3210973 0.5539027 0.1789027 0.5539028 0.125 0.5 0.1789027 0.5539028 0.1789027 0.5539028 0.1789027 0.6960973 0.3210973 0.5539027 0.3210973 0.5539027 0.1789027 0.5539028 0.1789027 0.5539028 0.1789027 0.5539028 0.1789027 0.6960973 0.3210973 0.5539027 0.3210973 0.5539027 0.1789027 0.5539028 0.3210973 0.5539027 0.3210973 0.6960973 0.1789027 0.6960973 0.3210973 0.6960973 0.3210973 0.6960973 0.3210973 0.5539027 0.3210973 0.6960973 0.1789027 0.6960973 0.1789027 0.6960973 0.3210973 0.6960973 0.3210973 0.6960973 0.3210973 0.5539027 0.1789027 0.6960973 0.1789027 0.6960973 0.3210973 0.6960973 0.3210973 0.5539027 0.375 0.5 0.375 0.75 0.3210973 0.6960973 0.375 0.75 0.125 0.75 0.375 0.5 0.375 0.5 0.375 0.75 0.375 0.75 0.375 0.75 0.125 0.75 0.375 0.25 0.375 0.25 0.375 0 0.375 0 0.625 0 0.625 0.25 0.625 0.75 0.625 1 0.375 1 0.375 1 0.375 1 0.375 0.75 0.375 0.25 0.375 0.25 0.375 0 0.375 1 0.375 1 0.375 0.75 0.375 0.75 0.375 0.75 0.375 0.5 0.375 0.5 0.375 0.5 0.375 0.25 0.375 0.5 0.375 0.5 0.375 0.25 0.375 0.75 0.375 0.75 0.375 0.5 0.375 0.25 0.625 0.25 0.625 0.5 0.625 0.5 0.625 0.75 0.375 0.75 0.875 0.5 0.875 0.75 0.625 0.75 0.125 0.75 0.125 0.75 0.125 0.5 0.125 0.5 0.125 0.5 0.375 0.5 0.1789027 0.6960973 0.125 0.75 0.125 0.5 0.3210973 0.5539027 0.1789027 0.5539028 0.125 0.5 0.1789027 0.5539028 0.1789027 0.5539028 0.1789027 0.6960973 0.3210973 0.5539027 0.3210973 0.5539027 0.1789027 0.5539028 0.1789027 0.5539028 0.1789027 0.5539028 0.1789027 0.6960973 0.3210973 0.5539027 0.3210973 0.5539027 0.1789027 0.5539028 0.3210973 0.5539027 0.3210973 0.6960973 0.1789027 0.6960973 0.3210973 0.5539027 0.3210973 0.6960973 0.3210973 0.6960973 0.3210973 0.6960973 0.1789027 0.6960973 0.1789027 0.6960973 0.3210973 0.6960973 0.3210973 0.6960973 0.3210973 0.5539027 0.1789027 0.6960973 0.1789027 0.6960973 0.3210973 0.6960973 0.3210973 0.5539027 0.375 0.5 0.375 0.75 0.3210973 0.6960973 0.375 0.75 0.125 0.75 0.375 0.5 0.375 0.5 0.375 0.75 0.375 0.75 0.375 0.75 0.125 0.75 0.375 0.25 0.375 0.25 0.375 0 0.375 0 0.625 0 0.625 0.25 0.625 0.75 0.625 1 0.375 1 0.375 1 0.375 1 0.375 0.75 0.375 0.25 0.375 0.25 0.375 0 0.375 1 0.375 1 0.375 0.75 0.375 0.75 0.375 0.75 0.375 0.5 0.375 0.5 0.375 0.5 0.375 0.25 0.375 0.5 0.375 0.5 0.375 0.25 0.375 0.75 0.375 0.75 0.375 0.5 0.375 0.25 0.625 0.25 0.625 0.5 0.625 0.5 0.625 0.75 0.375 0.75 0.875 0.5 0.875 0.75 0.625 0.75 0.125 0.75 0.125 0.75 0.125 0.5 0.125 0.5 0.125 0.5 0.375 0.5 0.1789027 0.6960973 0.125 0.75 0.125 0.5 0.3210973 0.5539027 0.1789027 0.5539028 0.125 0.5 0.1789027 0.5539028 0.1789027 0.5539028 0.1789027 0.6960973 0.3210973 0.5539027 0.3210973 0.5539027 0.1789027 0.5539028 0.1789027 0.6960973 0.1789027 0.5539028 0.1789027 0.5539028 0.3210973 0.5539027 0.3210973 0.5539027 0.1789027 0.5539028 0.1789027 0.5539028 0.3210973 0.5539027 0.3210973 0.6960973 0.3210973 0.5539027 0.3210973 0.6960973 0.3210973 0.6960973 0.3210973 0.6960973 0.1789027 0.6960973 0.1789027 0.6960973 0.3210973 0.6960973 0.3210973 0.6960973 0.3210973 0.5539027 0.1789027 0.6960973 0.1789027 0.6960973 0.3210973 0.6960973 0.3210973 0.5539027 0.375 0.5 0.375 0.75 0.3210973 0.6960973 0.375 0.75 0.125 0.75 0.375 0.5 0.375 0.5 0.375 0.75 0.375 0.75 0.375 0.75 0.125 0.75 0.375 0.25 0.375 0.25 0.375 0 0.375 0 0.625 0 0.625 0.25 0.625 0.75 0.625 1 0.375 1 0.375 1 0.375 1 0.375 0.75 0.375 0.25 0.375 0.25 0.375 0 0.375 1 0.375 1 0.375 0.75 0.375 0.75 0.375 0.75 0.375 0.5 0.375 0.5 0.375 0.5 0.375 0.25 0.375 0.5 0.375 0.5 0.375 0.25 0.375 0.75 0.375 0.75 0.375 0.5 0.375 0.25 0.625 0.25 0.625 0.5 0.375 0.5 0.625 0.5 0.625 0.75 0.875 0.5 0.875 0.75 0.625 0.75 0.125 0.75 0.125 0.75 0.125 0.5 0.125 0.5 0.125 0.5 0.375 0.5 0.1789027 0.5539028 0.1789027 0.6960973 0.125 0.75 0.3210973 0.5539027 0.1789027 0.5539028 0.125 0.5 0.1789027 0.5539028 0.1789027 0.5539028 0.1789027 0.6960973 0.3210973 0.5539027 0.3210973 0.5539027 0.1789027 0.5539028 0.1789027 0.5539028 0.1789027 0.5539028 0.1789027 0.6960973 0.3210973 0.5539027 0.3210973 0.5539027 0.1789027 0.5539028 0.1789027 0.5539028 0.3210973 0.5539027 0.3210973 0.6960973 0.3210973 0.5539027 0.3210973 0.6960973 0.3210973 0.6960973 0.3210973 0.6960973 0.1789027 0.6960973 0.1789027 0.6960973 0.3210973 0.6960973 0.3210973 0.6960973 0.3210973 0.5539027 0.1789027 0.6960973 0.1789027 0.6960973 0.3210973 0.6960973 0.3210973 0.5539027 0.375 0.5 0.375 0.75 0.3210973 0.6960973 0.375 0.75 0.125 0.75 0.375 0.5 0.375 0.5 0.375 0.75 0.375 0.75 0.375 0.75 0.125 0.75 0.375 0.25 0.375 0.25 0.375 0 0.625 0 0.625 0.25 0.375 0.25 0.625 0.75 0.625 1 0.375 1 0.375 1 0.375 1 0.375 0.75 0.375 0.25 0.375 0.25 0.375 0 0.375 1 0.375 1 0.375 0.75 0.375 0.75 0.375 0.75 0.375 0.5 0.375 0.5 0.375 0.5 0.375 0.25 0.375 0.5 0.375 0.5 0.375 0.25 0.375 0.75 0.375 0.75 0.375 0.5 0.375 0.25 0.625 0.25 0.625 0.5 0.625 0.5 0.625 0.75 0.375 0.75 0.625 0.5 0.875 0.5 0.875 0.75 0.125 0.75 0.125 0.75 0.125 0.5 0.125 0.5 0.125 0.5 0.375 0.5 0.1789027 0.5539028 0.1789027 0.6960973 0.125 0.75 0.3210973 0.5539027 0.1789027 0.5539028 0.125 0.5 0.1789027 0.5539028 0.1789027 0.5539028 0.1789027 0.6960973 0.3210973 0.5539027 0.3210973 0.5539027 0.1789027 0.5539028 0.1789027 0.5539028 0.1789027 0.5539028 0.1789027 0.6960973 0.3210973 0.5539027 0.3210973 0.5539027 0.1789027 0.5539028 0.1789027 0.5539028 0.3210973 0.5539027 0.3210973 0.6960973 0.3210973 0.5539027 0.3210973 0.6960973 0.3210973 0.6960973 0.3210973 0.6960973 0.1789027 0.6960973 0.1789027 0.6960973 0.3210973 0.6960973 0.3210973 0.6960973 0.3210973 0.5539027 0.1789027 0.6960973 0.1789027 0.6960973 0.3210973 0.6960973 0.3210973 0.5539027 0.375 0.5 0.375 0.75 0.3210973 0.6960973 0.375 0.75 0.125 0.75 0.375 0.5 0.375 0.5 0.375 0.75 0.375 0.75 0.375 0.75 0.125 0.75 0.375 0.25 0.375 0.25 0.375 0 0.375 0 0.625 0 0.625 0.25 0.625 0.75 0.625 1 0.375 1 0.375 1 0.375 1 0.375 0.75 0.375 0.25 0.375 0.25 0.375 0 0.375 1 0.375 1 0.375 0.75 0.375 0.75 0.375 0.75 0.375 0.5 0.375 0.5 0.375 0.5 0.375 0.25 0.375 0.5 0.375 0.5 0.375 0.25 0.375 0.75 0.375 0.75 0.375 0.5 0.375 0.25 0.625 0.25 0.625 0.5 0.625 0.5 0.625 0.75 0.375 0.75 0.875 0.5 0.875 0.75 0.625 0.75 0.125 0.75 0.125 0.75 0.125 0.5 0.125 0.5 0.125 0.5 0.375 0.5 0.1789027 0.6960973 0.125 0.75 0.125 0.5 0.3210973 0.5539027 0.1789027 0.5539028 0.125 0.5 0.1789027 0.5539028 0.1789027 0.5539028 0.1789027 0.6960973 0.3210973 0.5539027 0.3210973 0.5539027 0.1789027 0.5539028 0.1789027 0.5539028 0.1789027 0.5539028 0.1789027 0.6960973 0.3210973 0.5539027 0.3210973 0.5539027 0.1789027 0.5539028 0.3210973 0.5539027 0.3210973 0.6960973 0.1789027 0.6960973 0.3210973 0.5539027 0.3210973 0.6960973 0.3210973 0.6960973 0.3210973 0.6960973 0.1789027 0.6960973 0.1789027 0.6960973 0.3210973 0.6960973 0.3210973 0.6960973 0.3210973 0.5539027 0.1789027 0.6960973 0.1789027 0.6960973 0.3210973 0.6960973 0.3210973 0.5539027 0.375 0.5 0.375 0.75 0.3210973 0.6960973 0.375 0.75 0.125 0.75 0.375 0.5 0.375 0.5 0.375 0.75 0.375 0.75 0.375 0.75 0.125 0.75 0.375 0.25 0.375 0.25 0.375 0 0.375 0 0.625 0 0.625 0.25 0.625 0.75 0.625 1 0.375 1 0.375 1 0.375 1 0.375 0.75 0.375 0.25 0.375 0.25 0.375 0 0.375 1 0.375 1 0.375 0.75 0.375 0.75 0.375 0.75 0.375 0.5 0.375 0.5 0.375 0.5 0.375 0.25 0.375 0.5 0.375 0.5 0.375 0.25 0.375 0.75 0.375 0.75 0.375 0.5 0.625 0.25 0.625 0.5 0.375 0.5 0.625 0.5 0.625 0.75 0.375 0.75 0.875 0.5 0.875 0.75 0.625 0.75 0.125 0.75 0.125 0.75 0.125 0.5 0.125 0.5 0.125 0.5 0.375 0.5 0.1789027 0.6960973 0.125 0.75 0.125 0.5 0.1789027 0.5539028 0.125 0.5 0.375 0.5 0.1789027 0.5539028 0.1789027 0.5539028 0.1789027 0.6960973 0.3210973 0.5539027 0.3210973 0.5539027 0.1789027 0.5539028 0.1789027 0.5539028 0.1789027 0.5539028 0.1789027 0.6960973 0.3210973 0.5539027 0.3210973 0.5539027 0.1789027 0.5539028 0.1789027 0.5539028 0.3210973 0.5539027 0.3210973 0.6960973 0.3210973 0.5539027 0.3210973 0.6960973 0.3210973 0.6960973 0.1789027 0.6960973 0.1789027 0.6960973 0.3210973 0.6960973 0.3210973 0.6960973 0.3210973 0.6960973 0.3210973 0.5539027 0.1789027 0.6960973 0.1789027 0.6960973 0.3210973 0.6960973 0.3210973 0.5539027 0.375 0.5 0.375 0.75 0.1789027 0.6960973 0.3210973 0.6960973 0.375 0.75 0.375 0.5 0.375 0.5 0.375 0.75 0.375 0.75 0.375 0.75 0.125 0.75 0.375 0.25 0.375 0.25 0.375 0 0.375 0 0.625 0 0.625 0.25 0.625 0.75 0.625 1 0.375 1 0.375 1 0.375 1 0.375 0.75 0.375 0.25 0.375 0.25 0.375 0 0.375 1 0.375 1 0.375 0.75 0.375 0.75 0.375 0.75 0.375 0.5 0.375 0.5 0.375 0.5 0.375 0.25 0.375 0.5 0.375 0.5 0.375 0.25 0.375 0.75 0.375 0.75 0.375 0.5 0.625 0.25 0.625 0.5 0.375 0.5 0.375 0.5 0.625 0.5 0.625 0.75 0.875 0.5 0.875 0.75 0.625 0.75 0.125 0.75 0.125 0.75 0.125 0.5 0.125 0.5 0.125 0.5 0.375 0.5 0.1789027 0.6960973 0.125 0.75 0.125 0.5 0.3210973 0.5539027 0.1789027 0.5539028 0.125 0.5 0.1789027 0.5539028 0.1789027 0.5539028 0.1789027 0.6960973 0.3210973 0.5539027 0.3210973 0.5539027 0.1789027 0.5539028 0.1789027 0.5539028 0.1789027 0.5539028 0.1789027 0.6960973 0.3210973 0.5539027 0.3210973 0.5539027 0.1789027 0.5539028 0.1789027 0.5539028 0.3210973 0.5539027 0.3210973 0.6960973 0.3210973 0.5539027 0.3210973 0.6960973 0.3210973 0.6960973 0.1789027 0.6960973 0.1789027 0.6960973 0.3210973 0.6960973 0.3210973 0.6960973 0.3210973 0.6960973 0.3210973 0.5539027 0.1789027 0.6960973 0.1789027 0.6960973 0.3210973 0.6960973 0.3210973 0.5539027 0.375 0.5 0.375 0.75 0.3210973 0.6960973 0.375 0.75 0.125 0.75 0.375 0.5 0.375 0.5 0.375 0.75 0.375 0.75 0.375 0.75 0.125 0.75 0.375 0.25 0.375 0.25 0.375 0 0.625 0 0.625 0.25 0.375 0.25 0.625 0.75 0.625 1 0.375 1 0.375 1 0.375 1 0.375 0.75 0.375 0.25 0.375 0.25 0.375 0 0.375 1 0.375 1 0.375 0.75 0.375 0.75 0.375 0.75 0.375 0.5 0.375 0.5 0.375 0.5 0.375 0.25 0.375 0.5 0.375 0.5 0.375 0.25 0.375 0.75 0.375 0.75 0.375 0.5 0.625 0.25 0.625 0.5 0.375 0.5 0.375 0.5 0.625 0.5 0.625 0.75 0.875 0.5 0.875 0.75 0.625 0.75 0.125 0.75 0.125 0.75 0.125 0.5 0.125 0.5 0.125 0.5 0.375 0.5 0.1789027 0.6960973 0.125 0.75 0.125 0.5 0.3210973 0.5539027 0.1789027 0.5539028 0.125 0.5 0.1789027 0.5539028 0.1789027 0.5539028 0.1789027 0.6960973 0.3210973 0.5539027 0.3210973 0.5539027 0.1789027 0.5539028 0.1789027 0.5539028 0.1789027 0.5539028 0.1789027 0.6960973 0.3210973 0.5539027 0.3210973 0.5539027 0.1789027 0.5539028 0.3210973 0.5539027 0.3210973 0.6960973 0.1789027 0.6960973 0.3210973 0.6960973 0.3210973 0.6960973 0.3210973 0.5539027 0.1789027 0.6960973 0.1789027 0.6960973 0.3210973 0.6960973 0.3210973 0.6960973 0.3210973 0.6960973 0.3210973 0.5539027 0.1789027 0.6960973 0.1789027 0.6960973 0.3210973 0.6960973 0.3210973 0.6960973 0.3210973 0.5539027 0.375 0.5 0.1789027 0.6960973 0.3210973 0.6960973 0.375 0.75 0.375 0.5 0.375 0.5 0.375 0.75 0.375 0.75 0.375 0.75 0.125 0.75 0.375 0.25 0.375 0.25 0.375 0 0.375 0 0.625 0 0.625 0.25 0.625 0.75 0.625 1 0.375 1 0.375 1 0.375 1 0.375 0.75 0.375 0.25 0.375 0.25 0.375 0 0.375 1 0.375 1 0.375 0.75 0.375 0.75 0.375 0.75 0.375 0.5 0.375 0.5 0.375 0.5 0.375 0.25 0.375 0.5 0.375 0.5 0.375 0.25 0.375 0.75 0.375 0.75 0.375 0.5 0.625 0.25 0.625 0.5 0.375 0.5 0.625 0.5 0.625 0.75 0.375 0.75 0.625 0.5 0.875 0.5 0.875 0.75 0.125 0.75 0.125 0.75 0.125 0.5 0.125 0.5 0.125 0.5 0.375 0.5 0.1789027 0.6960973 0.125 0.75 0.125 0.5 0.3210973 0.5539027 0.1789027 0.5539028 0.125 0.5 0.1789027 0.5539028 0.1789027 0.5539028 0.1789027 0.6960973 0.3210973 0.5539027 0.3210973 0.5539027 0.1789027 0.5539028 0.1789027 0.6960973 0.1789027 0.5539028 0.1789027 0.5539028 0.3210973 0.5539027 0.3210973 0.5539027 0.1789027 0.5539028 0.1789027 0.5539028 0.3210973 0.5539027 0.3210973 0.6960973 0.3210973 0.5539027 0.3210973 0.6960973 0.3210973 0.6960973 0.1789027 0.6960973 0.1789027 0.6960973 0.3210973 0.6960973 0.3210973 0.6960973 0.3210973 0.6960973 0.3210973 0.5539027 0.1789027 0.6960973 0.1789027 0.6960973 0.3210973 0.6960973 0.3210973 0.5539027 0.375 0.5 0.375 0.75 0.3210973 0.6960973 0.375 0.75 0.125 0.75 0.375 0.5 0.375 0.5 0.375 0.75 0.375 0.75 0.375 0.75 0.125 0.75 0.375 0.25 0.375 0.25 0.375 0 0.375 0 0.625 0 0.625 0.25 0.625 0.75 0.625 1 0.375 1 0.375 1 0.375 1 0.375 0.75 0.375 0.25 0.375 0.25 0.375 0 0.375 1 0.375 1 0.375 0.75 0.375 0.75 0.375 0.75 0.375 0.5 0.375 0.5 0.375 0.5 0.375 0.25 0.375 0.5 0.375 0.5 0.375 0.25 0.375 0.75 0.375 0.75 0.375 0.5 0.375 0.25 0.625 0.25 0.625 0.5 0.375 0.5 0.625 0.5 0.625 0.75 0.875 0.5 0.875 0.75 0.625 0.75 0.125 0.75 0.125 0.75 0.125 0.5 0.125 0.5 0.125 0.5 0.375 0.5 0.1789027 0.6960973 0.125 0.75 0.125 0.5 0.1789027 0.5539028 0.125 0.5 0.375 0.5 0.1789027 0.5539028 0.1789027 0.5539028 0.1789027 0.6960973 0.3210973 0.5539027 0.3210973 0.5539027 0.1789027 0.5539028 0.1789027 0.5539028 0.1789027 0.5539028 0.1789027 0.6960973 0.1789027 0.5539028 0.3210973 0.5539027 0.3210973 0.5539027 0.1789027 0.5539028 0.3210973 0.5539027 0.3210973 0.6960973 0.3210973 0.6960973 0.3210973 0.6960973 0.3210973 0.5539027 0.1789027 0.6960973 0.1789027 0.6960973 0.3210973 0.6960973 0.3210973 0.6960973 0.3210973 0.6960973 0.3210973 0.5539027 0.1789027 0.6960973 0.1789027 0.6960973 0.3210973 0.6960973 0.3210973 0.5539027 0.375 0.5 0.375 0.75 0.1789027 0.6960973 0.3210973 0.6960973 0.375 0.75 0.375 0.5 0.375 0.5 0.375 0.75 0.375 0.75 0.375 0.75 0.125 0.75 0.375 0.25 0.375 0.25 0.375 0 0.375 0 0.625 0 0.625 0.25 0.625 0.75 0.625 1 0.375 1 0.375 1 0.375 1 0.375 0.75 0.375 0.25 0.375 0.25 0.375 0 0.375 1 0.375 1 0.375 0.75 0.375 0.75 0.375 0.75 0.375 0.5 0.375 0.5 0.375 0.5 0.375 0.25 0.375 0.5 0.375 0.5 0.375 0.25 0.375 0.75 0.375 0.75 0.375 0.5 0.375 0.25 0.625 0.25 0.625 0.5 0.625 0.5 0.625 0.75 0.375 0.75 0.875 0.5 0.875 0.75 0.625 0.75 0.125 0.75 0.125 0.75 0.125 0.5 0.125 0.5 0.125 0.5 0.375 0.5 0.1789027 0.5539028 0.1789027 0.6960973 0.125 0.75 0.3210973 0.5539027 0.1789027 0.5539028 0.125 0.5 0.1789027 0.5539028 0.1789027 0.5539028 0.1789027 0.6960973 0.3210973 0.5539027 0.3210973 0.5539027 0.1789027 0.5539028 0.1789027 0.5539028 0.1789027 0.5539028 0.1789027 0.6960973 0.3210973 0.5539027 0.3210973 0.5539027 0.1789027 0.5539028 0.1789027 0.5539028 0.3210973 0.5539027 0.3210973 0.6960973 0.3210973 0.5539027 0.3210973 0.6960973 0.3210973 0.6960973 0.3210973 0.6960973 0.1789027 0.6960973 0.1789027 0.6960973 0.3210973 0.6960973 0.3210973 0.6960973 0.3210973 0.5539027 0.1789027 0.6960973 0.1789027 0.6960973 0.3210973 0.6960973 0.3210973 0.5539027 0.375 0.5 0.375 0.75 0.3210973 0.6960973 0.375 0.75 0.125 0.75 0.375 0.5 0.375 0.5 0.375 0.75 0.375 0.75 0.375 0.75 0.125 0.75 0.375 0.25 0.375 0.25 0.375 0 0.625 0 0.625 0.25 0.375 0.25 0.625 0.75 0.625 1 0.375 1 0.375 1 0.375 1 0.375 0.75 0.375 0.25 0.375 0.25 0.375 0 0.375 1 0.375 1 0.375 0.75 0.375 0.75 0.375 0.75 0.375 0.5 0.375 0.5 0.375 0.5 0.375 0.25 0.375 0.5 0.375 0.5 0.375 0.25 0.375 0.75 0.375 0.75 0.375 0.5 0.375 0.25 0.625 0.25 0.625 0.5 0.625 0.5 0.625 0.75 0.375 0.75 0.625 0.5 0.875 0.5 0.875 0.75 0.125 0.75 0.125 0.75 0.125 0.5 0.125 0.5 0.125 0.5 0.375 0.5 0.1789027 0.6960973 0.125 0.75 0.125 0.5 0.3210973 0.5539027 0.1789027 0.5539028 0.125 0.5 0.1789027 0.5539028 0.1789027 0.5539028 0.1789027 0.6960973 0.3210973 0.5539027 0.3210973 0.5539027 0.1789027 0.5539028 0.1789027 0.5539028 0.1789027 0.5539028 0.1789027 0.6960973 0.3210973 0.5539027 0.3210973 0.5539027 0.1789027 0.5539028 0.3210973 0.5539027 0.3210973 0.6960973 0.1789027 0.6960973 0.3210973 0.5539027 0.3210973 0.6960973 0.3210973 0.6960973 0.3210973 0.6960973 0.1789027 0.6960973 0.1789027 0.6960973 0.3210973 0.6960973 0.3210973 0.6960973 0.3210973 0.5539027 0.1789027 0.6960973 0.1789027 0.6960973 0.3210973 0.6960973 0.3210973 0.6960973 0.3210973 0.5539027 0.375 0.5 0.3210973 0.6960973 0.375 0.75 0.125 0.75 0.375 0.5 0.375 0.5 0.375 0.75 0.375 0.75 0.375 0.75 0.125 0.75</float_array>
          <technique_common>
            <accessor source="#right_tracks-mesh-map-0-array" count="14220" stride="2">
              <param name="S" type="float"/>
              <param name="T" type="float"/>
            </accessor>
          </technique_common>
        </source>
        <vertices id="right_tracks-mesh-vertices">
          <input semantic="POSITION" source="#right_tracks-mesh-positions"/>
        </vertices>
        <triangles count="4740">
          <input semantic="VERTEX" source="#right_tracks-mesh-vertices" offset="0"/>
          <input semantic="NORMAL" source="#right_tracks-mesh-normals" offset="1"/>
          <input semantic="TEXCOORD" source="#right_tracks-mesh-map-0" offset="2" set="0"/>
          <p>0 0 0 3 0 1 2 0 2 2 1 3 7 1 4 6 1 5 6 2 6 5 2 7 4 2 8 5 3 9 0 3 10 4 3 11 0 4 12 11 4 13 4 4 14 7 5 15 1 5 16 5 5 17 8 6 18 13 6 19 9 6 20 6 7 21 8 7 22 2 7 23 2 8 24 9 8 25 0 8 26 4 9 27 10 9 28 6 9 29 9 10 30 15 10 31 11 10 32 10 11 33 12 11 34 8 11 35 11 12 36 14 12 37 10 12 38 20 13 39 16 13 40 19 13 41 19 14 42 18 14 43 21 14 44 22 15 45 20 15 46 19 15 47 22 16 48 21 16 49 24 16 50 22 17 51 26 17 52 23 17 53 24 18 54 25 18 55 22 18 56 25 19 57 29 19 58 26 19 59 27 20 60 28 20 61 25 20 62 30 21 63 29 21 64 28 21 65 27 22 66 31 22 67 30 22 68 32 23 69 29 23 70 31 23 71 33 24 72 27 24 73 24 24 74 23 25 75 32 25 76 33 25 77 24 26 78 34 26 79 33 26 80 23 27 81 34 27 82 20 27 83 21 28 84 35 28 85 34 28 86 34 29 87 17 29 88 20 29 89 37 30 90 40 30 91 36 30 92 38 31 93 37 31 94 36 31 95 39 32 96 38 32 97 36 32 98 36 33 99 42 33 100 39 33 101 41 34 102 43 34 103 40 34 104 40 35 105 45 35 106 42 35 107 42 36 108 46 36 109 47 36 110 47 37 111 44 37 112 41 37 113 48 38 114 41 38 115 37 38 116 39 39 117 47 39 118 48 39 119 50 40 120 48 40 121 37 40 122 49 41 123 39 41 124 48 41 125 49 42 126 38 42 127 51 42 128 56 43 129 52 43 130 55 43 131 55 44 132 54 44 133 57 44 134 58 45 135 56 45 136 55 45 137 58 46 138 57 46 139 60 46 140 58 47 141 62 47 142 59 47 143 60 48 144 61 48 145 58 48 146 61 49 147 65 49 148 62 49 149 61 50 150 66 50 151 64 50 152 64 51 153 67 51 154 65 51 155 63 52 156 67 52 157 66 52 158 62 53 159 67 53 160 68 53 161 69 54 162 63 54 163 60 54 164 59 55 165 68 55 166 69 55 167 60 56 168 70 56 169 69 56 170 59 57 171 70 57 172 56 57 173 57 58 174 71 58 175 70 58 176 70 59 177 53 59 178 56 59 179 73 60 180 76 60 181 72 60 182 74 61 183 73 61 184 72 61 185 87 62 186 72 62 187 75 62 188 72 63 189 78 63 190 75 63 191 77 64 192 79 64 193 76 64 194 76 65 195 81 65 196 78 65 197 78 66 198 82 66 199 83 66 200 83 67 201 80 67 202 77 67 203 84 68 204 77 68 205 73 68 206 75 69 207 83 69 208 84 69 209 73 70 210 85 70 211 84 70 212 85 71 213 75 71 214 84 71 215 86 72 216 87 72 217 85 72 218 92 73 219 88 73 220 91 73 221 91 74 222 90 74 223 93 74 224 94 75 225 92 75 226 91 75 227 94 76 228 93 76 229 96 76 230 94 77 231 98 77 232 95 77 233 96 78 234 97 78 235 94 78 236 97 79 237 101 79 238 98 79 239 99 80 240 100 80 241 97 80 242 100 81 243 103 81 244 101 81 245 104 82 246 102 82 247 99 82 248 104 83 249 101 83 250 103 83 251 105 84 252 99 84 253 96 84 254 95 85 255 104 85 256 105 85 257 96 86 258 106 86 259 105 86 260 95 87 261 106 87 262 92 87 263 93 88 264 107 88 265 106 88 266 106 89 267 89 89 268 92 89 269 109 90 270 112 90 271 108 90 272 110 91 273 109 91 274 108 91 275 123 92 276 108 92 277 111 92 278 108 93 279 114 93 280 111 93 281 113 94 282 115 94 283 112 94 284 112 95 285 117 95 286 114 95 287 114 96 288 118 96 289 119 96 290 119 97 291 116 97 292 113 97 293 120 98 294 113 98 295 109 98 296 111 99 297 119 99 298 120 99 299 109 100 300 121 100 301 120 100 302 121 101 303 111 101 304 120 101 305 122 102 306 123 102 307 121 102 308 128 103 309 124 103 310 127 103 311 127 104 312 126 104 313 129 104 314 131 105 315 127 105 316 130 105 317 130 106 318 129 106 319 132 106 320 130 107 321 134 107 322 131 107 323 132 108 324 133 108 325 130 108 326 133 109 327 137 109 328 134 109 329 135 110 330 136 110 331 133 110 332 138 111 333 137 111 334 136 111 335 135 112 336 139 112 337 138 112 338 140 113 339 137 113 340 139 113 341 141 114 342 135 114 343 132 114 344 131 115 345 140 115 346 141 115 347 132 116 348 142 116 349 141 116 350 131 117 351 142 117 352 128 117 353 129 118 354 143 118 355 142 118 356 142 119 357 125 119 358 128 119 359 145 120 360 148 120 361 144 120 362 144 121 363 158 121 364 145 121 365 159 122 366 144 122 367 147 122 368 144 123 369 150 123 370 147 123 371 149 124 372 151 124 373 148 124 374 148 125 375 153 125 376 150 125 377 150 126 378 154 126 379 155 126 380 155 127 381 152 127 382 149 127 383 156 128 384 149 128 385 145 128 386 147 129 387 155 129 388 156 129 389 145 130 390 157 130 391 156 130 392 157 131 393 147 131 394 156 131 395 157 132 396 146 132 397 159 132 398 164 133 399 160 133 400 163 133 401 163 134 402 162 134 403 165 134 404 166 135 405 164 135 406 163 135 407 166 136 408 165 136 409 168 136 410 166 137 411 170 137 412 167 137 413 168 138 414 169 138 415 166 138 416 169 139 417 173 139 418 170 139 419 171 140 420 172 140 421 169 140 422 174 141 423 173 141 424 172 141 425 176 142 426 174 142 427 171 142 428 176 143 429 173 143 430 175 143 431 177 144 432 171 144 433 168 144 434 167 145 435 176 145 436 177 145 437 168 146 438 178 146 439 177 146 440 167 147 441 178 147 442 164 147 443 165 148 444 179 148 445 178 148 446 178 149 447 161 149 448 164 149 449 181 150 450 184 150 451 180 150 452 180 151 453 194 151 454 181 151 455 195 152 456 180 152 457 183 152 458 180 153 459 186 153 460 183 153 461 185 154 462 187 154 463 184 154 464 184 155 465 189 155 466 186 155 467 186 156 468 190 156 469 191 156 470 191 157 471 188 157 472 185 157 473 192 158 474 185 158 475 181 158 476 183 159 477 191 159 478 192 159 479 181 160 480 193 160 481 192 160 482 192 161 483 195 161 484 183 161 485 194 162 486 195 162 487 193 162 488 200 163 489 196 163 490 199 163 491 199 164 492 198 164 493 201 164 494 203 165 495 199 165 496 202 165 497 202 166 498 201 166 499 204 166 500 202 167 501 206 167 502 203 167 503 204 168 504 205 168 505 202 168 506 206 169 507 208 169 508 209 169 509 207 170 510 208 170 511 205 170 512 210 171 513 209 171 514 208 171 515 212 172 516 210 172 517 207 172 518 212 173 519 209 173 520 211 173 521 213 174 522 207 174 523 204 174 524 203 175 525 212 175 526 213 175 527 213 176 528 201 176 529 214 176 530 203 177 531 214 177 532 200 177 533 201 178 534 215 178 535 214 178 536 214 179 537 197 179 538 200 179 539 217 180 540 220 180 541 216 180 542 218 181 543 217 181 544 216 181 545 231 182 546 216 182 547 219 182 548 216 183 549 222 183 550 219 183 551 221 184 552 223 184 553 220 184 554 220 185 555 225 185 556 222 185 557 222 186 558 226 186 559 227 186 560 227 187 561 224 187 562 221 187 563 228 188 564 221 188 565 217 188 566 219 189 567 227 189 568 228 189 569 217 190 570 229 190 571 228 190 572 228 191 573 231 191 574 219 191 575 230 192 576 231 192 577 229 192 578 236 193 579 232 193 580 235 193 581 235 194 582 234 194 583 237 194 584 239 195 585 235 195 586 238 195 587 240 196 588 235 196 589 237 196 590 238 197 591 242 197 592 239 197 593 240 198 594 241 198 595 238 198 596 241 199 597 245 199 598 242 199 599 243 200 600 244 200 601 241 200 602 244 201 603 247 201 604 245 201 605 243 202 606 247 202 607 246 202 608 248 203 609 245 203 610 247 203 611 249 204 612 243 204 613 240 204 614 239 205 615 248 205 616 249 205 617 249 206 618 237 206 619 250 206 620 249 207 621 236 207 622 239 207 623 237 208 624 251 208 625 250 208 626 250 209 627 233 209 628 236 209 629 253 210 630 256 210 631 252 210 632 252 211 633 266 211 634 253 211 635 267 212 636 252 212 637 255 212 638 252 213 639 258 213 640 255 213 641 257 214 642 259 214 643 256 214 644 256 215 645 261 215 646 258 215 647 258 216 648 262 216 649 263 216 650 263 217 651 260 217 652 257 217 653 264 218 654 257 218 655 253 218 656 255 219 657 263 219 658 264 219 659 253 220 660 265 220 661 264 220 662 264 221 663 267 221 664 255 221 665 266 222 666 267 222 667 265 222 668 272 223 669 268 223 670 271 223 671 271 224 672 270 224 673 273 224 674 275 225 675 271 225 676 274 225 677 276 226 678 271 226 679 273 226 680 274 227 681 278 227 682 275 227 683 276 228 684 277 228 685 274 228 686 277 229 687 281 229 688 278 229 689 279 230 690 280 230 691 277 230 692 282 231 693 281 231 694 280 231 695 279 232 696 283 232 697 282 232 698 284 233 699 281 233 700 283 233 701 285 234 702 279 234 703 276 234 704 275 235 705 284 235 706 285 235 707 276 236 708 286 236 709 285 236 710 285 237 711 272 237 712 275 237 713 273 238 714 287 238 715 286 238 716 286 239 717 269 239 718 272 239 719 289 240 720 292 240 721 288 240 722 290 241 723 289 241 724 288 241 725 303 242 726 288 242 727 291 242 728 288 243 729 294 243 730 291 243 731 293 244 732 295 244 733 292 244 734 292 245 735 297 245 736 294 245 737 294 246 738 298 246 739 299 246 740 299 247 741 296 247 742 293 247 743 300 248 744 293 248 745 289 248 746 291 249 747 299 249 748 300 249 749 289 250 750 301 250 751 300 250 752 300 251 753 303 251 754 291 251 755 302 252 756 303 252 757 301 252 758 308 253 759 304 253 760 307 253 761 307 254 762 306 254 763 309 254 764 311 255 765 307 255 766 310 255 767 312 256 768 307 256 769 309 256 770 310 257 771 314 257 772 311 257 773 312 258 774 313 258 775 310 258 776 313 259 777 317 259 778 314 259 779 315 260 780 316 260 781 313 260 782 316 261 783 319 261 784 317 261 785 320 262 786 318 262 787 315 262 788 320 263 789 317 263 790 319 263 791 321 264 792 315 264 793 312 264 794 311 265 795 320 265 796 321 265 797 321 266 798 309 266 799 322 266 800 321 267 801 308 267 802 311 267 803 309 268 804 323 268 805 322 268 806 322 269 807 305 269 808 308 269 809 325 270 810 328 270 811 324 270 812 326 271 813 325 271 814 324 271 815 339 272 816 324 272 817 327 272 818 324 273 819 330 273 820 327 273 821 329 274 822 331 274 823 328 274 824 328 275 825 333 275 826 330 275 827 330 276 828 334 276 829 335 276 830 335 277 831 332 277 832 329 277 833 336 278 834 329 278 835 325 278 836 327 279 837 335 279 838 336 279 839 325 280 840 337 280 841 336 280 842 336 281 843 339 281 844 327 281 845 338 282 846 339 282 847 337 282 848 344 283 849 340 283 850 343 283 851 343 284 852 342 284 853 345 284 854 347 285 855 343 285 856 346 285 857 348 286 858 343 286 859 345 286 860 346 287 861 350 287 862 347 287 863 348 288 864 349 288 865 346 288 866 350 289 867 352 289 868 353 289 869 351 290 870 352 290 871 349 290 872 352 291 873 355 291 874 353 291 875 351 292 876 355 292 877 354 292 878 356 293 879 353 293 880 355 293 881 357 294 882 351 294 883 348 294 884 347 295 885 356 295 886 357 295 887 348 296 888 358 296 889 357 296 890 357 297 891 344 297 892 347 297 893 345 298 894 359 298 895 358 298 896 358 299 897 341 299 898 344 299 899 361 300 900 364 300 901 360 300 902 362 301 903 361 301 904 360 301 905 375 302 906 360 302 907 363 302 908 360 303 909 366 303 910 363 303 911 365 304 912 367 304 913 364 304 914 364 305 915 369 305 916 366 305 917 366 306 918 370 306 919 371 306 920 371 307 921 368 307 922 365 307 923 372 308 924 365 308 925 361 308 926 363 309 927 371 309 928 372 309 929 361 310 930 373 310 931 372 310 932 372 311 933 375 311 934 363 311 935 374 312 936 375 312 937 373 312 938 380 313 939 376 313 940 379 313 941 379 314 942 378 314 943 381 314 944 383 315 945 379 315 946 382 315 947 384 316 948 379 316 949 381 316 950 382 317 951 386 317 952 383 317 953 384 318 954 385 318 955 382 318 956 385 319 957 389 319 958 386 319 959 387 320 960 388 320 961 385 320 962 388 321 963 391 321 964 389 321 965 387 322 966 391 322 967 390 322 968 392 323 969 389 323 970 391 323 971 393 324 972 387 324 973 384 324 974 383 325 975 392 325 976 393 325 977 384 326 978 394 326 979 393 326 980 393 327 981 380 327 982 383 327 983 381 328 984 395 328 985 394 328 986 394 329 987 377 329 988 380 329 989 397 330 990 400 330 991 396 330 992 398 331 993 397 331 994 396 331 995 399 332 996 398 332 997 396 332 998 396 333 999 402 333 1000 399 333 1001 401 334 1002 403 334 1003 400 334 1004 400 335 1005 405 335 1006 402 335 1007 402 336 1008 406 336 1009 407 336 1010 407 337 1011 404 337 1012 401 337 1013 408 338 1014 401 338 1015 397 338 1016 399 339 1017 407 339 1018 408 339 1019 410 340 1020 408 340 1021 397 340 1022 408 341 1023 411 341 1024 399 341 1025 410 342 1026 411 342 1027 409 342 1028 416 343 1029 412 343 1030 415 343 1031 415 344 1032 414 344 1033 417 344 1034 419 345 1035 415 345 1036 418 345 1037 420 346 1038 415 346 1039 417 346 1040 418 347 1041 422 347 1042 419 347 1043 420 348 1044 421 348 1045 418 348 1046 421 349 1047 425 349 1048 422 349 1049 421 350 1050 426 350 1051 424 350 1052 426 351 1053 425 351 1054 424 351 1055 423 352 1056 427 352 1057 426 352 1058 422 353 1059 427 353 1060 428 353 1061 429 354 1062 423 354 1063 420 354 1064 419 355 1065 428 355 1066 429 355 1067 420 356 1068 430 356 1069 429 356 1070 429 357 1071 416 357 1072 419 357 1073 417 358 1074 431 358 1075 430 358 1076 430 359 1077 413 359 1078 416 359 1079 433 360 1080 436 360 1081 432 360 1082 434 361 1083 433 361 1084 432 361 1085 435 362 1086 434 362 1087 432 362 1088 432 363 1089 438 363 1090 435 363 1091 437 364 1092 439 364 1093 436 364 1094 436 365 1095 441 365 1096 438 365 1097 438 366 1098 442 366 1099 443 366 1100 443 367 1101 440 367 1102 437 367 1103 444 368 1104 437 368 1105 433 368 1106 435 369 1107 443 369 1108 444 369 1109 446 370 1110 444 370 1111 433 370 1112 444 371 1113 447 371 1114 435 371 1115 446 372 1116 447 372 1117 445 372 1118 452 373 1119 448 373 1120 451 373 1121 451 374 1122 450 374 1123 453 374 1124 454 375 1125 452 375 1126 451 375 1127 456 376 1128 451 376 1129 453 376 1130 454 377 1131 458 377 1132 455 377 1133 456 378 1134 457 378 1135 454 378 1136 458 379 1137 460 379 1138 461 379 1139 457 380 1140 462 380 1141 460 380 1142 460 381 1143 463 381 1144 461 381 1145 459 382 1146 463 382 1147 462 382 1148 458 383 1149 463 383 1150 464 383 1151 465 384 1152 459 384 1153 456 384 1154 455 385 1155 464 385 1156 465 385 1157 456 386 1158 466 386 1159 465 386 1160 465 387 1161 452 387 1162 455 387 1163 453 388 1164 467 388 1165 466 388 1166 466 389 1167 449 389 1168 452 389 1169 469 390 1170 472 390 1171 468 390 1172 470 391 1173 469 391 1174 468 391 1175 471 392 1176 470 392 1177 468 392 1178 468 393 1179 474 393 1180 471 393 1181 473 394 1182 475 394 1183 472 394 1184 472 395 1185 477 395 1186 474 395 1187 474 396 1188 478 396 1189 479 396 1190 479 397 1191 476 397 1192 473 397 1193 480 398 1194 473 398 1195 469 398 1196 471 399 1197 479 399 1198 480 399 1199 482 400 1200 480 400 1201 469 400 1202 480 401 1203 483 401 1204 471 401 1205 482 402 1206 483 402 1207 481 402 1208 488 403 1209 484 403 1210 487 403 1211 487 404 1212 486 404 1213 489 404 1214 490 405 1215 488 405 1216 487 405 1217 492 406 1218 487 406 1219 489 406 1220 490 407 1221 494 407 1222 491 407 1223 492 408 1224 493 408 1225 490 408 1226 493 409 1227 497 409 1228 494 409 1229 493 410 1230 498 410 1231 496 410 1232 496 411 1233 499 411 1234 497 411 1235 495 412 1236 499 412 1237 498 412 1238 494 413 1239 499 413 1240 500 413 1241 501 414 1242 495 414 1243 492 414 1244 491 415 1245 500 415 1246 501 415 1247 492 416 1248 502 416 1249 501 416 1250 501 417 1251 488 417 1252 491 417 1253 489 418 1254 503 418 1255 502 418 1256 502 419 1257 485 419 1258 488 419 1259 505 420 1260 508 420 1261 504 420 1262 506 421 1263 505 421 1264 504 421 1265 507 422 1266 506 422 1267 504 422 1268 504 423 1269 510 423 1270 507 423 1271 509 424 1272 511 424 1273 508 424 1274 508 425 1275 513 425 1276 510 425 1277 510 426 1278 514 426 1279 515 426 1280 515 427 1281 512 427 1282 509 427 1283 516 428 1284 509 428 1285 505 428 1286 507 429 1287 515 429 1288 516 429 1289 518 430 1290 516 430 1291 505 430 1292 517 431 1293 507 431 1294 516 431 1295 518 432 1296 519 432 1297 517 432 1298 524 433 1299 520 433 1300 523 433 1301 523 434 1302 522 434 1303 525 434 1304 527 435 1305 523 435 1306 526 435 1307 526 436 1308 525 436 1309 528 436 1310 526 437 1311 530 437 1312 527 437 1313 528 438 1314 529 438 1315 526 438 1316 530 439 1317 532 439 1318 533 439 1319 529 440 1320 534 440 1321 532 440 1322 532 441 1323 535 441 1324 533 441 1325 531 442 1326 535 442 1327 534 442 1328 530 443 1329 535 443 1330 536 443 1331 537 444 1332 531 444 1333 528 444 1334 527 445 1335 536 445 1336 537 445 1337 528 446 1338 538 446 1339 537 446 1340 527 447 1341 538 447 1342 524 447 1343 525 448 1344 539 448 1345 538 448 1346 538 449 1347 521 449 1348 524 449 1349 541 450 1350 544 450 1351 540 450 1352 540 451 1353 554 451 1354 541 451 1355 543 452 1356 542 452 1357 540 452 1358 540 453 1359 546 453 1360 543 453 1361 545 454 1362 547 454 1363 544 454 1364 544 455 1365 549 455 1366 546 455 1367 546 456 1368 550 456 1369 551 456 1370 551 457 1371 548 457 1372 545 457 1373 552 458 1374 545 458 1375 541 458 1376 543 459 1377 551 459 1378 552 459 1379 554 460 1380 552 460 1381 541 460 1382 553 461 1383 543 461 1384 552 461 1385 554 462 1386 555 462 1387 553 462 1388 560 463 1389 556 463 1390 559 463 1391 559 464 1392 558 464 1393 561 464 1394 562 465 1395 560 465 1396 559 465 1397 562 466 1398 561 466 1399 564 466 1400 562 467 1401 566 467 1402 563 467 1403 564 468 1404 565 468 1405 562 468 1406 565 469 1407 569 469 1408 566 469 1409 565 470 1410 570 470 1411 568 470 1412 568 471 1413 571 471 1414 569 471 1415 567 472 1416 571 472 1417 570 472 1418 566 473 1419 571 473 1420 572 473 1421 573 474 1422 567 474 1423 564 474 1424 563 475 1425 572 475 1426 573 475 1427 564 476 1428 574 476 1429 573 476 1430 563 477 1431 574 477 1432 560 477 1433 561 478 1434 575 478 1435 574 478 1436 574 479 1437 557 479 1438 560 479 1439 577 480 1440 580 480 1441 576 480 1442 578 481 1443 577 481 1444 576 481 1445 579 482 1446 578 482 1447 576 482 1448 576 483 1449 582 483 1450 579 483 1451 581 484 1452 583 484 1453 580 484 1454 580 485 1455 585 485 1456 582 485 1457 582 486 1458 586 486 1459 587 486 1460 587 487 1461 584 487 1462 581 487 1463 588 488 1464 581 488 1465 577 488 1466 579 489 1467 587 489 1468 588 489 1469 590 490 1470 588 490 1471 577 490 1472 588 491 1473 591 491 1474 579 491 1475 590 492 1476 591 492 1477 589 492 1478 596 493 1479 592 493 1480 595 493 1481 595 494 1482 594 494 1483 597 494 1484 598 495 1485 596 495 1486 595 495 1487 598 496 1488 597 496 1489 600 496 1490 598 497 1491 602 497 1492 599 497 1493 600 498 1494 601 498 1495 598 498 1496 601 499 1497 605 499 1498 602 499 1499 601 500 1500 606 500 1501 604 500 1502 604 501 1503 607 501 1504 605 501 1505 603 502 1506 607 502 1507 606 502 1508 602 503 1509 607 503 1510 608 503 1511 609 504 1512 603 504 1513 600 504 1514 599 505 1515 608 505 1516 609 505 1517 600 506 1518 610 506 1519 609 506 1520 599 507 1521 610 507 1522 596 507 1523 597 508 1524 611 508 1525 610 508 1526 610 509 1527 593 509 1528 596 509 1529 613 510 1530 616 510 1531 612 510 1532 614 511 1533 613 511 1534 612 511 1535 615 512 1536 614 512 1537 612 512 1538 612 513 1539 618 513 1540 615 513 1541 617 514 1542 619 514 1543 616 514 1544 616 515 1545 621 515 1546 618 515 1547 618 516 1548 622 516 1549 623 516 1550 623 517 1551 620 517 1552 617 517 1553 624 518 1554 617 518 1555 613 518 1556 615 519 1557 623 519 1558 624 519 1559 626 520 1560 624 520 1561 613 520 1562 625 521 1563 615 521 1564 624 521 1565 626 522 1566 627 522 1567 625 522 1568 632 523 1569 628 523 1570 631 523 1571 631 524 1572 630 524 1573 633 524 1574 635 525 1575 631 525 1576 634 525 1577 634 526 1578 633 526 1579 636 526 1580 634 527 1581 638 527 1582 635 527 1583 636 528 1584 637 528 1585 634 528 1586 637 529 1587 641 529 1588 638 529 1589 637 530 1590 642 530 1591 640 530 1592 640 531 1593 643 531 1594 641 531 1595 639 532 1596 643 532 1597 642 532 1598 638 533 1599 643 533 1600 644 533 1601 645 534 1602 639 534 1603 636 534 1604 635 535 1605 644 535 1606 645 535 1607 636 536 1608 646 536 1609 645 536 1610 635 537 1611 646 537 1612 632 537 1613 633 538 1614 647 538 1615 646 538 1616 646 539 1617 629 539 1618 632 539 1619 649 540 1620 652 540 1621 648 540 1622 648 541 1623 662 541 1624 649 541 1625 651 542 1626 650 542 1627 648 542 1628 648 543 1629 654 543 1630 651 543 1631 653 544 1632 655 544 1633 652 544 1634 652 545 1635 657 545 1636 654 545 1637 654 546 1638 658 546 1639 659 546 1640 659 547 1641 656 547 1642 653 547 1643 660 548 1644 653 548 1645 649 548 1646 651 549 1647 659 549 1648 660 549 1649 662 550 1650 660 550 1651 649 550 1652 661 551 1653 651 551 1654 660 551 1655 662 552 1656 663 552 1657 661 552 1658 668 553 1659 664 553 1660 667 553 1661 667 554 1662 666 554 1663 669 554 1664 670 555 1665 668 555 1666 667 555 1667 670 556 1668 669 556 1669 672 556 1670 670 557 1671 674 557 1672 671 557 1673 672 558 1674 673 558 1675 670 558 1676 673 559 1677 677 559 1678 674 559 1679 673 560 1680 678 560 1681 676 560 1682 676 561 1683 679 561 1684 677 561 1685 675 562 1686 679 562 1687 678 562 1688 674 563 1689 679 563 1690 680 563 1691 681 564 1692 675 564 1693 672 564 1694 671 565 1695 680 565 1696 681 565 1697 672 566 1698 682 566 1699 681 566 1700 671 567 1701 682 567 1702 668 567 1703 669 568 1704 683 568 1705 682 568 1706 682 569 1707 665 569 1708 668 569 1709 685 570 1710 688 570 1711 684 570 1712 686 571 1713 685 571 1714 684 571 1715 687 572 1716 686 572 1717 684 572 1718 684 573 1719 690 573 1720 687 573 1721 689 574 1722 691 574 1723 688 574 1724 688 575 1725 693 575 1726 690 575 1727 690 576 1728 694 576 1729 695 576 1730 695 577 1731 692 577 1732 689 577 1733 696 578 1734 689 578 1735 685 578 1736 687 579 1737 695 579 1738 696 579 1739 698 580 1740 696 580 1741 685 580 1742 697 581 1743 687 581 1744 696 581 1745 697 582 1746 686 582 1747 699 582 1748 704 583 1749 700 583 1750 703 583 1751 703 584 1752 702 584 1753 705 584 1754 706 585 1755 704 585 1756 703 585 1757 706 586 1758 705 586 1759 708 586 1760 706 587 1761 710 587 1762 707 587 1763 708 588 1764 709 588 1765 706 588 1766 709 589 1767 713 589 1768 710 589 1769 709 590 1770 714 590 1771 712 590 1772 712 591 1773 715 591 1774 713 591 1775 711 592 1776 715 592 1777 714 592 1778 710 593 1779 715 593 1780 716 593 1781 717 594 1782 711 594 1783 708 594 1784 707 595 1785 716 595 1786 717 595 1787 708 596 1788 718 596 1789 717 596 1790 717 597 1791 704 597 1792 707 597 1793 705 598 1794 719 598 1795 718 598 1796 718 599 1797 701 599 1798 704 599 1799 721 600 1800 724 600 1801 720 600 1802 722 601 1803 721 601 1804 720 601 1805 723 602 1806 722 602 1807 720 602 1808 720 603 1809 726 603 1810 723 603 1811 725 604 1812 727 604 1813 724 604 1814 724 605 1815 729 605 1816 726 605 1817 726 606 1818 730 606 1819 731 606 1820 731 607 1821 728 607 1822 725 607 1823 732 608 1824 725 608 1825 721 608 1826 723 609 1827 731 609 1828 732 609 1829 734 610 1830 732 610 1831 721 610 1832 733 611 1833 723 611 1834 732 611 1835 734 612 1836 735 612 1837 733 612 1838 740 613 1839 736 613 1840 739 613 1841 739 614 1842 738 614 1843 741 614 1844 743 615 1845 739 615 1846 742 615 1847 744 616 1848 739 616 1849 741 616 1850 742 617 1851 746 617 1852 743 617 1853 744 618 1854 745 618 1855 742 618 1856 745 619 1857 749 619 1858 746 619 1859 745 620 1860 750 620 1861 748 620 1862 748 621 1863 751 621 1864 749 621 1865 747 622 1866 751 622 1867 750 622 1868 746 623 1869 751 623 1870 752 623 1871 753 624 1872 747 624 1873 744 624 1874 743 625 1875 752 625 1876 753 625 1877 744 626 1878 754 626 1879 753 626 1880 753 627 1881 740 627 1882 743 627 1883 741 628 1884 755 628 1885 754 628 1886 754 629 1887 737 629 1888 740 629 1889 757 630 1890 760 630 1891 756 630 1892 758 631 1893 757 631 1894 756 631 1895 759 632 1896 758 632 1897 756 632 1898 756 633 1899 762 633 1900 759 633 1901 761 634 1902 763 634 1903 760 634 1904 760 635 1905 765 635 1906 762 635 1907 762 636 1908 766 636 1909 767 636 1910 767 637 1911 764 637 1912 761 637 1913 768 638 1914 761 638 1915 757 638 1916 759 639 1917 767 639 1918 768 639 1919 770 640 1920 768 640 1921 757 640 1922 769 641 1923 759 641 1924 768 641 1925 770 642 1926 771 642 1927 769 642 1928 776 643 1929 772 643 1930 775 643 1931 775 644 1932 774 644 1933 777 644 1934 778 645 1935 776 645 1936 775 645 1937 780 646 1938 775 646 1939 777 646 1940 778 647 1941 782 647 1942 779 647 1943 780 648 1944 781 648 1945 778 648 1946 781 649 1947 785 649 1948 782 649 1949 781 650 1950 786 650 1951 784 650 1952 784 651 1953 787 651 1954 785 651 1955 788 652 1956 786 652 1957 783 652 1958 782 653 1959 787 653 1960 788 653 1961 789 654 1962 783 654 1963 780 654 1964 779 655 1965 788 655 1966 789 655 1967 789 656 1968 777 656 1969 790 656 1970 779 657 1971 790 657 1972 776 657 1973 777 658 1974 791 658 1975 790 658 1976 790 659 1977 773 659 1978 776 659 1979 793 660 1980 796 660 1981 792 660 1982 792 661 1983 806 661 1984 793 661 1985 795 662 1986 794 662 1987 792 662 1988 792 663 1989 798 663 1990 795 663 1991 797 664 1992 799 664 1993 796 664 1994 796 665 1995 801 665 1996 798 665 1997 798 666 1998 802 666 1999 803 666 2000 803 667 2001 800 667 2002 797 667 2003 804 668 2004 797 668 2005 793 668 2006 795 669 2007 803 669 2008 804 669 2009 806 670 2010 804 670 2011 793 670 2012 804 671 2013 807 671 2014 795 671 2015 806 672 2016 807 672 2017 805 672 2018 812 673 2019 808 673 2020 811 673 2021 811 674 2022 810 674 2023 813 674 2024 814 675 2025 812 675 2026 811 675 2027 816 676 2028 811 676 2029 813 676 2030 814 677 2031 818 677 2032 815 677 2033 816 678 2034 817 678 2035 814 678 2036 817 679 2037 821 679 2038 818 679 2039 817 680 2040 822 680 2041 820 680 2042 820 681 2043 823 681 2044 821 681 2045 824 682 2046 822 682 2047 819 682 2048 818 683 2049 823 683 2050 824 683 2051 825 684 2052 819 684 2053 816 684 2054 815 685 2055 824 685 2056 825 685 2057 825 686 2058 813 686 2059 826 686 2060 825 687 2061 812 687 2062 815 687 2063 813 688 2064 827 688 2065 826 688 2066 826 689 2067 809 689 2068 812 689 2069 829 690 2070 832 690 2071 828 690 2072 830 691 2073 829 691 2074 828 691 2075 843 692 2076 828 692 2077 831 692 2078 828 693 2079 834 693 2080 831 693 2081 833 694 2082 835 694 2083 832 694 2084 832 695 2085 837 695 2086 834 695 2087 834 696 2088 838 696 2089 839 696 2090 839 697 2091 836 697 2092 833 697 2093 840 698 2094 833 698 2095 829 698 2096 831 699 2097 839 699 2098 840 699 2099 829 700 2100 841 700 2101 840 700 2102 840 701 2103 843 701 2104 831 701 2105 842 702 2106 843 702 2107 841 702 2108 848 703 2109 844 703 2110 847 703 2111 847 704 2112 846 704 2113 849 704 2114 851 705 2115 847 705 2116 850 705 2117 852 706 2118 847 706 2119 849 706 2120 850 707 2121 854 707 2122 851 707 2123 852 708 2124 853 708 2125 850 708 2126 853 709 2127 857 709 2128 854 709 2129 855 710 2130 856 710 2131 853 710 2132 858 711 2133 857 711 2134 856 711 2135 855 712 2136 859 712 2137 858 712 2138 860 713 2139 857 713 2140 859 713 2141 861 714 2142 855 714 2143 852 714 2144 851 715 2145 860 715 2146 861 715 2147 852 716 2148 862 716 2149 861 716 2150 851 717 2151 862 717 2152 848 717 2153 849 718 2154 863 718 2155 862 718 2156 862 719 2157 845 719 2158 848 719 2159 865 720 2160 868 720 2161 864 720 2162 866 721 2163 865 721 2164 864 721 2165 867 722 2166 866 722 2167 864 722 2168 864 723 2169 870 723 2170 867 723 2171 869 724 2172 871 724 2173 868 724 2174 868 725 2175 873 725 2176 870 725 2177 870 726 2178 874 726 2179 875 726 2180 875 727 2181 872 727 2182 869 727 2183 876 728 2184 869 728 2185 865 728 2186 867 729 2187 875 729 2188 876 729 2189 878 730 2190 876 730 2191 865 730 2192 877 731 2193 867 731 2194 876 731 2195 878 732 2196 879 732 2197 877 732 2198 884 733 2199 880 733 2200 883 733 2201 883 734 2202 882 734 2203 885 734 2204 887 735 2205 883 735 2206 886 735 2207 886 736 2208 885 736 2209 888 736 2210 886 737 2211 890 737 2212 887 737 2213 888 738 2214 889 738 2215 886 738 2216 889 739 2217 893 739 2218 890 739 2219 889 740 2220 894 740 2221 892 740 2222 894 741 2223 893 741 2224 892 741 2225 891 742 2226 895 742 2227 894 742 2228 890 743 2229 895 743 2230 896 743 2231 897 744 2232 891 744 2233 888 744 2234 887 745 2235 896 745 2236 897 745 2237 888 746 2238 898 746 2239 897 746 2240 887 747 2241 898 747 2242 884 747 2243 885 748 2244 899 748 2245 898 748 2246 898 749 2247 881 749 2248 884 749 2249 901 750 2250 904 750 2251 900 750 2252 900 751 2253 914 751 2254 901 751 2255 915 752 2256 900 752 2257 903 752 2258 900 753 2259 906 753 2260 903 753 2261 905 754 2262 907 754 2263 904 754 2264 904 755 2265 909 755 2266 906 755 2267 906 756 2268 910 756 2269 911 756 2270 911 757 2271 908 757 2272 905 757 2273 912 758 2274 905 758 2275 901 758 2276 903 759 2277 911 759 2278 912 759 2279 901 760 2280 913 760 2281 912 760 2282 913 761 2283 903 761 2284 912 761 2285 914 762 2286 915 762 2287 913 762 2288 920 763 2289 916 763 2290 919 763 2291 919 764 2292 918 764 2293 921 764 2294 923 765 2295 919 765 2296 922 765 2297 922 766 2298 921 766 2299 924 766 2300 922 767 2301 926 767 2302 923 767 2303 924 768 2304 925 768 2305 922 768 2306 925 769 2307 929 769 2308 926 769 2309 925 770 2310 930 770 2311 928 770 2312 928 771 2313 931 771 2314 929 771 2315 927 772 2316 931 772 2317 930 772 2318 926 773 2319 931 773 2320 932 773 2321 933 774 2322 927 774 2323 924 774 2324 923 775 2325 932 775 2326 933 775 2327 924 776 2328 934 776 2329 933 776 2330 923 777 2331 934 777 2332 920 777 2333 921 778 2334 935 778 2335 934 778 2336 934 779 2337 917 779 2338 920 779 2339 937 780 2340 940 780 2341 936 780 2342 936 781 2343 950 781 2344 937 781 2345 951 782 2346 936 782 2347 939 782 2348 936 783 2349 942 783 2350 939 783 2351 941 784 2352 943 784 2353 940 784 2354 940 785 2355 945 785 2356 942 785 2357 942 786 2358 946 786 2359 947 786 2360 947 787 2361 944 787 2362 941 787 2363 948 788 2364 941 788 2365 937 788 2366 939 789 2367 947 789 2368 948 789 2369 937 790 2370 949 790 2371 948 790 2372 949 791 2373 939 791 2374 948 791 2375 950 792 2376 951 792 2377 949 792 2378 956 793 2379 952 793 2380 955 793 2381 955 794 2382 954 794 2383 957 794 2384 959 795 2385 955 795 2386 958 795 2387 960 796 2388 955 796 2389 957 796 2390 958 797 2391 962 797 2392 959 797 2393 960 798 2394 961 798 2395 958 798 2396 961 799 2397 965 799 2398 962 799 2399 963 800 2400 964 800 2401 961 800 2402 964 801 2403 967 801 2404 965 801 2405 963 802 2406 967 802 2407 966 802 2408 968 803 2409 965 803 2410 967 803 2411 969 804 2412 963 804 2413 960 804 2414 959 805 2415 968 805 2416 969 805 2417 960 806 2418 970 806 2419 969 806 2420 959 807 2421 970 807 2422 956 807 2423 957 808 2424 971 808 2425 970 808 2426 970 809 2427 953 809 2428 956 809 2429 973 810 2430 976 810 2431 972 810 2432 972 811 2433 986 811 2434 973 811 2435 987 812 2436 972 812 2437 975 812 2438 972 813 2439 978 813 2440 975 813 2441 977 814 2442 979 814 2443 976 814 2444 976 815 2445 981 815 2446 978 815 2447 978 816 2448 982 816 2449 983 816 2450 983 817 2451 980 817 2452 977 817 2453 984 818 2454 977 818 2455 973 818 2456 975 819 2457 983 819 2458 984 819 2459 973 820 2460 985 820 2461 984 820 2462 984 821 2463 987 821 2464 975 821 2465 986 822 2466 987 822 2467 985 822 2468 992 823 2469 988 823 2470 991 823 2471 991 824 2472 990 824 2473 993 824 2474 994 825 2475 992 825 2476 991 825 2477 996 826 2478 991 826 2479 993 826 2480 994 827 2481 998 827 2482 995 827 2483 996 828 2484 997 828 2485 994 828 2486 997 829 2487 1001 829 2488 998 829 2489 999 830 2490 1000 830 2491 997 830 2492 1000 831 2493 1003 831 2494 1001 831 2495 999 832 2496 1003 832 2497 1002 832 2498 1004 833 2499 1001 833 2500 1003 833 2501 1005 834 2502 999 834 2503 996 834 2504 995 835 2505 1004 835 2506 1005 835 2507 996 836 2508 1006 836 2509 1005 836 2510 1005 837 2511 992 837 2512 995 837 2513 993 838 2514 1007 838 2515 1006 838 2516 1006 839 2517 989 839 2518 992 839 2519 1009 840 2520 1012 840 2521 1008 840 2522 1008 841 2523 1022 841 2524 1009 841 2525 1023 842 2526 1008 842 2527 1011 842 2528 1008 843 2529 1014 843 2530 1011 843 2531 1013 844 2532 1015 844 2533 1012 844 2534 1012 845 2535 1017 845 2536 1014 845 2537 1014 846 2538 1018 846 2539 1019 846 2540 1019 847 2541 1016 847 2542 1013 847 2543 1020 848 2544 1013 848 2545 1009 848 2546 1011 849 2547 1019 849 2548 1020 849 2549 1009 850 2550 1021 850 2551 1020 850 2552 1021 851 2553 1011 851 2554 1020 851 2555 1022 852 2556 1023 852 2557 1021 852 2558 1028 853 2559 1024 853 2560 1027 853 2561 1027 854 2562 1026 854 2563 1029 854 2564 1030 855 2565 1028 855 2566 1027 855 2567 1032 856 2568 1027 856 2569 1029 856 2570 1030 857 2571 1034 857 2572 1031 857 2573 1032 858 2574 1033 858 2575 1030 858 2576 1033 859 2577 1037 859 2578 1034 859 2579 1033 860 2580 1038 860 2581 1036 860 2582 1036 861 2583 1039 861 2584 1037 861 2585 1035 862 2586 1039 862 2587 1038 862 2588 1034 863 2589 1039 863 2590 1040 863 2591 1041 864 2592 1035 864 2593 1032 864 2594 1031 865 2595 1040 865 2596 1041 865 2597 1041 866 2598 1029 866 2599 1042 866 2600 1041 867 2601 1028 867 2602 1031 867 2603 1029 868 2604 1043 868 2605 1042 868 2606 1042 869 2607 1025 869 2608 1028 869 2609 1045 870 2610 1048 870 2611 1044 870 2612 1044 871 2613 1058 871 2614 1045 871 2615 1059 872 2616 1044 872 2617 1047 872 2618 1044 873 2619 1050 873 2620 1047 873 2621 1049 874 2622 1051 874 2623 1048 874 2624 1048 875 2625 1053 875 2626 1050 875 2627 1050 876 2628 1054 876 2629 1055 876 2630 1055 877 2631 1052 877 2632 1049 877 2633 1056 878 2634 1049 878 2635 1045 878 2636 1047 879 2637 1055 879 2638 1056 879 2639 1045 880 2640 1057 880 2641 1056 880 2642 1056 881 2643 1059 881 2644 1047 881 2645 1058 882 2646 1059 882 2647 1057 882 2648 1064 883 2649 1060 883 2650 1063 883 2651 1063 884 2652 1062 884 2653 1065 884 2654 1067 885 2655 1063 885 2656 1066 885 2657 1068 886 2658 1063 886 2659 1065 886 2660 1066 887 2661 1070 887 2662 1067 887 2663 1068 888 2664 1069 888 2665 1066 888 2666 1069 889 2667 1073 889 2668 1070 889 2669 1071 890 2670 1072 890 2671 1069 890 2672 1072 891 2673 1075 891 2674 1073 891 2675 1071 892 2676 1075 892 2677 1074 892 2678 1076 893 2679 1073 893 2680 1075 893 2681 1077 894 2682 1071 894 2683 1068 894 2684 1067 895 2685 1076 895 2686 1077 895 2687 1077 896 2688 1065 896 2689 1078 896 2690 1067 897 2691 1078 897 2692 1064 897 2693 1065 898 2694 1079 898 2695 1078 898 2696 1078 899 2697 1061 899 2698 1064 899 2699 1081 900 2700 1084 900 2701 1080 900 2702 1080 901 2703 1094 901 2704 1081 901 2705 1095 902 2706 1080 902 2707 1083 902 2708 1080 903 2709 1086 903 2710 1083 903 2711 1085 904 2712 1087 904 2713 1084 904 2714 1084 905 2715 1089 905 2716 1086 905 2717 1086 906 2718 1090 906 2719 1091 906 2720 1091 907 2721 1088 907 2722 1085 907 2723 1092 908 2724 1085 908 2725 1081 908 2726 1083 909 2727 1091 909 2728 1092 909 2729 1081 910 2730 1093 910 2731 1092 910 2732 1092 911 2733 1095 911 2734 1083 911 2735 1094 912 2736 1095 912 2737 1093 912 2738 1100 913 2739 1096 913 2740 1099 913 2741 1099 914 2742 1098 914 2743 1101 914 2744 1102 915 2745 1100 915 2746 1099 915 2747 1102 916 2748 1101 916 2749 1104 916 2750 1102 917 2751 1106 917 2752 1103 917 2753 1104 918 2754 1105 918 2755 1102 918 2756 1105 919 2757 1109 919 2758 1106 919 2759 1107 920 2760 1108 920 2761 1105 920 2762 1108 921 2763 1111 921 2764 1109 921 2765 1107 922 2766 1111 922 2767 1110 922 2768 1112 923 2769 1109 923 2770 1111 923 2771 1113 924 2772 1107 924 2773 1104 924 2774 1103 925 2775 1112 925 2776 1113 925 2777 1104 926 2778 1114 926 2779 1113 926 2780 1103 927 2781 1114 927 2782 1100 927 2783 1101 928 2784 1115 928 2785 1114 928 2786 1114 929 2787 1097 929 2788 1100 929 2789 1117 930 2790 1120 930 2791 1116 930 2792 1116 931 2793 1130 931 2794 1117 931 2795 1131 932 2796 1116 932 2797 1119 932 2798 1116 933 2799 1122 933 2800 1119 933 2801 1121 934 2802 1123 934 2803 1120 934 2804 1120 935 2805 1125 935 2806 1122 935 2807 1122 936 2808 1126 936 2809 1127 936 2810 1127 937 2811 1124 937 2812 1121 937 2813 1128 938 2814 1121 938 2815 1117 938 2816 1119 939 2817 1127 939 2818 1128 939 2819 1117 940 2820 1129 940 2821 1128 940 2822 1129 941 2823 1119 941 2824 1128 941 2825 1130 942 2826 1131 942 2827 1129 942 2828 1136 943 2829 1132 943 2830 1135 943 2831 1135 944 2832 1134 944 2833 1137 944 2834 1139 945 2835 1135 945 2836 1138 945 2837 1138 946 2838 1137 946 2839 1140 946 2840 1138 947 2841 1142 947 2842 1139 947 2843 1140 948 2844 1141 948 2845 1138 948 2846 1141 949 2847 1145 949 2848 1142 949 2849 1143 950 2850 1144 950 2851 1141 950 2852 1144 951 2853 1147 951 2854 1145 951 2855 1143 952 2856 1147 952 2857 1146 952 2858 1148 953 2859 1145 953 2860 1147 953 2861 1149 954 2862 1143 954 2863 1140 954 2864 1139 955 2865 1148 955 2866 1149 955 2867 1140 956 2868 1150 956 2869 1149 956 2870 1139 957 2871 1150 957 2872 1136 957 2873 1137 958 2874 1151 958 2875 1150 958 2876 1150 959 2877 1133 959 2878 1136 959 2879 1153 960 2880 1156 960 2881 1152 960 2882 1152 961 2883 1166 961 2884 1153 961 2885 1167 962 2886 1152 962 2887 1155 962 2888 1152 963 2889 1158 963 2890 1155 963 2891 1157 964 2892 1159 964 2893 1156 964 2894 1156 965 2895 1161 965 2896 1158 965 2897 1158 966 2898 1162 966 2899 1163 966 2900 1163 967 2901 1160 967 2902 1157 967 2903 1164 968 2904 1157 968 2905 1153 968 2906 1155 969 2907 1163 969 2908 1164 969 2909 1153 970 2910 1165 970 2911 1164 970 2912 1165 971 2913 1155 971 2914 1164 971 2915 1166 972 2916 1167 972 2917 1165 972 2918 1172 973 2919 1168 973 2920 1171 973 2921 1171 974 2922 1170 974 2923 1173 974 2924 1174 975 2925 1172 975 2926 1171 975 2927 1176 976 2928 1171 976 2929 1173 976 2930 1174 977 2931 1178 977 2932 1175 977 2933 1176 978 2934 1177 978 2935 1174 978 2936 1177 979 2937 1181 979 2938 1178 979 2939 1179 980 2940 1180 980 2941 1177 980 2942 1180 981 2943 1183 981 2944 1181 981 2945 1179 982 2946 1183 982 2947 1182 982 2948 1184 983 2949 1181 983 2950 1183 983 2951 1185 984 2952 1179 984 2953 1176 984 2954 1175 985 2955 1184 985 2956 1185 985 2957 1176 986 2958 1186 986 2959 1185 986 2960 1175 987 2961 1186 987 2962 1172 987 2963 1173 988 2964 1187 988 2965 1186 988 2966 1186 989 2967 1169 989 2968 1172 989 2969 1189 990 2970 1192 990 2971 1188 990 2972 1190 991 2973 1189 991 2974 1188 991 2975 1203 992 2976 1188 992 2977 1191 992 2978 1188 993 2979 1194 993 2980 1191 993 2981 1193 994 2982 1195 994 2983 1192 994 2984 1192 995 2985 1197 995 2986 1194 995 2987 1194 996 2988 1198 996 2989 1199 996 2990 1199 997 2991 1196 997 2992 1193 997 2993 1200 998 2994 1193 998 2995 1189 998 2996 1191 999 2997 1199 999 2998 1200 999 2999 1189 1000 3000 1201 1000 3001 1200 1000 3002 1201 1001 3003 1191 1001 3004 1200 1001 3005 1202 1002 3006 1203 1002 3007 1201 1002 3008 1208 1003 3009 1204 1003 3010 1207 1003 3011 1207 1004 3012 1206 1004 3013 1209 1004 3014 1210 1005 3015 1208 1005 3016 1207 1005 3017 1212 1006 3018 1207 1006 3019 1209 1006 3020 1210 1007 3021 1214 1007 3022 1211 1007 3023 1212 1008 3024 1213 1008 3025 1210 1008 3026 1213 1009 3027 1217 1009 3028 1214 1009 3029 1215 1010 3030 1216 1010 3031 1213 1010 3032 1216 1011 3033 1219 1011 3034 1217 1011 3035 1215 1012 3036 1219 1012 3037 1218 1012 3038 1220 1013 3039 1217 1013 3040 1219 1013 3041 1221 1014 3042 1215 1014 3043 1212 1014 3044 1211 1015 3045 1220 1015 3046 1221 1015 3047 1212 1016 3048 1222 1016 3049 1221 1016 3050 1221 1017 3051 1208 1017 3052 1211 1017 3053 1209 1018 3054 1223 1018 3055 1222 1018 3056 1222 1019 3057 1205 1019 3058 1208 1019 3059 1225 1020 3060 1228 1020 3061 1224 1020 3062 1224 1021 3063 1238 1021 3064 1225 1021 3065 1239 1022 3066 1224 1022 3067 1227 1022 3068 1224 1023 3069 1230 1023 3070 1227 1023 3071 1229 1024 3072 1231 1024 3073 1228 1024 3074 1228 1025 3075 1233 1025 3076 1230 1025 3077 1230 1026 3078 1234 1026 3079 1235 1026 3080 1235 1027 3081 1232 1027 3082 1229 1027 3083 1236 1028 3084 1229 1028 3085 1225 1028 3086 1227 1029 3087 1235 1029 3088 1236 1029 3089 1225 1030 3090 1237 1030 3091 1236 1030 3092 1237 1031 3093 1227 1031 3094 1236 1031 3095 1238 1032 3096 1239 1032 3097 1237 1032 3098 1244 1033 3099 1240 1033 3100 1243 1033 3101 1243 1034 3102 1242 1034 3103 1245 1034 3104 1247 1035 3105 1243 1035 3106 1246 1035 3107 1248 1036 3108 1243 1036 3109 1245 1036 3110 1246 1037 3111 1250 1037 3112 1247 1037 3113 1248 1038 3114 1249 1038 3115 1246 1038 3116 1249 1039 3117 1253 1039 3118 1250 1039 3119 1251 1040 3120 1252 1040 3121 1249 1040 3122 1252 1041 3123 1255 1041 3124 1253 1041 3125 1251 1042 3126 1255 1042 3127 1254 1042 3128 1256 1043 3129 1253 1043 3130 1255 1043 3131 1257 1044 3132 1251 1044 3133 1248 1044 3134 1247 1045 3135 1256 1045 3136 1257 1045 3137 1248 1046 3138 1258 1046 3139 1257 1046 3140 1247 1047 3141 1258 1047 3142 1244 1047 3143 1245 1048 3144 1259 1048 3145 1258 1048 3146 1258 1049 3147 1241 1049 3148 1244 1049 3149 1261 1050 3150 1264 1050 3151 1260 1050 3152 1260 1051 3153 1274 1051 3154 1261 1051 3155 1275 1052 3156 1260 1052 3157 1263 1052 3158 1260 1053 3159 1266 1053 3160 1263 1053 3161 1265 1054 3162 1267 1054 3163 1264 1054 3164 1264 1055 3165 1269 1055 3166 1266 1055 3167 1266 1056 3168 1270 1056 3169 1271 1056 3170 1271 1057 3171 1268 1057 3172 1265 1057 3173 1272 1058 3174 1265 1058 3175 1261 1058 3176 1263 1059 3177 1271 1059 3178 1272 1059 3179 1261 1060 3180 1273 1060 3181 1272 1060 3182 1273 1061 3183 1263 1061 3184 1272 1061 3185 1274 1062 3186 1275 1062 3187 1273 1062 3188 1280 1063 3189 1276 1063 3190 1279 1063 3191 1279 1064 3192 1278 1064 3193 1281 1064 3194 1283 1065 3195 1279 1065 3196 1282 1065 3197 1284 1066 3198 1279 1066 3199 1281 1066 3200 1282 1067 3201 1286 1067 3202 1283 1067 3203 1284 1068 3204 1285 1068 3205 1282 1068 3206 1285 1069 3207 1289 1069 3208 1286 1069 3209 1287 1070 3210 1288 1070 3211 1285 1070 3212 1288 1071 3213 1291 1071 3214 1289 1071 3215 1287 1072 3216 1291 1072 3217 1290 1072 3218 1292 1073 3219 1289 1073 3220 1291 1073 3221 1293 1074 3222 1287 1074 3223 1284 1074 3224 1283 1075 3225 1292 1075 3226 1293 1075 3227 1284 1076 3228 1294 1076 3229 1293 1076 3230 1283 1077 3231 1294 1077 3232 1280 1077 3233 1281 1078 3234 1295 1078 3235 1294 1078 3236 1294 1079 3237 1277 1079 3238 1280 1079 3239 1297 1080 3240 1300 1080 3241 1296 1080 3242 1296 1081 3243 1310 1081 3244 1297 1081 3245 1311 1082 3246 1296 1082 3247 1299 1082 3248 1296 1083 3249 1302 1083 3250 1299 1083 3251 1301 1084 3252 1303 1084 3253 1300 1084 3254 1300 1085 3255 1305 1085 3256 1302 1085 3257 1302 1086 3258 1306 1086 3259 1307 1086 3260 1307 1087 3261 1304 1087 3262 1301 1087 3263 1308 1088 3264 1301 1088 3265 1297 1088 3266 1299 1089 3267 1307 1089 3268 1308 1089 3269 1297 1090 3270 1309 1090 3271 1308 1090 3272 1308 1091 3273 1311 1091 3274 1299 1091 3275 1310 1092 3276 1311 1092 3277 1309 1092 3278 1316 1093 3279 1312 1093 3280 1315 1093 3281 1315 1094 3282 1314 1094 3283 1317 1094 3284 1318 1095 3285 1316 1095 3286 1315 1095 3287 1318 1096 3288 1317 1096 3289 1320 1096 3290 1318 1097 3291 1322 1097 3292 1319 1097 3293 1320 1098 3294 1321 1098 3295 1318 1098 3296 1321 1099 3297 1325 1099 3298 1322 1099 3299 1323 1100 3300 1324 1100 3301 1321 1100 3302 1326 1101 3303 1325 1101 3304 1324 1101 3305 1323 1102 3306 1327 1102 3307 1326 1102 3308 1328 1103 3309 1325 1103 3310 1327 1103 3311 1329 1104 3312 1323 1104 3313 1320 1104 3314 1319 1105 3315 1328 1105 3316 1329 1105 3317 1329 1106 3318 1317 1106 3319 1330 1106 3320 1319 1107 3321 1330 1107 3322 1316 1107 3323 1317 1108 3324 1331 1108 3325 1330 1108 3326 1330 1109 3327 1313 1109 3328 1316 1109 3329 1333 1110 3330 1336 1110 3331 1332 1110 3332 1332 1111 3333 1346 1111 3334 1333 1111 3335 1347 1112 3336 1332 1112 3337 1335 1112 3338 1332 1113 3339 1338 1113 3340 1335 1113 3341 1337 1114 3342 1339 1114 3343 1336 1114 3344 1336 1115 3345 1341 1115 3346 1338 1115 3347 1338 1116 3348 1342 1116 3349 1343 1116 3350 1343 1117 3351 1340 1117 3352 1337 1117 3353 1344 1118 3354 1337 1118 3355 1333 1118 3356 1335 1119 3357 1343 1119 3358 1344 1119 3359 1333 1120 3360 1345 1120 3361 1344 1120 3362 1345 1121 3363 1335 1121 3364 1344 1121 3365 1346 1122 3366 1347 1122 3367 1345 1122 3368 1352 1123 3369 1348 1123 3370 1351 1123 3371 1351 1124 3372 1350 1124 3373 1353 1124 3374 1355 1125 3375 1351 1125 3376 1354 1125 3377 1356 1126 3378 1351 1126 3379 1353 1126 3380 1354 1127 3381 1358 1127 3382 1355 1127 3383 1356 1128 3384 1357 1128 3385 1354 1128 3386 1357 1129 3387 1361 1129 3388 1358 1129 3389 1357 1130 3390 1362 1130 3391 1360 1130 3392 1360 1131 3393 1363 1131 3394 1361 1131 3395 1359 1132 3396 1363 1132 3397 1362 1132 3398 1358 1133 3399 1363 1133 3400 1364 1133 3401 1365 1134 3402 1359 1134 3403 1356 1134 3404 1355 1135 3405 1364 1135 3406 1365 1135 3407 1356 1136 3408 1366 1136 3409 1365 1136 3410 1355 1137 3411 1366 1137 3412 1352 1137 3413 1353 1138 3414 1367 1138 3415 1366 1138 3416 1366 1139 3417 1349 1139 3418 1352 1139 3419 1369 1140 3420 1372 1140 3421 1368 1140 3422 1368 1141 3423 1382 1141 3424 1369 1141 3425 1383 1142 3426 1368 1142 3427 1371 1142 3428 1368 1143 3429 1374 1143 3430 1371 1143 3431 1373 1144 3432 1375 1144 3433 1372 1144 3434 1372 1145 3435 1377 1145 3436 1374 1145 3437 1374 1146 3438 1378 1146 3439 1379 1146 3440 1379 1147 3441 1376 1147 3442 1373 1147 3443 1380 1148 3444 1373 1148 3445 1369 1148 3446 1371 1149 3447 1379 1149 3448 1380 1149 3449 1369 1150 3450 1381 1150 3451 1380 1150 3452 1381 1151 3453 1371 1151 3454 1380 1151 3455 1382 1152 3456 1383 1152 3457 1381 1152 3458 1388 1153 3459 1384 1153 3460 1387 1153 3461 1387 1154 3462 1386 1154 3463 1389 1154 3464 1391 1155 3465 1387 1155 3466 1390 1155 3467 1390 1156 3468 1389 1156 3469 1392 1156 3470 1390 1157 3471 1394 1157 3472 1391 1157 3473 1392 1158 3474 1393 1158 3475 1390 1158 3476 1393 1159 3477 1397 1159 3478 1394 1159 3479 1395 1160 3480 1396 1160 3481 1393 1160 3482 1396 1161 3483 1399 1161 3484 1397 1161 3485 1395 1162 3486 1399 1162 3487 1398 1162 3488 1400 1163 3489 1397 1163 3490 1399 1163 3491 1401 1164 3492 1395 1164 3493 1392 1164 3494 1391 1165 3495 1400 1165 3496 1401 1165 3497 1392 1166 3498 1402 1166 3499 1401 1166 3500 1391 1167 3501 1402 1167 3502 1388 1167 3503 1389 1168 3504 1403 1168 3505 1402 1168 3506 1402 1169 3507 1385 1169 3508 1388 1169 3509 1405 1170 3510 1408 1170 3511 1404 1170 3512 1404 1171 3513 1418 1171 3514 1405 1171 3515 1419 1172 3516 1404 1172 3517 1407 1172 3518 1404 1173 3519 1410 1173 3520 1407 1173 3521 1409 1174 3522 1411 1174 3523 1408 1174 3524 1408 1175 3525 1413 1175 3526 1410 1175 3527 1410 1176 3528 1414 1176 3529 1415 1176 3530 1415 1177 3531 1412 1177 3532 1409 1177 3533 1416 1178 3534 1409 1178 3535 1405 1178 3536 1407 1179 3537 1415 1179 3538 1416 1179 3539 1405 1180 3540 1417 1180 3541 1416 1180 3542 1417 1181 3543 1407 1181 3544 1416 1181 3545 1418 1182 3546 1419 1182 3547 1417 1182 3548 1424 1183 3549 1420 1183 3550 1423 1183 3551 1423 1184 3552 1422 1184 3553 1425 1184 3554 1427 1185 3555 1423 1185 3556 1426 1185 3557 1428 1186 3558 1423 1186 3559 1425 1186 3560 1426 1187 3561 1430 1187 3562 1427 1187 3563 1428 1188 3564 1429 1188 3565 1426 1188 3566 1429 1189 3567 1433 1189 3568 1430 1189 3569 1431 1190 3570 1432 1190 3571 1429 1190 3572 1432 1191 3573 1435 1191 3574 1433 1191 3575 1431 1192 3576 1435 1192 3577 1434 1192 3578 1436 1193 3579 1433 1193 3580 1435 1193 3581 1437 1194 3582 1431 1194 3583 1428 1194 3584 1427 1195 3585 1436 1195 3586 1437 1195 3587 1428 1196 3588 1438 1196 3589 1437 1196 3590 1437 1197 3591 1424 1197 3592 1427 1197 3593 1425 1198 3594 1439 1198 3595 1438 1198 3596 1438 1199 3597 1421 1199 3598 1424 1199 3599 1441 1200 3600 1444 1200 3601 1440 1200 3602 1442 1201 3603 1441 1201 3604 1440 1201 3605 1455 1202 3606 1440 1202 3607 1443 1202 3608 1440 1203 3609 1446 1203 3610 1443 1203 3611 1445 1204 3612 1447 1204 3613 1444 1204 3614 1444 1205 3615 1449 1205 3616 1446 1205 3617 1446 1206 3618 1450 1206 3619 1451 1206 3620 1451 1207 3621 1448 1207 3622 1445 1207 3623 1452 1208 3624 1445 1208 3625 1441 1208 3626 1443 1209 3627 1451 1209 3628 1452 1209 3629 1441 1210 3630 1453 1210 3631 1452 1210 3632 1453 1211 3633 1443 1211 3634 1452 1211 3635 1454 1212 3636 1455 1212 3637 1453 1212 3638 1460 1213 3639 1456 1213 3640 1459 1213 3641 1459 1214 3642 1458 1214 3643 1461 1214 3644 1463 1215 3645 1459 1215 3646 1462 1215 3647 1464 1216 3648 1459 1216 3649 1461 1216 3650 1462 1217 3651 1466 1217 3652 1463 1217 3653 1464 1218 3654 1465 1218 3655 1462 1218 3656 1465 1219 3657 1469 1219 3658 1466 1219 3659 1467 1220 3660 1468 1220 3661 1465 1220 3662 1468 1221 3663 1471 1221 3664 1469 1221 3665 1467 1222 3666 1471 1222 3667 1470 1222 3668 1472 1223 3669 1469 1223 3670 1471 1223 3671 1473 1224 3672 1467 1224 3673 1464 1224 3674 1463 1225 3675 1472 1225 3676 1473 1225 3677 1464 1226 3678 1474 1226 3679 1473 1226 3680 1473 1227 3681 1460 1227 3682 1463 1227 3683 1461 1228 3684 1475 1228 3685 1474 1228 3686 1474 1229 3687 1457 1229 3688 1460 1229 3689 1477 1230 3690 1480 1230 3691 1476 1230 3692 1478 1231 3693 1477 1231 3694 1476 1231 3695 1491 1232 3696 1476 1232 3697 1479 1232 3698 1476 1233 3699 1482 1233 3700 1479 1233 3701 1481 1234 3702 1483 1234 3703 1480 1234 3704 1480 1235 3705 1485 1235 3706 1482 1235 3707 1482 1236 3708 1486 1236 3709 1487 1236 3710 1487 1237 3711 1484 1237 3712 1481 1237 3713 1488 1238 3714 1481 1238 3715 1477 1238 3716 1479 1239 3717 1487 1239 3718 1488 1239 3719 1477 1240 3720 1489 1240 3721 1488 1240 3722 1489 1241 3723 1479 1241 3724 1488 1241 3725 1490 1242 3726 1491 1242 3727 1489 1242 3728 1496 1243 3729 1492 1243 3730 1495 1243 3731 1495 1244 3732 1494 1244 3733 1497 1244 3734 1499 1245 3735 1495 1245 3736 1498 1245 3737 1500 1246 3738 1495 1246 3739 1497 1246 3740 1498 1247 3741 1502 1247 3742 1499 1247 3743 1500 1248 3744 1501 1248 3745 1498 1248 3746 1501 1249 3747 1505 1249 3748 1502 1249 3749 1503 1250 3750 1504 1250 3751 1501 1250 3752 1504 1251 3753 1507 1251 3754 1505 1251 3755 1503 1252 3756 1507 1252 3757 1506 1252 3758 1508 1253 3759 1505 1253 3760 1507 1253 3761 1509 1254 3762 1503 1254 3763 1500 1254 3764 1499 1255 3765 1508 1255 3766 1509 1255 3767 1500 1256 3768 1510 1256 3769 1509 1256 3770 1509 1257 3771 1496 1257 3772 1499 1257 3773 1497 1258 3774 1511 1258 3775 1510 1258 3776 1510 1259 3777 1493 1259 3778 1496 1259 3779 1513 1260 3780 1516 1260 3781 1512 1260 3782 1514 1261 3783 1513 1261 3784 1512 1261 3785 1527 1262 3786 1512 1262 3787 1515 1262 3788 1512 1263 3789 1518 1263 3790 1515 1263 3791 1517 1264 3792 1519 1264 3793 1516 1264 3794 1516 1265 3795 1521 1265 3796 1518 1265 3797 1518 1266 3798 1522 1266 3799 1523 1266 3800 1523 1267 3801 1520 1267 3802 1517 1267 3803 1524 1268 3804 1517 1268 3805 1513 1268 3806 1515 1269 3807 1523 1269 3808 1524 1269 3809 1513 1270 3810 1525 1270 3811 1524 1270 3812 1524 1271 3813 1527 1271 3814 1515 1271 3815 1526 1272 3816 1527 1272 3817 1525 1272 3818 1532 1273 3819 1528 1273 3820 1531 1273 3821 1531 1274 3822 1530 1274 3823 1533 1274 3824 1535 1275 3825 1531 1275 3826 1534 1275 3827 1536 1276 3828 1531 1276 3829 1533 1276 3830 1534 1277 3831 1538 1277 3832 1535 1277 3833 1536 1278 3834 1537 1278 3835 1534 1278 3836 1537 1279 3837 1541 1279 3838 1538 1279 3839 1539 1280 3840 1540 1280 3841 1537 1280 3842 1540 1281 3843 1543 1281 3844 1541 1281 3845 1539 1282 3846 1543 1282 3847 1542 1282 3848 1544 1283 3849 1541 1283 3850 1543 1283 3851 1545 1284 3852 1539 1284 3853 1536 1284 3854 1535 1285 3855 1544 1285 3856 1545 1285 3857 1536 1286 3858 1546 1286 3859 1545 1286 3860 1545 1287 3861 1532 1287 3862 1535 1287 3863 1533 1288 3864 1547 1288 3865 1546 1288 3866 1546 1289 3867 1529 1289 3868 1532 1289 3869 1549 1290 3870 1552 1290 3871 1548 1290 3872 1548 1291 3873 1562 1291 3874 1549 1291 3875 1563 1292 3876 1548 1292 3877 1551 1292 3878 1548 1293 3879 1554 1293 3880 1551 1293 3881 1553 1294 3882 1555 1294 3883 1552 1294 3884 1552 1295 3885 1557 1295 3886 1554 1295 3887 1554 1296 3888 1558 1296 3889 1559 1296 3890 1559 1297 3891 1556 1297 3892 1553 1297 3893 1560 1298 3894 1553 1298 3895 1549 1298 3896 1551 1299 3897 1559 1299 3898 1560 1299 3899 1549 1300 3900 1561 1300 3901 1560 1300 3902 1560 1301 3903 1563 1301 3904 1551 1301 3905 1562 1302 3906 1563 1302 3907 1561 1302 3908 1568 1303 3909 1564 1303 3910 1567 1303 3911 1567 1304 3912 1566 1304 3913 1569 1304 3914 1571 1305 3915 1567 1305 3916 1570 1305 3917 1572 1306 3918 1567 1306 3919 1569 1306 3920 1570 1307 3921 1574 1307 3922 1571 1307 3923 1572 1308 3924 1573 1308 3925 1570 1308 3926 1573 1309 3927 1577 1309 3928 1574 1309 3929 1575 1310 3930 1576 1310 3931 1573 1310 3932 1578 1311 3933 1577 1311 3934 1576 1311 3935 1580 1312 3936 1578 1312 3937 1575 1312 3938 1580 1313 3939 1577 1313 3940 1579 1313 3941 1581 1314 3942 1575 1314 3943 1572 1314 3944 1571 1315 3945 1580 1315 3946 1581 1315 3947 1581 1316 3948 1569 1316 3949 1582 1316 3950 1581 1317 3951 1568 1317 3952 1571 1317 3953 1569 1318 3954 1583 1318 3955 1582 1318 3956 1582 1319 3957 1565 1319 3958 1568 1319 3959 1585 1320 3960 1588 1320 3961 1584 1320 3962 1586 1321 3963 1585 1321 3964 1584 1321 3965 1599 1322 3966 1584 1322 3967 1587 1322 3968 1584 1323 3969 1590 1323 3970 1587 1323 3971 1589 1324 3972 1591 1324 3973 1588 1324 3974 1588 1325 3975 1593 1325 3976 1590 1325 3977 1590 1326 3978 1594 1326 3979 1595 1326 3980 1595 1327 3981 1592 1327 3982 1589 1327 3983 1596 1328 3984 1589 1328 3985 1585 1328 3986 1587 1329 3987 1595 1329 3988 1596 1329 3989 1585 1330 3990 1597 1330 3991 1596 1330 3992 1596 1331 3993 1599 1331 3994 1587 1331 3995 1598 1332 3996 1599 1332 3997 1597 1332 3998 1604 1333 3999 1600 1333 4000 1603 1333 4001 1603 1334 4002 1602 1334 4003 1605 1334 4004 1607 1335 4005 1603 1335 4006 1606 1335 4007 1608 1336 4008 1603 1336 4009 1605 1336 4010 1606 1337 4011 1610 1337 4012 1607 1337 4013 1608 1338 4014 1609 1338 4015 1606 1338 4016 1609 1339 4017 1613 1339 4018 1610 1339 4019 1611 1340 4020 1612 1340 4021 1609 1340 4022 1612 1341 4023 1615 1341 4024 1613 1341 4025 1611 1342 4026 1615 1342 4027 1614 1342 4028 1616 1343 4029 1613 1343 4030 1615 1343 4031 1617 1344 4032 1611 1344 4033 1608 1344 4034 1607 1345 4035 1616 1345 4036 1617 1345 4037 1617 1346 4038 1605 1346 4039 1618 1346 4040 1617 1347 4041 1604 1347 4042 1607 1347 4043 1605 1348 4044 1619 1348 4045 1618 1348 4046 1618 1349 4047 1601 1349 4048 1604 1349 4049 1621 1350 4050 1624 1350 4051 1620 1350 4052 1620 1351 4053 1634 1351 4054 1621 1351 4055 1635 1352 4056 1620 1352 4057 1623 1352 4058 1620 1353 4059 1626 1353 4060 1623 1353 4061 1625 1354 4062 1627 1354 4063 1624 1354 4064 1624 1355 4065 1629 1355 4066 1626 1355 4067 1626 1356 4068 1630 1356 4069 1631 1356 4070 1631 1357 4071 1628 1357 4072 1625 1357 4073 1632 1358 4074 1625 1358 4075 1621 1358 4076 1623 1359 4077 1631 1359 4078 1632 1359 4079 1621 1360 4080 1633 1360 4081 1632 1360 4082 1632 1361 4083 1635 1361 4084 1623 1361 4085 1634 1362 4086 1635 1362 4087 1633 1362 4088 1640 1363 4089 1636 1363 4090 1639 1363 4091 1639 1364 4092 1638 1364 4093 1641 1364 4094 1643 1365 4095 1639 1365 4096 1642 1365 4097 1644 1366 4098 1639 1366 4099 1641 1366 4100 1642 1367 4101 1646 1367 4102 1643 1367 4103 1644 1368 4104 1645 1368 4105 1642 1368 4106 1645 1369 4107 1649 1369 4108 1646 1369 4109 1647 1370 4110 1648 1370 4111 1645 1370 4112 1650 1371 4113 1649 1371 4114 1648 1371 4115 1652 1372 4116 1650 1372 4117 1647 1372 4118 1652 1373 4119 1649 1373 4120 1651 1373 4121 1653 1374 4122 1647 1374 4123 1644 1374 4124 1643 1375 4125 1652 1375 4126 1653 1375 4127 1653 1376 4128 1641 1376 4129 1654 1376 4130 1653 1377 4131 1640 1377 4132 1643 1377 4133 1641 1378 4134 1655 1378 4135 1654 1378 4136 1654 1379 4137 1637 1379 4138 1640 1379 4139 1657 1380 4140 1660 1380 4141 1656 1380 4142 1658 1381 4143 1657 1381 4144 1656 1381 4145 1659 1382 4146 1658 1382 4147 1656 1382 4148 1656 1383 4149 1662 1383 4150 1659 1383 4151 1661 1384 4152 1663 1384 4153 1660 1384 4154 1660 1385 4155 1665 1385 4156 1662 1385 4157 1662 1386 4158 1666 1386 4159 1667 1386 4160 1667 1387 4161 1664 1387 4162 1661 1387 4163 1668 1388 4164 1661 1388 4165 1657 1388 4166 1659 1389 4167 1667 1389 4168 1668 1389 4169 1670 1390 4170 1668 1390 4171 1657 1390 4172 1669 1391 4173 1659 1391 4174 1668 1391 4175 1670 1392 4176 1671 1392 4177 1669 1392 4178 1676 1393 4179 1672 1393 4180 1675 1393 4181 1675 1394 4182 1674 1394 4183 1677 1394 4184 1679 1395 4185 1675 1395 4186 1678 1395 4187 1678 1396 4188 1677 1396 4189 1680 1396 4190 1678 1397 4191 1682 1397 4192 1679 1397 4193 1680 1398 4194 1681 1398 4195 1678 1398 4196 1681 1399 4197 1685 1399 4198 1682 1399 4199 1683 1400 4200 1684 1400 4201 1681 1400 4202 1684 1401 4203 1687 1401 4204 1685 1401 4205 1688 1402 4206 1686 1402 4207 1683 1402 4208 1688 1403 4209 1685 1403 4210 1687 1403 4211 1689 1404 4212 1683 1404 4213 1680 1404 4214 1679 1405 4215 1688 1405 4216 1689 1405 4217 1680 1406 4218 1690 1406 4219 1689 1406 4220 1679 1407 4221 1690 1407 4222 1676 1407 4223 1677 1408 4224 1691 1408 4225 1690 1408 4226 1690 1409 4227 1673 1409 4228 1676 1409 4229 1693 1410 4230 1696 1410 4231 1692 1410 4232 1692 1411 4233 1706 1411 4234 1693 1411 4235 1695 1412 4236 1694 1412 4237 1692 1412 4238 1692 1413 4239 1698 1413 4240 1695 1413 4241 1697 1414 4242 1699 1414 4243 1696 1414 4244 1696 1415 4245 1701 1415 4246 1698 1415 4247 1698 1416 4248 1702 1416 4249 1703 1416 4250 1703 1417 4251 1700 1417 4252 1697 1417 4253 1704 1418 4254 1697 1418 4255 1693 1418 4256 1695 1419 4257 1703 1419 4258 1704 1419 4259 1706 1420 4260 1704 1420 4261 1693 1420 4262 1705 1421 4263 1695 1421 4264 1704 1421 4265 1706 1422 4266 1707 1422 4267 1705 1422 4268 1712 1423 4269 1708 1423 4270 1711 1423 4271 1711 1424 4272 1710 1424 4273 1713 1424 4274 1714 1425 4275 1712 1425 4276 1711 1425 4277 1714 1426 4278 1713 1426 4279 1716 1426 4280 1714 1427 4281 1718 1427 4282 1715 1427 4283 1716 1428 4284 1717 1428 4285 1714 1428 4286 1718 1429 4287 1720 1429 4288 1721 1429 4289 1719 1430 4290 1720 1430 4291 1717 1430 4292 1720 1431 4293 1723 1431 4294 1721 1431 4295 1724 1432 4296 1722 1432 4297 1719 1432 4298 1724 1433 4299 1721 1433 4300 1723 1433 4301 1725 1434 4302 1719 1434 4303 1716 1434 4304 1715 1435 4305 1724 1435 4306 1725 1435 4307 1725 1436 4308 1713 1436 4309 1726 1436 4310 1715 1437 4311 1726 1437 4312 1712 1437 4313 1713 1438 4314 1727 1438 4315 1726 1438 4316 1726 1439 4317 1709 1439 4318 1712 1439 4319 1729 1440 4320 1732 1440 4321 1728 1440 4322 1730 1441 4323 1729 1441 4324 1728 1441 4325 1731 1442 4326 1730 1442 4327 1728 1442 4328 1728 1443 4329 1734 1443 4330 1731 1443 4331 1733 1444 4332 1735 1444 4333 1732 1444 4334 1732 1445 4335 1737 1445 4336 1734 1445 4337 1734 1446 4338 1738 1446 4339 1739 1446 4340 1739 1447 4341 1736 1447 4342 1733 1447 4343 1740 1448 4344 1733 1448 4345 1729 1448 4346 1731 1449 4347 1739 1449 4348 1740 1449 4349 1742 1450 4350 1740 1450 4351 1729 1450 4352 1740 1451 4353 1743 1451 4354 1731 1451 4355 1742 1452 4356 1743 1452 4357 1741 1452 4358 1748 1453 4359 1744 1453 4360 1747 1453 4361 1747 1454 4362 1746 1454 4363 1749 1454 4364 1751 1455 4365 1747 1455 4366 1750 1455 4367 1750 1456 4368 1749 1456 4369 1752 1456 4370 1750 1457 4371 1754 1457 4372 1751 1457 4373 1752 1458 4374 1753 1458 4375 1750 1458 4376 1753 1459 4377 1757 1459 4378 1754 1459 4379 1753 1460 4380 1758 1460 4381 1756 1460 4382 1758 1461 4383 1757 1461 4384 1756 1461 4385 1760 1462 4386 1758 1462 4387 1755 1462 4388 1754 1463 4389 1759 1463 4390 1760 1463 4391 1761 1464 4392 1755 1464 4393 1752 1464 4394 1751 1465 4395 1760 1465 4396 1761 1465 4397 1752 1466 4398 1762 1466 4399 1761 1466 4400 1751 1467 4401 1762 1467 4402 1748 1467 4403 1749 1468 4404 1763 1468 4405 1762 1468 4406 1762 1469 4407 1745 1469 4408 1748 1469 4409 1765 1470 4410 1768 1470 4411 1764 1470 4412 1766 1471 4413 1765 1471 4414 1764 1471 4415 1767 1472 4416 1766 1472 4417 1764 1472 4418 1764 1473 4419 1770 1473 4420 1767 1473 4421 1769 1474 4422 1771 1474 4423 1768 1474 4424 1768 1475 4425 1773 1475 4426 1770 1475 4427 1770 1476 4428 1774 1476 4429 1775 1476 4430 1775 1477 4431 1772 1477 4432 1769 1477 4433 1776 1478 4434 1769 1478 4435 1765 1478 4436 1767 1479 4437 1775 1479 4438 1776 1479 4439 1778 1480 4440 1776 1480 4441 1765 1480 4442 1777 1481 4443 1767 1481 4444 1776 1481 4445 1778 1482 4446 1779 1482 4447 1777 1482 4448 1784 1483 4449 1780 1483 4450 1783 1483 4451 1783 1484 4452 1782 1484 4453 1785 1484 4454 1787 1485 4455 1783 1485 4456 1786 1485 4457 1786 1486 4458 1785 1486 4459 1788 1486 4460 1786 1487 4461 1790 1487 4462 1787 1487 4463 1788 1488 4464 1789 1488 4465 1786 1488 4466 1790 1489 4467 1792 1489 4468 1793 1489 4469 1789 1490 4470 1794 1490 4471 1792 1490 4472 1792 1491 4473 1795 1491 4474 1793 1491 4475 1796 1492 4476 1794 1492 4477 1791 1492 4478 1790 1493 4479 1795 1493 4480 1796 1493 4481 1797 1494 4482 1791 1494 4483 1788 1494 4484 1787 1495 4485 1796 1495 4486 1797 1495 4487 1788 1496 4488 1798 1496 4489 1797 1496 4490 1787 1497 4491 1798 1497 4492 1784 1497 4493 1785 1498 4494 1799 1498 4495 1798 1498 4496 1798 1499 4497 1781 1499 4498 1784 1499 4499 1801 1500 4500 1804 1500 4501 1800 1500 4502 1802 1501 4503 1801 1501 4504 1800 1501 4505 1803 1502 4506 1802 1502 4507 1800 1502 4508 1800 1503 4509 1806 1503 4510 1803 1503 4511 1805 1504 4512 1807 1504 4513 1804 1504 4514 1804 1505 4515 1809 1505 4516 1806 1505 4517 1806 1506 4518 1810 1506 4519 1811 1506 4520 1811 1507 4521 1808 1507 4522 1805 1507 4523 1812 1508 4524 1805 1508 4525 1801 1508 4526 1803 1509 4527 1811 1509 4528 1812 1509 4529 1814 1510 4530 1812 1510 4531 1801 1510 4532 1813 1511 4533 1803 1511 4534 1812 1511 4535 1813 1512 4536 1802 1512 4537 1815 1512 4538 1820 1513 4539 1816 1513 4540 1819 1513 4541 1819 1514 4542 1818 1514 4543 1821 1514 4544 1822 1515 4545 1820 1515 4546 1819 1515 4547 1822 1516 4548 1821 1516 4549 1824 1516 4550 1822 1517 4551 1826 1517 4552 1823 1517 4553 1824 1518 4554 1825 1518 4555 1822 1518 4556 1825 1519 4557 1829 1519 4558 1826 1519 4559 1825 1520 4560 1830 1520 4561 1828 1520 4562 1830 1521 4563 1829 1521 4564 1828 1521 4565 1832 1522 4566 1830 1522 4567 1827 1522 4568 1826 1523 4569 1831 1523 4570 1832 1523 4571 1833 1524 4572 1827 1524 4573 1824 1524 4574 1823 1525 4575 1832 1525 4576 1833 1525 4577 1824 1526 4578 1834 1526 4579 1833 1526 4580 1823 1527 4581 1834 1527 4582 1820 1527 4583 1821 1528 4584 1835 1528 4585 1834 1528 4586 1834 1529 4587 1817 1529 4588 1820 1529 4589 1837 1530 4590 1840 1530 4591 1836 1530 4592 1836 1531 4593 1850 1531 4594 1837 1531 4595 1839 1532 4596 1838 1532 4597 1836 1532 4598 1836 1533 4599 1842 1533 4600 1839 1533 4601 1841 1534 4602 1843 1534 4603 1840 1534 4604 1840 1535 4605 1845 1535 4606 1842 1535 4607 1842 1536 4608 1846 1536 4609 1847 1536 4610 1847 1537 4611 1844 1537 4612 1841 1537 4613 1848 1538 4614 1841 1538 4615 1837 1538 4616 1839 1539 4617 1847 1539 4618 1848 1539 4619 1850 1540 4620 1848 1540 4621 1837 1540 4622 1849 1541 4623 1839 1541 4624 1848 1541 4625 1850 1542 4626 1851 1542 4627 1849 1542 4628 1856 1543 4629 1852 1543 4630 1855 1543 4631 1855 1544 4632 1854 1544 4633 1857 1544 4634 1859 1545 4635 1855 1545 4636 1858 1545 4637 1858 1546 4638 1857 1546 4639 1860 1546 4640 1858 1547 4641 1862 1547 4642 1859 1547 4643 1860 1548 4644 1861 1548 4645 1858 1548 4646 1862 1549 4647 1864 1549 4648 1865 1549 4649 1861 1550 4650 1866 1550 4651 1864 1550 4652 1866 1551 4653 1865 1551 4654 1864 1551 4655 1868 1552 4656 1866 1552 4657 1863 1552 4658 1862 1553 4659 1867 1553 4660 1868 1553 4661 1869 1554 4662 1863 1554 4663 1860 1554 4664 1859 1555 4665 1868 1555 4666 1869 1555 4667 1869 1556 4668 1857 1556 4669 1870 1556 4670 1859 1557 4671 1870 1557 4672 1856 1557 4673 1857 1558 4674 1871 1558 4675 1870 1558 4676 1870 1559 4677 1853 1559 4678 1856 1559 4679 1873 1560 4680 1876 1560 4681 1872 1560 4682 1872 1561 4683 1886 1561 4684 1873 1561 4685 1875 1562 4686 1874 1562 4687 1872 1562 4688 1872 1563 4689 1878 1563 4690 1875 1563 4691 1877 1564 4692 1879 1564 4693 1876 1564 4694 1876 1565 4695 1881 1565 4696 1878 1565 4697 1878 1566 4698 1882 1566 4699 1883 1566 4700 1883 1567 4701 1880 1567 4702 1877 1567 4703 1884 1568 4704 1877 1568 4705 1873 1568 4706 1875 1569 4707 1883 1569 4708 1884 1569 4709 1886 1570 4710 1884 1570 4711 1873 1570 4712 1884 1571 4713 1887 1571 4714 1875 1571 4715 1886 1572 4716 1887 1572 4717 1885 1572 4718 1892 1573 4719 1888 1573 4720 1891 1573 4721 1891 1574 4722 1890 1574 4723 1893 1574 4724 1895 1575 4725 1891 1575 4726 1894 1575 4727 1894 1576 4728 1893 1576 4729 1896 1576 4730 1894 1577 4731 1898 1577 4732 1895 1577 4733 1896 1578 4734 1897 1578 4735 1894 1578 4736 1898 1579 4737 1900 1579 4738 1901 1579 4739 1897 1580 4740 1902 1580 4741 1900 1580 4742 1902 1581 4743 1901 1581 4744 1900 1581 4745 1904 1582 4746 1902 1582 4747 1899 1582 4748 1898 1583 4749 1903 1583 4750 1904 1583 4751 1905 1584 4752 1899 1584 4753 1896 1584 4754 1895 1585 4755 1904 1585 4756 1905 1585 4757 1896 1586 4758 1906 1586 4759 1905 1586 4760 1895 1587 4761 1906 1587 4762 1892 1587 4763 1893 1588 4764 1907 1588 4765 1906 1588 4766 1906 1589 4767 1889 1589 4768 1892 1589 4769 1909 1590 4770 1912 1590 4771 1908 1590 4772 1908 1591 4773 1922 1591 4774 1909 1591 4775 1911 1592 4776 1910 1592 4777 1908 1592 4778 1908 1593 4779 1914 1593 4780 1911 1593 4781 1913 1594 4782 1915 1594 4783 1912 1594 4784 1912 1595 4785 1917 1595 4786 1914 1595 4787 1914 1596 4788 1918 1596 4789 1919 1596 4790 1919 1597 4791 1916 1597 4792 1913 1597 4793 1920 1598 4794 1913 1598 4795 1909 1598 4796 1911 1599 4797 1919 1599 4798 1920 1599 4799 1922 1600 4800 1920 1600 4801 1909 1600 4802 1920 1601 4803 1923 1601 4804 1911 1601 4805 1922 1602 4806 1923 1602 4807 1921 1602 4808 1928 1603 4809 1924 1603 4810 1927 1603 4811 1927 1604 4812 1926 1604 4813 1929 1604 4814 1930 1605 4815 1928 1605 4816 1927 1605 4817 1930 1606 4818 1929 1606 4819 1932 1606 4820 1930 1607 4821 1934 1607 4822 1931 1607 4823 1932 1608 4824 1933 1608 4825 1930 1608 4826 1933 1609 4827 1937 1609 4828 1934 1609 4829 1933 1610 4830 1938 1610 4831 1936 1610 4832 1938 1611 4833 1937 1611 4834 1936 1611 4835 1940 1612 4836 1938 1612 4837 1935 1612 4838 1934 1613 4839 1939 1613 4840 1940 1613 4841 1941 1614 4842 1935 1614 4843 1932 1614 4844 1931 1615 4845 1940 1615 4846 1941 1615 4847 1932 1616 4848 1942 1616 4849 1941 1616 4850 1931 1617 4851 1942 1617 4852 1928 1617 4853 1929 1618 4854 1943 1618 4855 1942 1618 4856 1942 1619 4857 1925 1619 4858 1928 1619 4859 1945 1620 4860 1948 1620 4861 1944 1620 4862 1944 1621 4863 1958 1621 4864 1945 1621 4865 1947 1622 4866 1946 1622 4867 1944 1622 4868 1944 1623 4869 1950 1623 4870 1947 1623 4871 1949 1624 4872 1951 1624 4873 1948 1624 4874 1948 1625 4875 1953 1625 4876 1950 1625 4877 1950 1626 4878 1954 1626 4879 1955 1626 4880 1955 1627 4881 1952 1627 4882 1949 1627 4883 1956 1628 4884 1949 1628 4885 1945 1628 4886 1947 1629 4887 1955 1629 4888 1956 1629 4889 1958 1630 4890 1956 1630 4891 1945 1630 4892 1957 1631 4893 1947 1631 4894 1956 1631 4895 1958 1632 4896 1959 1632 4897 1957 1632 4898 1964 1633 4899 1960 1633 4900 1963 1633 4901 1963 1634 4902 1962 1634 4903 1965 1634 4904 1967 1635 4905 1963 1635 4906 1966 1635 4907 1966 1636 4908 1965 1636 4909 1968 1636 4910 1966 1637 4911 1970 1637 4912 1967 1637 4913 1968 1638 4914 1969 1638 4915 1966 1638 4916 1969 1639 4917 1973 1639 4918 1970 1639 4919 1969 1640 4920 1974 1640 4921 1972 1640 4922 1974 1641 4923 1973 1641 4924 1972 1641 4925 1976 1642 4926 1974 1642 4927 1971 1642 4928 1970 1643 4929 1975 1643 4930 1976 1643 4931 1977 1644 4932 1971 1644 4933 1968 1644 4934 1967 1645 4935 1976 1645 4936 1977 1645 4937 1968 1646 4938 1978 1646 4939 1977 1646 4940 1967 1647 4941 1978 1647 4942 1964 1647 4943 1965 1648 4944 1979 1648 4945 1978 1648 4946 1978 1649 4947 1961 1649 4948 1964 1649 4949 1981 1650 4950 1984 1650 4951 1980 1650 4952 1980 1651 4953 1994 1651 4954 1981 1651 4955 1983 1652 4956 1982 1652 4957 1980 1652 4958 1980 1653 4959 1986 1653 4960 1983 1653 4961 1985 1654 4962 1987 1654 4963 1984 1654 4964 1984 1655 4965 1989 1655 4966 1986 1655 4967 1986 1656 4968 1990 1656 4969 1991 1656 4970 1991 1657 4971 1988 1657 4972 1985 1657 4973 1992 1658 4974 1985 1658 4975 1981 1658 4976 1983 1659 4977 1991 1659 4978 1992 1659 4979 1994 1660 4980 1992 1660 4981 1981 1660 4982 1993 1661 4983 1983 1661 4984 1992 1661 4985 1994 1662 4986 1995 1662 4987 1993 1662 4988 2000 1663 4989 1996 1663 4990 1999 1663 4991 1999 1664 4992 1998 1664 4993 2001 1664 4994 2003 1665 4995 1999 1665 4996 2002 1665 4997 2002 1666 4998 2001 1666 4999 2004 1666 5000 2002 1667 5001 2006 1667 5002 2003 1667 5003 2004 1668 5004 2005 1668 5005 2002 1668 5006 2006 1669 5007 2008 1669 5008 2009 1669 5009 2005 1670 5010 2010 1670 5011 2008 1670 5012 2010 1671 5013 2009 1671 5014 2008 1671 5015 2012 1672 5016 2010 1672 5017 2007 1672 5018 2006 1673 5019 2011 1673 5020 2012 1673 5021 2013 1674 5022 2007 1674 5023 2004 1674 5024 2003 1675 5025 2012 1675 5026 2013 1675 5027 2004 1676 5028 2014 1676 5029 2013 1676 5030 2003 1677 5031 2014 1677 5032 2000 1677 5033 2001 1678 5034 2015 1678 5035 2014 1678 5036 2014 1679 5037 1997 1679 5038 2000 1679 5039 2017 1680 5040 2020 1680 5041 2016 1680 5042 2018 1681 5043 2017 1681 5044 2016 1681 5045 2019 1682 5046 2018 1682 5047 2016 1682 5048 2016 1683 5049 2022 1683 5050 2019 1683 5051 2021 1684 5052 2023 1684 5053 2020 1684 5054 2020 1685 5055 2025 1685 5056 2022 1685 5057 2022 1686 5058 2026 1686 5059 2027 1686 5060 2027 1687 5061 2024 1687 5062 2021 1687 5063 2028 1688 5064 2021 1688 5065 2017 1688 5066 2019 1689 5067 2027 1689 5068 2028 1689 5069 2030 1690 5070 2028 1690 5071 2017 1690 5072 2028 1691 5073 2031 1691 5074 2019 1691 5075 2029 1692 5076 2018 1692 5077 2031 1692 5078 2036 1693 5079 2032 1693 5080 2035 1693 5081 2035 1694 5082 2034 1694 5083 2037 1694 5084 2038 1695 5085 2036 1695 5086 2035 1695 5087 2040 1696 5088 2035 1696 5089 2037 1696 5090 2038 1697 5091 2042 1697 5092 2039 1697 5093 2040 1698 5094 2041 1698 5095 2038 1698 5096 2041 1699 5097 2045 1699 5098 2042 1699 5099 2041 1700 5100 2046 1700 5101 2044 1700 5102 2046 1701 5103 2045 1701 5104 2044 1701 5105 2048 1702 5106 2046 1702 5107 2043 1702 5108 2042 1703 5109 2047 1703 5110 2048 1703 5111 2049 1704 5112 2043 1704 5113 2040 1704 5114 2039 1705 5115 2048 1705 5116 2049 1705 5117 2040 1706 5118 2050 1706 5119 2049 1706 5120 2049 1707 5121 2036 1707 5122 2039 1707 5123 2037 1708 5124 2051 1708 5125 2050 1708 5126 2050 1709 5127 2033 1709 5128 2036 1709 5129 2053 1710 5130 2056 1710 5131 2052 1710 5132 2052 1711 5133 2066 1711 5134 2053 1711 5135 2055 1712 5136 2054 1712 5137 2052 1712 5138 2052 1713 5139 2058 1713 5140 2055 1713 5141 2057 1714 5142 2059 1714 5143 2056 1714 5144 2056 1715 5145 2061 1715 5146 2058 1715 5147 2058 1716 5148 2062 1716 5149 2063 1716 5150 2063 1717 5151 2060 1717 5152 2057 1717 5153 2064 1718 5154 2057 1718 5155 2053 1718 5156 2055 1719 5157 2063 1719 5158 2064 1719 5159 2066 1720 5160 2064 1720 5161 2053 1720 5162 2065 1721 5163 2055 1721 5164 2064 1721 5165 2066 1722 5166 2067 1722 5167 2065 1722 5168 2072 1723 5169 2068 1723 5170 2071 1723 5171 2071 1724 5172 2070 1724 5173 2073 1724 5174 2075 1725 5175 2071 1725 5176 2074 1725 5177 2076 1726 5178 2071 1726 5179 2073 1726 5180 2074 1727 5181 2078 1727 5182 2075 1727 5183 2076 1728 5184 2077 1728 5185 2074 1728 5186 2078 1729 5187 2080 1729 5188 2081 1729 5189 2077 1730 5190 2082 1730 5191 2080 1730 5192 2080 1731 5193 2083 1731 5194 2081 1731 5195 2079 1732 5196 2083 1732 5197 2082 1732 5198 2078 1733 5199 2083 1733 5200 2084 1733 5201 2085 1734 5202 2079 1734 5203 2076 1734 5204 2075 1735 5205 2084 1735 5206 2085 1735 5207 2076 1736 5208 2086 1736 5209 2085 1736 5210 2085 1737 5211 2072 1737 5212 2075 1737 5213 2073 1738 5214 2087 1738 5215 2086 1738 5216 2086 1739 5217 2069 1739 5218 2072 1739 5219 2089 1740 5220 2092 1740 5221 2088 1740 5222 2090 1741 5223 2089 1741 5224 2088 1741 5225 2091 1742 5226 2090 1742 5227 2088 1742 5228 2088 1743 5229 2094 1743 5230 2091 1743 5231 2093 1744 5232 2095 1744 5233 2092 1744 5234 2092 1745 5235 2097 1745 5236 2094 1745 5237 2094 1746 5238 2098 1746 5239 2099 1746 5240 2099 1747 5241 2096 1747 5242 2093 1747 5243 2100 1748 5244 2093 1748 5245 2089 1748 5246 2091 1749 5247 2099 1749 5248 2100 1749 5249 2102 1750 5250 2100 1750 5251 2089 1750 5252 2101 1751 5253 2091 1751 5254 2100 1751 5255 2101 1752 5256 2090 1752 5257 2103 1752 5258 2108 1753 5259 2104 1753 5260 2107 1753 5261 2107 1754 5262 2106 1754 5263 2109 1754 5264 2110 1755 5265 2108 1755 5266 2107 1755 5267 2112 1756 5268 2107 1756 5269 2109 1756 5270 2110 1757 5271 2114 1757 5272 2111 1757 5273 2112 1758 5274 2113 1758 5275 2110 1758 5276 2113 1759 5277 2117 1759 5278 2114 1759 5279 2113 1760 5280 2118 1760 5281 2116 1760 5282 2118 1761 5283 2117 1761 5284 2116 1761 5285 2120 1762 5286 2118 1762 5287 2115 1762 5288 2114 1763 5289 2119 1763 5290 2120 1763 5291 2121 1764 5292 2115 1764 5293 2112 1764 5294 2111 1765 5295 2120 1765 5296 2121 1765 5297 2121 1766 5298 2109 1766 5299 2122 1766 5300 2121 1767 5301 2108 1767 5302 2111 1767 5303 2109 1768 5304 2123 1768 5305 2122 1768 5306 2122 1769 5307 2105 1769 5308 2108 1769 5309 2125 1770 5310 2128 1770 5311 2124 1770 5312 2124 1771 5313 2138 1771 5314 2125 1771 5315 2127 1772 5316 2126 1772 5317 2124 1772 5318 2124 1773 5319 2130 1773 5320 2127 1773 5321 2129 1774 5322 2131 1774 5323 2128 1774 5324 2128 1775 5325 2133 1775 5326 2130 1775 5327 2130 1776 5328 2134 1776 5329 2135 1776 5330 2135 1777 5331 2132 1777 5332 2129 1777 5333 2136 1778 5334 2129 1778 5335 2125 1778 5336 2127 1779 5337 2135 1779 5338 2136 1779 5339 2138 1780 5340 2136 1780 5341 2125 1780 5342 2137 1781 5343 2127 1781 5344 2136 1781 5345 2138 1782 5346 2139 1782 5347 2137 1782 5348 2144 1783 5349 2140 1783 5350 2143 1783 5351 2143 1784 5352 2142 1784 5353 2145 1784 5354 2147 1785 5355 2143 1785 5356 2146 1785 5357 2146 1786 5358 2145 1786 5359 2148 1786 5360 2146 1787 5361 2150 1787 5362 2147 1787 5363 2148 1788 5364 2149 1788 5365 2146 1788 5366 2149 1789 5367 2153 1789 5368 2150 1789 5369 2149 1790 5370 2154 1790 5371 2152 1790 5372 2152 1791 5373 2155 1791 5374 2153 1791 5375 2151 1792 5376 2155 1792 5377 2154 1792 5378 2150 1793 5379 2155 1793 5380 2156 1793 5381 2157 1794 5382 2151 1794 5383 2148 1794 5384 2147 1795 5385 2156 1795 5386 2157 1795 5387 2148 1796 5388 2158 1796 5389 2157 1796 5390 2147 1797 5391 2158 1797 5392 2144 1797 5393 2145 1798 5394 2159 1798 5395 2158 1798 5396 2158 1799 5397 2141 1799 5398 2144 1799 5399 2161 1800 5400 2164 1800 5401 2160 1800 5402 2160 1801 5403 2174 1801 5404 2161 1801 5405 2163 1802 5406 2162 1802 5407 2160 1802 5408 2160 1803 5409 2166 1803 5410 2163 1803 5411 2165 1804 5412 2167 1804 5413 2164 1804 5414 2164 1805 5415 2169 1805 5416 2166 1805 5417 2166 1806 5418 2170 1806 5419 2171 1806 5420 2171 1807 5421 2168 1807 5422 2165 1807 5423 2172 1808 5424 2165 1808 5425 2161 1808 5426 2163 1809 5427 2171 1809 5428 2172 1809 5429 2174 1810 5430 2172 1810 5431 2161 1810 5432 2173 1811 5433 2163 1811 5434 2172 1811 5435 2174 1812 5436 2175 1812 5437 2173 1812 5438 2180 1813 5439 2176 1813 5440 2179 1813 5441 2179 1814 5442 2178 1814 5443 2181 1814 5444 2183 1815 5445 2179 1815 5446 2182 1815 5447 2182 1816 5448 2181 1816 5449 2184 1816 5450 2182 1817 5451 2186 1817 5452 2183 1817 5453 2184 1818 5454 2185 1818 5455 2182 1818 5456 2186 1819 5457 2188 1819 5458 2189 1819 5459 2185 1820 5460 2190 1820 5461 2188 1820 5462 2188 1821 5463 2191 1821 5464 2189 1821 5465 2187 1822 5466 2191 1822 5467 2190 1822 5468 2186 1823 5469 2191 1823 5470 2192 1823 5471 2193 1824 5472 2187 1824 5473 2184 1824 5474 2183 1825 5475 2192 1825 5476 2193 1825 5477 2184 1826 5478 2194 1826 5479 2193 1826 5480 2183 1827 5481 2194 1827 5482 2180 1827 5483 2181 1828 5484 2195 1828 5485 2194 1828 5486 2194 1829 5487 2177 1829 5488 2180 1829 5489 2197 1830 5490 2200 1830 5491 2196 1830 5492 2198 1831 5493 2197 1831 5494 2196 1831 5495 2199 1832 5496 2198 1832 5497 2196 1832 5498 2196 1833 5499 2202 1833 5500 2199 1833 5501 2201 1834 5502 2203 1834 5503 2200 1834 5504 2200 1835 5505 2205 1835 5506 2202 1835 5507 2202 1836 5508 2206 1836 5509 2207 1836 5510 2207 1837 5511 2204 1837 5512 2201 1837 5513 2208 1838 5514 2201 1838 5515 2197 1838 5516 2199 1839 5517 2207 1839 5518 2208 1839 5519 2210 1840 5520 2208 1840 5521 2197 1840 5522 2208 1841 5523 2211 1841 5524 2199 1841 5525 2209 1842 5526 2198 1842 5527 2211 1842 5528 2216 1843 5529 2212 1843 5530 2215 1843 5531 2215 1844 5532 2214 1844 5533 2217 1844 5534 2219 1845 5535 2215 1845 5536 2218 1845 5537 2218 1846 5538 2217 1846 5539 2220 1846 5540 2218 1847 5541 2222 1847 5542 2219 1847 5543 2220 1848 5544 2221 1848 5545 2218 1848 5546 2222 1849 5547 2224 1849 5548 2225 1849 5549 2221 1850 5550 2226 1850 5551 2224 1850 5552 2224 1851 5553 2227 1851 5554 2225 1851 5555 2223 1852 5556 2227 1852 5557 2226 1852 5558 2222 1853 5559 2227 1853 5560 2228 1853 5561 2229 1854 5562 2223 1854 5563 2220 1854 5564 2219 1855 5565 2228 1855 5566 2229 1855 5567 2229 1856 5568 2217 1856 5569 2230 1856 5570 2219 1857 5571 2230 1857 5572 2216 1857 5573 2217 1858 5574 2231 1858 5575 2230 1858 5576 2230 1859 5577 2213 1859 5578 2216 1859 5579 2233 1860 5580 2236 1860 5581 2232 1860 5582 2234 1861 5583 2233 1861 5584 2232 1861 5585 2247 1862 5586 2232 1862 5587 2235 1862 5588 2232 1863 5589 2238 1863 5590 2235 1863 5591 2237 1864 5592 2239 1864 5593 2236 1864 5594 2236 1865 5595 2241 1865 5596 2238 1865 5597 2238 1866 5598 2242 1866 5599 2243 1866 5600 2243 1867 5601 2240 1867 5602 2237 1867 5603 2244 1868 5604 2237 1868 5605 2233 1868 5606 2235 1869 5607 2243 1869 5608 2244 1869 5609 2233 1870 5610 2245 1870 5611 2244 1870 5612 2244 1871 5613 2247 1871 5614 2235 1871 5615 2246 1872 5616 2247 1872 5617 2245 1872 5618 2252 1873 5619 2248 1873 5620 2251 1873 5621 2251 1874 5622 2250 1874 5623 2253 1874 5624 2255 1875 5625 2251 1875 5626 2254 1875 5627 2254 1876 5628 2253 1876 5629 2256 1876 5630 2254 1877 5631 2258 1877 5632 2255 1877 5633 2256 1878 5634 2257 1878 5635 2254 1878 5636 2258 1879 5637 2260 1879 5638 2261 1879 5639 2259 1880 5640 2260 1880 5641 2257 1880 5642 2260 1881 5643 2263 1881 5644 2261 1881 5645 2259 1882 5646 2263 1882 5647 2262 1882 5648 2264 1883 5649 2261 1883 5650 2263 1883 5651 2265 1884 5652 2259 1884 5653 2256 1884 5654 2255 1885 5655 2264 1885 5656 2265 1885 5657 2256 1886 5658 2266 1886 5659 2265 1886 5660 2255 1887 5661 2266 1887 5662 2252 1887 5663 2253 1888 5664 2267 1888 5665 2266 1888 5666 2266 1889 5667 2249 1889 5668 2252 1889 5669 2269 1890 5670 2272 1890 5671 2268 1890 5672 2270 1891 5673 2269 1891 5674 2268 1891 5675 2283 1892 5676 2268 1892 5677 2271 1892 5678 2268 1893 5679 2274 1893 5680 2271 1893 5681 2273 1894 5682 2275 1894 5683 2272 1894 5684 2272 1895 5685 2277 1895 5686 2274 1895 5687 2274 1896 5688 2278 1896 5689 2279 1896 5690 2279 1897 5691 2276 1897 5692 2273 1897 5693 2280 1898 5694 2273 1898 5695 2269 1898 5696 2271 1899 5697 2279 1899 5698 2280 1899 5699 2269 1900 5700 2281 1900 5701 2280 1900 5702 2280 1901 5703 2283 1901 5704 2271 1901 5705 2282 1902 5706 2283 1902 5707 2281 1902 5708 2288 1903 5709 2284 1903 5710 2287 1903 5711 2287 1904 5712 2286 1904 5713 2289 1904 5714 2291 1905 5715 2287 1905 5716 2290 1905 5717 2290 1906 5718 2289 1906 5719 2292 1906 5720 2290 1907 5721 2294 1907 5722 2291 1907 5723 2292 1908 5724 2293 1908 5725 2290 1908 5726 2293 1909 5727 2297 1909 5728 2294 1909 5729 2295 1910 5730 2296 1910 5731 2293 1910 5732 2298 1911 5733 2297 1911 5734 2296 1911 5735 2300 1912 5736 2298 1912 5737 2295 1912 5738 2300 1913 5739 2297 1913 5740 2299 1913 5741 2301 1914 5742 2295 1914 5743 2292 1914 5744 2291 1915 5745 2300 1915 5746 2301 1915 5747 2292 1916 5748 2302 1916 5749 2301 1916 5750 2291 1917 5751 2302 1917 5752 2288 1917 5753 2289 1918 5754 2303 1918 5755 2302 1918 5756 2302 1919 5757 2285 1919 5758 2288 1919 5759 2305 1920 5760 2308 1920 5761 2304 1920 5762 2306 1921 5763 2305 1921 5764 2304 1921 5765 2319 1922 5766 2304 1922 5767 2307 1922 5768 2304 1923 5769 2310 1923 5770 2307 1923 5771 2309 1924 5772 2311 1924 5773 2308 1924 5774 2308 1925 5775 2313 1925 5776 2310 1925 5777 2310 1926 5778 2314 1926 5779 2315 1926 5780 2315 1927 5781 2312 1927 5782 2309 1927 5783 2316 1928 5784 2309 1928 5785 2305 1928 5786 2307 1929 5787 2315 1929 5788 2316 1929 5789 2305 1930 5790 2317 1930 5791 2316 1930 5792 2317 1931 5793 2307 1931 5794 2316 1931 5795 2317 1932 5796 2306 1932 5797 2319 1932 5798 2324 1933 5799 2320 1933 5800 2323 1933 5801 2323 1934 5802 2322 1934 5803 2325 1934 5804 2327 1935 5805 2323 1935 5806 2326 1935 5807 2326 1936 5808 2325 1936 5809 2328 1936 5810 2326 1937 5811 2330 1937 5812 2327 1937 5813 2328 1938 5814 2329 1938 5815 2326 1938 5816 2330 1939 5817 2332 1939 5818 2333 1939 5819 2331 1940 5820 2332 1940 5821 2329 1940 5822 2332 1941 5823 2335 1941 5824 2333 1941 5825 2331 1942 5826 2335 1942 5827 2334 1942 5828 2336 1943 5829 2333 1943 5830 2335 1943 5831 2337 1944 5832 2331 1944 5833 2328 1944 5834 2327 1945 5835 2336 1945 5836 2337 1945 5837 2328 1946 5838 2338 1946 5839 2337 1946 5840 2327 1947 5841 2338 1947 5842 2324 1947 5843 2325 1948 5844 2339 1948 5845 2338 1948 5846 2338 1949 5847 2321 1949 5848 2324 1949 5849 2341 1950 5850 2344 1950 5851 2340 1950 5852 2342 1951 5853 2341 1951 5854 2340 1951 5855 2355 1952 5856 2340 1952 5857 2343 1952 5858 2340 1953 5859 2346 1953 5860 2343 1953 5861 2345 1954 5862 2347 1954 5863 2344 1954 5864 2344 1955 5865 2349 1955 5866 2346 1955 5867 2346 1956 5868 2350 1956 5869 2351 1956 5870 2351 1957 5871 2348 1957 5872 2345 1957 5873 2352 1958 5874 2345 1958 5875 2341 1958 5876 2343 1959 5877 2351 1959 5878 2352 1959 5879 2341 1960 5880 2353 1960 5881 2352 1960 5882 2352 1961 5883 2355 1961 5884 2343 1961 5885 2354 1962 5886 2355 1962 5887 2353 1962 5888 2360 1963 5889 2356 1963 5890 2359 1963 5891 2359 1964 5892 2358 1964 5893 2361 1964 5894 2363 1965 5895 2359 1965 5896 2362 1965 5897 2364 1966 5898 2359 1966 5899 2361 1966 5900 2362 1967 5901 2366 1967 5902 2363 1967 5903 2364 1968 5904 2365 1968 5905 2362 1968 5906 2366 1969 5907 2368 1969 5908 2369 1969 5909 2367 1970 5910 2368 1970 5911 2365 1970 5912 2368 1971 5913 2371 1971 5914 2369 1971 5915 2367 1972 5916 2371 1972 5917 2370 1972 5918 2372 1973 5919 2369 1973 5920 2371 1973 5921 2373 1974 5922 2367 1974 5923 2364 1974 5924 2363 1975 5925 2372 1975 5926 2373 1975 5927 2364 1976 5928 2374 1976 5929 2373 1976 5930 2373 1977 5931 2360 1977 5932 2363 1977 5933 2361 1978 5934 2375 1978 5935 2374 1978 5936 2374 1979 5937 2357 1979 5938 2360 1979 5939 2377 1980 5940 2380 1980 5941 2376 1980 5942 2376 1981 5943 2390 1981 5944 2377 1981 5945 2391 1982 5946 2376 1982 5947 2379 1982 5948 2376 1983 5949 2382 1983 5950 2379 1983 5951 2381 1984 5952 2383 1984 5953 2380 1984 5954 2380 1985 5955 2385 1985 5956 2382 1985 5957 2382 1986 5958 2386 1986 5959 2387 1986 5960 2387 1987 5961 2384 1987 5962 2381 1987 5963 2388 1988 5964 2381 1988 5965 2377 1988 5966 2379 1989 5967 2387 1989 5968 2388 1989 5969 2377 1990 5970 2389 1990 5971 2388 1990 5972 2388 1991 5973 2391 1991 5974 2379 1991 5975 2390 1992 5976 2391 1992 5977 2389 1992 5978 2396 1993 5979 2392 1993 5980 2395 1993 5981 2395 1994 5982 2394 1994 5983 2397 1994 5984 2398 1995 5985 2396 1995 5986 2395 1995 5987 2400 1996 5988 2395 1996 5989 2397 1996 5990 2398 1997 5991 2402 1997 5992 2399 1997 5993 2400 1998 5994 2401 1998 5995 2398 1998 5996 2401 1999 5997 2405 1999 5998 2402 1999 5999 2403 2000 6000 2404 2000 6001 2401 2000 6002 2406 2001 6003 2405 2001 6004 2404 2001 6005 2408 2002 6006 2406 2002 6007 2403 2002 6008 2408 2003 6009 2405 2003 6010 2407 2003 6011 2409 2004 6012 2403 2004 6013 2400 2004 6014 2399 2005 6015 2408 2005 6016 2409 2005 6017 2400 2006 6018 2410 2006 6019 2409 2006 6020 2409 2007 6021 2396 2007 6022 2399 2007 6023 2397 2008 6024 2411 2008 6025 2410 2008 6026 2410 2009 6027 2393 2009 6028 2396 2009 6029 2413 2010 6030 2416 2010 6031 2412 2010 6032 2412 2011 6033 2426 2011 6034 2413 2011 6035 2427 2012 6036 2412 2012 6037 2415 2012 6038 2412 2013 6039 2418 2013 6040 2415 2013 6041 2417 2014 6042 2419 2014 6043 2416 2014 6044 2416 2015 6045 2421 2015 6046 2418 2015 6047 2418 2016 6048 2422 2016 6049 2423 2016 6050 2423 2017 6051 2420 2017 6052 2417 2017 6053 2424 2018 6054 2417 2018 6055 2413 2018 6056 2415 2019 6057 2423 2019 6058 2424 2019 6059 2413 2020 6060 2425 2020 6061 2424 2020 6062 2425 2021 6063 2415 2021 6064 2424 2021 6065 2426 2022 6066 2427 2022 6067 2425 2022 6068 2432 2023 6069 2428 2023 6070 2431 2023 6071 2431 2024 6072 2430 2024 6073 2433 2024 6074 2435 2025 6075 2431 2025 6076 2434 2025 6077 2436 2026 6078 2431 2026 6079 2433 2026 6080 2434 2027 6081 2438 2027 6082 2435 2027 6083 2436 2028 6084 2437 2028 6085 2434 2028 6086 2437 2029 6087 2441 2029 6088 2438 2029 6089 2439 2030 6090 2440 2030 6091 2437 2030 6092 2442 2031 6093 2441 2031 6094 2440 2031 6095 2439 2032 6096 2443 2032 6097 2442 2032 6098 2444 2033 6099 2441 2033 6100 2443 2033 6101 2445 2034 6102 2439 2034 6103 2436 2034 6104 2435 2035 6105 2444 2035 6106 2445 2035 6107 2436 2036 6108 2446 2036 6109 2445 2036 6110 2445 2037 6111 2432 2037 6112 2435 2037 6113 2433 2038 6114 2447 2038 6115 2446 2038 6116 2446 2039 6117 2429 2039 6118 2432 2039 6119 2449 2040 6120 2452 2040 6121 2448 2040 6122 2448 2041 6123 2462 2041 6124 2449 2041 6125 2463 2042 6126 2448 2042 6127 2451 2042 6128 2448 2043 6129 2454 2043 6130 2451 2043 6131 2453 2044 6132 2455 2044 6133 2452 2044 6134 2452 2045 6135 2457 2045 6136 2454 2045 6137 2454 2046 6138 2458 2046 6139 2459 2046 6140 2459 2047 6141 2456 2047 6142 2453 2047 6143 2460 2048 6144 2453 2048 6145 2449 2048 6146 2451 2049 6147 2459 2049 6148 2460 2049 6149 2449 2050 6150 2461 2050 6151 2460 2050 6152 2461 2051 6153 2451 2051 6154 2460 2051 6155 2462 2052 6156 2463 2052 6157 2461 2052 6158 2468 2053 6159 2464 2053 6160 2467 2053 6161 2467 2054 6162 2466 2054 6163 2469 2054 6164 2471 2055 6165 2467 2055 6166 2470 2055 6167 2472 2056 6168 2467 2056 6169 2469 2056 6170 2470 2057 6171 2474 2057 6172 2471 2057 6173 2472 2058 6174 2473 2058 6175 2470 2058 6176 2474 2059 6177 2476 2059 6178 2477 2059 6179 2475 2060 6180 2476 2060 6181 2473 2060 6182 2476 2061 6183 2479 2061 6184 2477 2061 6185 2475 2062 6186 2479 2062 6187 2478 2062 6188 2480 2063 6189 2477 2063 6190 2479 2063 6191 2481 2064 6192 2475 2064 6193 2472 2064 6194 2471 2065 6195 2480 2065 6196 2481 2065 6197 2472 2066 6198 2482 2066 6199 2481 2066 6200 2481 2067 6201 2468 2067 6202 2471 2067 6203 2469 2068 6204 2483 2068 6205 2482 2068 6206 2482 2069 6207 2465 2069 6208 2468 2069 6209 2485 2070 6210 2488 2070 6211 2484 2070 6212 2484 2071 6213 2498 2071 6214 2485 2071 6215 2499 2072 6216 2484 2072 6217 2487 2072 6218 2484 2073 6219 2490 2073 6220 2487 2073 6221 2489 2074 6222 2491 2074 6223 2488 2074 6224 2488 2075 6225 2493 2075 6226 2490 2075 6227 2490 2076 6228 2494 2076 6229 2495 2076 6230 2495 2077 6231 2492 2077 6232 2489 2077 6233 2496 2078 6234 2489 2078 6235 2485 2078 6236 2487 2079 6237 2495 2079 6238 2496 2079 6239 2485 2080 6240 2497 2080 6241 2496 2080 6242 2496 2081 6243 2499 2081 6244 2487 2081 6245 2498 2082 6246 2499 2082 6247 2497 2082 6248 2504 2083 6249 2500 2083 6250 2503 2083 6251 2503 2084 6252 2502 2084 6253 2505 2084 6254 2506 2085 6255 2504 2085 6256 2503 2085 6257 2508 2086 6258 2503 2086 6259 2505 2086 6260 2506 2087 6261 2510 2087 6262 2507 2087 6263 2508 2088 6264 2509 2088 6265 2506 2088 6266 2509 2089 6267 2513 2089 6268 2510 2089 6269 2511 2090 6270 2512 2090 6271 2509 2090 6272 2512 2091 6273 2515 2091 6274 2513 2091 6275 2511 2092 6276 2515 2092 6277 2514 2092 6278 2516 2093 6279 2513 2093 6280 2515 2093 6281 2517 2094 6282 2511 2094 6283 2508 2094 6284 2507 2095 6285 2516 2095 6286 2517 2095 6287 2508 2096 6288 2518 2096 6289 2517 2096 6290 2517 2097 6291 2504 2097 6292 2507 2097 6293 2505 2098 6294 2519 2098 6295 2518 2098 6296 2518 2099 6297 2501 2099 6298 2504 2099 6299 2521 2100 6300 2524 2100 6301 2520 2100 6302 2522 2101 6303 2521 2101 6304 2520 2101 6305 2535 2102 6306 2520 2102 6307 2523 2102 6308 2520 2103 6309 2526 2103 6310 2523 2103 6311 2525 2104 6312 2527 2104 6313 2524 2104 6314 2524 2105 6315 2529 2105 6316 2526 2105 6317 2526 2106 6318 2530 2106 6319 2531 2106 6320 2531 2107 6321 2528 2107 6322 2525 2107 6323 2532 2108 6324 2525 2108 6325 2521 2108 6326 2523 2109 6327 2531 2109 6328 2532 2109 6329 2521 2110 6330 2533 2110 6331 2532 2110 6332 2533 2111 6333 2523 2111 6334 2532 2111 6335 2533 2112 6336 2522 2112 6337 2535 2112 6338 2540 2113 6339 2536 2113 6340 2539 2113 6341 2539 2114 6342 2538 2114 6343 2541 2114 6344 2542 2115 6345 2540 2115 6346 2539 2115 6347 2544 2116 6348 2539 2116 6349 2541 2116 6350 2542 2117 6351 2546 2117 6352 2543 2117 6353 2544 2118 6354 2545 2118 6355 2542 2118 6356 2545 2119 6357 2549 2119 6358 2546 2119 6359 2547 2120 6360 2548 2120 6361 2545 2120 6362 2548 2121 6363 2551 2121 6364 2549 2121 6365 2547 2122 6366 2551 2122 6367 2550 2122 6368 2552 2123 6369 2549 2123 6370 2551 2123 6371 2553 2124 6372 2547 2124 6373 2544 2124 6374 2543 2125 6375 2552 2125 6376 2553 2125 6377 2544 2126 6378 2554 2126 6379 2553 2126 6380 2553 2127 6381 2540 2127 6382 2543 2127 6383 2541 2128 6384 2555 2128 6385 2554 2128 6386 2554 2129 6387 2537 2129 6388 2540 2129 6389 2557 2130 6390 2560 2130 6391 2556 2130 6392 2556 2131 6393 2570 2131 6394 2557 2131 6395 2571 2132 6396 2556 2132 6397 2559 2132 6398 2556 2133 6399 2562 2133 6400 2559 2133 6401 2561 2134 6402 2563 2134 6403 2560 2134 6404 2560 2135 6405 2565 2135 6406 2562 2135 6407 2562 2136 6408 2566 2136 6409 2567 2136 6410 2567 2137 6411 2564 2137 6412 2561 2137 6413 2568 2138 6414 2561 2138 6415 2557 2138 6416 2559 2139 6417 2567 2139 6418 2568 2139 6419 2557 2140 6420 2569 2140 6421 2568 2140 6422 2569 2141 6423 2559 2141 6424 2568 2141 6425 2570 2142 6426 2571 2142 6427 2569 2142 6428 2576 2143 6429 2572 2143 6430 2575 2143 6431 2575 2144 6432 2574 2144 6433 2577 2144 6434 2579 2145 6435 2575 2145 6436 2578 2145 6437 2580 2146 6438 2575 2146 6439 2577 2146 6440 2578 2147 6441 2582 2147 6442 2579 2147 6443 2580 2148 6444 2581 2148 6445 2578 2148 6446 2581 2149 6447 2585 2149 6448 2582 2149 6449 2583 2150 6450 2584 2150 6451 2581 2150 6452 2586 2151 6453 2585 2151 6454 2584 2151 6455 2583 2152 6456 2587 2152 6457 2586 2152 6458 2588 2153 6459 2585 2153 6460 2587 2153 6461 2589 2154 6462 2583 2154 6463 2580 2154 6464 2579 2155 6465 2588 2155 6466 2589 2155 6467 2580 2156 6468 2590 2156 6469 2589 2156 6470 2589 2157 6471 2576 2157 6472 2579 2157 6473 2577 2158 6474 2591 2158 6475 2590 2158 6476 2590 2159 6477 2573 2159 6478 2576 2159 6479 2593 2160 6480 2596 2160 6481 2592 2160 6482 2592 2161 6483 2606 2161 6484 2593 2161 6485 2607 2162 6486 2592 2162 6487 2595 2162 6488 2592 2163 6489 2598 2163 6490 2595 2163 6491 2597 2164 6492 2599 2164 6493 2596 2164 6494 2596 2165 6495 2601 2165 6496 2598 2165 6497 2598 2166 6498 2602 2166 6499 2603 2166 6500 2603 2167 6501 2600 2167 6502 2597 2167 6503 2604 2168 6504 2597 2168 6505 2593 2168 6506 2595 2169 6507 2603 2169 6508 2604 2169 6509 2606 2170 6510 2604 2170 6511 2593 2170 6512 2605 2171 6513 2595 2171 6514 2604 2171 6515 2606 2172 6516 2607 2172 6517 2605 2172 6518 2612 2173 6519 2608 2173 6520 2611 2173 6521 2611 2174 6522 2610 2174 6523 2613 2174 6524 2615 2175 6525 2611 2175 6526 2614 2175 6527 2614 2176 6528 2613 2176 6529 2616 2176 6530 2614 2177 6531 2618 2177 6532 2615 2177 6533 2616 2178 6534 2617 2178 6535 2614 2178 6536 2617 2179 6537 2621 2179 6538 2618 2179 6539 2619 2180 6540 2620 2180 6541 2617 2180 6542 2620 2181 6543 2623 2181 6544 2621 2181 6545 2619 2182 6546 2623 2182 6547 2622 2182 6548 2618 2183 6549 2623 2183 6550 2624 2183 6551 2625 2184 6552 2619 2184 6553 2616 2184 6554 2615 2185 6555 2624 2185 6556 2625 2185 6557 2616 2186 6558 2626 2186 6559 2625 2186 6560 2615 2187 6561 2626 2187 6562 2612 2187 6563 2613 2188 6564 2627 2188 6565 2626 2188 6566 2626 2189 6567 2609 2189 6568 2612 2189 6569 2629 2190 6570 2632 2190 6571 2628 2190 6572 2628 2191 6573 2642 2191 6574 2629 2191 6575 2643 2192 6576 2628 2192 6577 2631 2192 6578 2628 2193 6579 2634 2193 6580 2631 2193 6581 2633 2194 6582 2635 2194 6583 2632 2194 6584 2632 2195 6585 2637 2195 6586 2634 2195 6587 2634 2196 6588 2638 2196 6589 2639 2196 6590 2639 2197 6591 2636 2197 6592 2633 2197 6593 2640 2198 6594 2633 2198 6595 2629 2198 6596 2631 2199 6597 2639 2199 6598 2640 2199 6599 2642 2200 6600 2640 2200 6601 2629 2200 6602 2640 2201 6603 2643 2201 6604 2631 2201 6605 2642 2202 6606 2643 2202 6607 2641 2202 6608 2648 2203 6609 2644 2203 6610 2647 2203 6611 2647 2204 6612 2646 2204 6613 2649 2204 6614 2651 2205 6615 2647 2205 6616 2650 2205 6617 2652 2206 6618 2647 2206 6619 2649 2206 6620 2650 2207 6621 2654 2207 6622 2651 2207 6623 2652 2208 6624 2653 2208 6625 2650 2208 6626 2653 2209 6627 2657 2209 6628 2654 2209 6629 2655 2210 6630 2656 2210 6631 2653 2210 6632 2656 2211 6633 2659 2211 6634 2657 2211 6635 2655 2212 6636 2659 2212 6637 2658 2212 6638 2654 2213 6639 2659 2213 6640 2660 2213 6641 2661 2214 6642 2655 2214 6643 2652 2214 6644 2651 2215 6645 2660 2215 6646 2661 2215 6647 2652 2216 6648 2662 2216 6649 2661 2216 6650 2661 2217 6651 2648 2217 6652 2651 2217 6653 2649 2218 6654 2663 2218 6655 2662 2218 6656 2662 2219 6657 2645 2219 6658 2648 2219 6659 2665 2220 6660 2668 2220 6661 2664 2220 6662 2666 2221 6663 2665 2221 6664 2664 2221 6665 2679 2222 6666 2664 2222 6667 2667 2222 6668 2664 2223 6669 2670 2223 6670 2667 2223 6671 2669 2224 6672 2671 2224 6673 2668 2224 6674 2668 2225 6675 2673 2225 6676 2670 2225 6677 2670 2226 6678 2674 2226 6679 2675 2226 6680 2675 2227 6681 2672 2227 6682 2669 2227 6683 2676 2228 6684 2669 2228 6685 2665 2228 6686 2667 2229 6687 2675 2229 6688 2676 2229 6689 2678 2230 6690 2676 2230 6691 2665 2230 6692 2676 2231 6693 2679 2231 6694 2667 2231 6695 2678 2232 6696 2679 2232 6697 2677 2232 6698 2684 2233 6699 2680 2233 6700 2683 2233 6701 2683 2234 6702 2682 2234 6703 2685 2234 6704 2687 2235 6705 2683 2235 6706 2686 2235 6707 2688 2236 6708 2683 2236 6709 2685 2236 6710 2686 2237 6711 2690 2237 6712 2687 2237 6713 2688 2238 6714 2689 2238 6715 2686 2238 6716 2689 2239 6717 2693 2239 6718 2690 2239 6719 2691 2240 6720 2692 2240 6721 2689 2240 6722 2694 2241 6723 2693 2241 6724 2692 2241 6725 2696 2242 6726 2694 2242 6727 2691 2242 6728 2690 2243 6729 2695 2243 6730 2696 2243 6731 2697 2244 6732 2691 2244 6733 2688 2244 6734 2687 2245 6735 2696 2245 6736 2697 2245 6737 2697 2246 6738 2685 2246 6739 2698 2246 6740 2687 2247 6741 2698 2247 6742 2684 2247 6743 2685 2248 6744 2699 2248 6745 2698 2248 6746 2698 2249 6747 2681 2249 6748 2684 2249 6749 2701 2250 6750 2704 2250 6751 2700 2250 6752 2700 2251 6753 2714 2251 6754 2701 2251 6755 2715 2252 6756 2700 2252 6757 2703 2252 6758 2700 2253 6759 2706 2253 6760 2703 2253 6761 2705 2254 6762 2707 2254 6763 2704 2254 6764 2704 2255 6765 2709 2255 6766 2706 2255 6767 2706 2256 6768 2710 2256 6769 2711 2256 6770 2711 2257 6771 2708 2257 6772 2705 2257 6773 2712 2258 6774 2705 2258 6775 2701 2258 6776 2703 2259 6777 2711 2259 6778 2712 2259 6779 2714 2260 6780 2712 2260 6781 2701 2260 6782 2713 2261 6783 2703 2261 6784 2712 2261 6785 2713 2262 6786 2702 2262 6787 2715 2262 6788 2720 2263 6789 2716 2263 6790 2719 2263 6791 2719 2264 6792 2718 2264 6793 2721 2264 6794 2723 2265 6795 2719 2265 6796 2722 2265 6797 2724 2266 6798 2719 2266 6799 2721 2266 6800 2722 2267 6801 2726 2267 6802 2723 2267 6803 2724 2268 6804 2725 2268 6805 2722 2268 6806 2726 2269 6807 2728 2269 6808 2729 2269 6809 2727 2270 6810 2728 2270 6811 2725 2270 6812 2728 2271 6813 2731 2271 6814 2729 2271 6815 2727 2272 6816 2731 2272 6817 2730 2272 6818 2726 2273 6819 2731 2273 6820 2732 2273 6821 2733 2274 6822 2727 2274 6823 2724 2274 6824 2723 2275 6825 2732 2275 6826 2733 2275 6827 2724 2276 6828 2734 2276 6829 2733 2276 6830 2733 2277 6831 2720 2277 6832 2723 2277 6833 2721 2278 6834 2735 2278 6835 2734 2278 6836 2734 2279 6837 2717 2279 6838 2720 2279 6839 2737 2280 6840 2740 2280 6841 2736 2280 6842 2736 2281 6843 2750 2281 6844 2737 2281 6845 2751 2282 6846 2736 2282 6847 2739 2282 6848 2736 2283 6849 2742 2283 6850 2739 2283 6851 2741 2284 6852 2743 2284 6853 2740 2284 6854 2740 2285 6855 2745 2285 6856 2742 2285 6857 2742 2286 6858 2746 2286 6859 2747 2286 6860 2747 2287 6861 2744 2287 6862 2741 2287 6863 2748 2288 6864 2741 2288 6865 2737 2288 6866 2739 2289 6867 2747 2289 6868 2748 2289 6869 2737 2290 6870 2749 2290 6871 2748 2290 6872 2748 2291 6873 2751 2291 6874 2739 2291 6875 2750 2292 6876 2751 2292 6877 2749 2292 6878 2756 2293 6879 2752 2293 6880 2755 2293 6881 2755 2294 6882 2754 2294 6883 2757 2294 6884 2759 2295 6885 2755 2295 6886 2758 2295 6887 2758 2296 6888 2757 2296 6889 2760 2296 6890 2758 2297 6891 2762 2297 6892 2759 2297 6893 2760 2298 6894 2761 2298 6895 2758 2298 6896 2761 2299 6897 2765 2299 6898 2762 2299 6899 2761 2300 6900 2766 2300 6901 2764 2300 6902 2764 2301 6903 2767 2301 6904 2765 2301 6905 2768 2302 6906 2766 2302 6907 2763 2302 6908 2762 2303 6909 2767 2303 6910 2768 2303 6911 2769 2304 6912 2763 2304 6913 2760 2304 6914 2759 2305 6915 2768 2305 6916 2769 2305 6917 2760 2306 6918 2770 2306 6919 2769 2306 6920 2759 2307 6921 2770 2307 6922 2756 2307 6923 2757 2308 6924 2771 2308 6925 2770 2308 6926 2770 2309 6927 2753 2309 6928 2756 2309 6929 2773 2310 6930 2776 2310 6931 2772 2310 6932 2772 2311 6933 2786 2311 6934 2773 2311 6935 2787 2312 6936 2772 2312 6937 2775 2312 6938 2772 2313 6939 2778 2313 6940 2775 2313 6941 2777 2314 6942 2779 2314 6943 2776 2314 6944 2776 2315 6945 2781 2315 6946 2778 2315 6947 2778 2316 6948 2782 2316 6949 2783 2316 6950 2783 2317 6951 2780 2317 6952 2777 2317 6953 2784 2318 6954 2777 2318 6955 2773 2318 6956 2775 2319 6957 2783 2319 6958 2784 2319 6959 2773 2320 6960 2785 2320 6961 2784 2320 6962 2785 2321 6963 2775 2321 6964 2784 2321 6965 2786 2322 6966 2787 2322 6967 2785 2322 6968 2792 2323 6969 2788 2323 6970 2791 2323 6971 2791 2324 6972 2790 2324 6973 2793 2324 6974 2794 2325 6975 2792 2325 6976 2791 2325 6977 2796 2326 6978 2791 2326 6979 2793 2326 6980 2794 2327 6981 2798 2327 6982 2795 2327 6983 2796 2328 6984 2797 2328 6985 2794 2328 6986 2797 2329 6987 2801 2329 6988 2798 2329 6989 2799 2330 6990 2800 2330 6991 2797 2330 6992 2800 2331 6993 2803 2331 6994 2801 2331 6995 2799 2332 6996 2803 2332 6997 2802 2332 6998 2804 2333 6999 2801 2333 7000 2803 2333 7001 2805 2334 7002 2799 2334 7003 2796 2334 7004 2795 2335 7005 2804 2335 7006 2805 2335 7007 2796 2336 7008 2806 2336 7009 2805 2336 7010 2805 2337 7011 2792 2337 7012 2795 2337 7013 2793 2338 7014 2807 2338 7015 2806 2338 7016 2806 2339 7017 2789 2339 7018 2792 2339 7019 2809 2340 7020 2812 2340 7021 2808 2340 7022 2810 2341 7023 2809 2341 7024 2808 2341 7025 2823 2342 7026 2808 2342 7027 2811 2342 7028 2808 2343 7029 2814 2343 7030 2811 2343 7031 2813 2344 7032 2815 2344 7033 2812 2344 7034 2812 2345 7035 2817 2345 7036 2814 2345 7037 2814 2346 7038 2818 2346 7039 2819 2346 7040 2819 2347 7041 2816 2347 7042 2813 2347 7043 2820 2348 7044 2813 2348 7045 2809 2348 7046 2811 2349 7047 2819 2349 7048 2820 2349 7049 2809 2350 7050 2821 2350 7051 2820 2350 7052 2821 2351 7053 2811 2351 7054 2820 2351 7055 2821 2352 7056 2810 2352 7057 2823 2352 7058 2828 2353 7059 2824 2353 7060 2827 2353 7061 2827 2354 7062 2826 2354 7063 2829 2354 7064 2831 2355 7065 2827 2355 7066 2830 2355 7067 2832 2356 7068 2827 2356 7069 2829 2356 7070 2830 2357 7071 2834 2357 7072 2831 2357 7073 2832 2358 7074 2833 2358 7075 2830 2358 7076 2833 2359 7077 2837 2359 7078 2834 2359 7079 2835 2360 7080 2836 2360 7081 2833 2360 7082 2838 2361 7083 2837 2361 7084 2836 2361 7085 2835 2362 7086 2839 2362 7087 2838 2362 7088 2840 2363 7089 2837 2363 7090 2839 2363 7091 2841 2364 7092 2835 2364 7093 2832 2364 7094 2831 2365 7095 2840 2365 7096 2841 2365 7097 2841 2366 7098 2829 2366 7099 2842 2366 7100 2841 2367 7101 2828 2367 7102 2831 2367 7103 2829 2368 7104 2843 2368 7105 2842 2368 7106 2842 2369 7107 2825 2369 7108 2828 2369 7109 0 2370 7110 1 2370 7111 3 2370 7112 2 2371 7113 3 2371 7114 7 2371 7115 6 2372 7116 7 2372 7117 5 2372 7118 5 2373 7119 1 2373 7120 0 2373 7121 0 2374 7122 9 2374 7123 11 2374 7124 7 2375 7125 3 2375 7126 1 2375 7127 8 2376 7128 12 2376 7129 13 2376 7130 6 2377 7131 10 2377 7132 8 2377 7133 2 2378 7134 8 2378 7135 9 2378 7136 4 2379 7137 11 2379 7138 10 2379 7139 9 2380 7140 13 2380 7141 15 2380 7142 10 2381 7143 14 2381 7144 12 2381 7145 11 2382 7146 15 2382 7147 14 2382 7148 20 2383 7149 17 2383 7150 16 2383 7151 19 2384 7152 16 2384 7153 18 2384 7154 22 2385 7155 23 2385 7156 20 2385 7157 22 2386 7158 19 2386 7159 21 2386 7160 22 2387 7161 25 2387 7162 26 2387 7163 24 2388 7164 27 2388 7165 25 2388 7166 25 2389 7167 28 2389 7168 29 2389 7169 27 2390 7170 30 2390 7171 28 2390 7172 30 2391 7173 31 2391 7174 29 2391 7175 27 2392 7176 32 2392 7177 31 2392 7178 32 2393 7179 26 2393 7180 29 2393 7181 33 2394 7182 32 2394 7183 27 2394 7184 23 2395 7185 26 2395 7186 32 2395 7187 24 2396 7188 21 2396 7189 34 2396 7190 23 2397 7191 33 2397 7192 34 2397 7193 21 2398 7194 18 2398 7195 35 2398 7196 34 2399 7197 35 2399 7198 17 2399 7199 37 2400 7200 41 2400 7201 40 2400 7202 38 2401 7203 50 2401 7204 37 2401 7205 39 2402 7206 51 2402 7207 38 2402 7208 36 2403 7209 40 2403 7210 42 2403 7211 41 2404 7212 44 2404 7213 43 2404 7214 40 2405 7215 43 2405 7216 45 2405 7217 42 2406 7218 45 2406 7219 46 2406 7220 47 2407 7221 46 2407 7222 44 2407 7223 48 2408 7224 47 2408 7225 41 2408 7226 39 2409 7227 42 2409 7228 47 2409 7229 50 2410 7230 49 2410 7231 48 2410 7232 49 2411 7233 51 2411 7234 39 2411 7235 49 2412 7236 50 2412 7237 38 2412 7238 56 2413 7239 53 2413 7240 52 2413 7241 55 2414 7242 52 2414 7243 54 2414 7244 58 2415 7245 59 2415 7246 56 2415 7247 58 2416 7248 55 2416 7249 57 2416 7250 58 2417 7251 61 2417 7252 62 2417 7253 60 2418 7254 63 2418 7255 61 2418 7256 61 2419 7257 64 2419 7258 65 2419 7259 61 2420 7260 63 2420 7261 66 2420 7262 64 2421 7263 66 2421 7264 67 2421 7265 63 2422 7266 68 2422 7267 67 2422 7268 62 2423 7269 65 2423 7270 67 2423 7271 69 2424 7272 68 2424 7273 63 2424 7274 59 2425 7275 62 2425 7276 68 2425 7277 60 2426 7278 57 2426 7279 70 2426 7280 59 2427 7281 69 2427 7282 70 2427 7283 57 2428 7284 54 2428 7285 71 2428 7286 70 2429 7287 71 2429 7288 53 2429 7289 73 2430 7290 77 2430 7291 76 2430 7292 74 2431 7293 86 2431 7294 73 2431 7295 87 2432 7296 74 2432 7297 72 2432 7298 72 2433 7299 76 2433 7300 78 2433 7301 77 2434 7302 80 2434 7303 79 2434 7304 76 2435 7305 79 2435 7306 81 2435 7307 78 2436 7308 81 2436 7309 82 2436 7310 83 2437 7311 82 2437 7312 80 2437 7313 84 2438 7314 83 2438 7315 77 2438 7316 75 2439 7317 78 2439 7318 83 2439 7319 73 2440 7320 86 2440 7321 85 2440 7322 85 2441 7323 87 2441 7324 75 2441 7325 86 2442 7326 74 2442 7327 87 2442 7328 92 2443 7329 89 2443 7330 88 2443 7331 91 2444 7332 88 2444 7333 90 2444 7334 94 2445 7335 95 2445 7336 92 2445 7337 94 2446 7338 91 2446 7339 93 2446 7340 94 2447 7341 97 2447 7342 98 2447 7343 96 2448 7344 99 2448 7345 97 2448 7346 97 2449 7347 100 2449 7348 101 2449 7349 99 2450 7350 102 2450 7351 100 2450 7352 100 2451 7353 102 2451 7354 103 2451 7355 104 2452 7356 103 2452 7357 102 2452 7358 104 2453 7359 98 2453 7360 101 2453 7361 105 2454 7362 104 2454 7363 99 2454 7364 95 2455 7365 98 2455 7366 104 2455 7367 96 2456 7368 93 2456 7369 106 2456 7370 95 2457 7371 105 2457 7372 106 2457 7373 93 2458 7374 90 2458 7375 107 2458 7376 106 2459 7377 107 2459 7378 89 2459 7379 109 2460 7380 113 2460 7381 112 2460 7382 110 2461 7383 122 2461 7384 109 2461 7385 123 2462 7386 110 2462 7387 108 2462 7388 108 2463 7389 112 2463 7390 114 2463 7391 113 2464 7392 116 2464 7393 115 2464 7394 112 2465 7395 115 2465 7396 117 2465 7397 114 2466 7398 117 2466 7399 118 2466 7400 119 2467 7401 118 2467 7402 116 2467 7403 120 2468 7404 119 2468 7405 113 2468 7406 111 2469 7407 114 2469 7408 119 2469 7409 109 2470 7410 122 2470 7411 121 2470 7412 121 2471 7413 123 2471 7414 111 2471 7415 122 2472 7416 110 2472 7417 123 2472 7418 128 2473 7419 125 2473 7420 124 2473 7421 127 2474 7422 124 2474 7423 126 2474 7424 131 2475 7425 128 2475 7426 127 2475 7427 130 2476 7428 127 2476 7429 129 2476 7430 130 2477 7431 133 2477 7432 134 2477 7433 132 2478 7434 135 2478 7435 133 2478 7436 133 2479 7437 136 2479 7438 137 2479 7439 135 2480 7440 138 2480 7441 136 2480 7442 138 2481 7443 139 2481 7444 137 2481 7445 135 2482 7446 140 2482 7447 139 2482 7448 140 2483 7449 134 2483 7450 137 2483 7451 141 2484 7452 140 2484 7453 135 2484 7454 131 2485 7455 134 2485 7456 140 2485 7457 132 2486 7458 129 2486 7459 142 2486 7460 131 2487 7461 141 2487 7462 142 2487 7463 129 2488 7464 126 2488 7465 143 2488 7466 142 2489 7467 143 2489 7468 125 2489 7469 145 2490 7470 149 2490 7471 148 2490 7472 144 2491 7473 146 2491 7474 158 2491 7475 159 2492 7476 146 2492 7477 144 2492 7478 144 2493 7479 148 2493 7480 150 2493 7481 149 2494 7482 152 2494 7483 151 2494 7484 148 2495 7485 151 2495 7486 153 2495 7487 150 2496 7488 153 2496 7489 154 2496 7490 155 2497 7491 154 2497 7492 152 2497 7493 156 2498 7494 155 2498 7495 149 2498 7496 147 2499 7497 150 2499 7498 155 2499 7499 145 2500 7500 158 2500 7501 157 2500 7502 157 2501 7503 159 2501 7504 147 2501 7505 157 2502 7506 158 2502 7507 146 2502 7508 164 2503 7509 161 2503 7510 160 2503 7511 163 2504 7512 160 2504 7513 162 2504 7514 166 2505 7515 167 2505 7516 164 2505 7517 166 2506 7518 163 2506 7519 165 2506 7520 166 2507 7521 169 2507 7522 170 2507 7523 168 2508 7524 171 2508 7525 169 2508 7526 169 2509 7527 172 2509 7528 173 2509 7529 171 2510 7530 174 2510 7531 172 2510 7532 174 2511 7533 175 2511 7534 173 2511 7535 176 2512 7536 175 2512 7537 174 2512 7538 176 2513 7539 170 2513 7540 173 2513 7541 177 2514 7542 176 2514 7543 171 2514 7544 167 2515 7545 170 2515 7546 176 2515 7547 168 2516 7548 165 2516 7549 178 2516 7550 167 2517 7551 177 2517 7552 178 2517 7553 165 2518 7554 162 2518 7555 179 2518 7556 178 2519 7557 179 2519 7558 161 2519 7559 181 2520 7560 185 2520 7561 184 2520 7562 180 2521 7563 182 2521 7564 194 2521 7565 195 2522 7566 182 2522 7567 180 2522 7568 180 2523 7569 184 2523 7570 186 2523 7571 185 2524 7572 188 2524 7573 187 2524 7574 184 2525 7575 187 2525 7576 189 2525 7577 186 2526 7578 189 2526 7579 190 2526 7580 191 2527 7581 190 2527 7582 188 2527 7583 192 2528 7584 191 2528 7585 185 2528 7586 183 2529 7587 186 2529 7588 191 2529 7589 181 2530 7590 194 2530 7591 193 2530 7592 192 2531 7593 193 2531 7594 195 2531 7595 194 2532 7596 182 2532 7597 195 2532 7598 200 2533 7599 197 2533 7600 196 2533 7601 199 2534 7602 196 2534 7603 198 2534 7604 203 2535 7605 200 2535 7606 199 2535 7607 202 2536 7608 199 2536 7609 201 2536 7610 202 2537 7611 205 2537 7612 206 2537 7613 204 2538 7614 207 2538 7615 205 2538 7616 206 2539 7617 205 2539 7618 208 2539 7619 207 2540 7620 210 2540 7621 208 2540 7622 210 2541 7623 211 2541 7624 209 2541 7625 212 2542 7626 211 2542 7627 210 2542 7628 212 2543 7629 206 2543 7630 209 2543 7631 213 2544 7632 212 2544 7633 207 2544 7634 203 2545 7635 206 2545 7636 212 2545 7637 213 2546 7638 204 2546 7639 201 2546 7640 203 2547 7641 213 2547 7642 214 2547 7643 201 2548 7644 198 2548 7645 215 2548 7646 214 2549 7647 215 2549 7648 197 2549 7649 217 2550 7650 221 2550 7651 220 2550 7652 218 2551 7653 230 2551 7654 217 2551 7655 231 2552 7656 218 2552 7657 216 2552 7658 216 2553 7659 220 2553 7660 222 2553 7661 221 2554 7662 224 2554 7663 223 2554 7664 220 2555 7665 223 2555 7666 225 2555 7667 222 2556 7668 225 2556 7669 226 2556 7670 227 2557 7671 226 2557 7672 224 2557 7673 228 2558 7674 227 2558 7675 221 2558 7676 219 2559 7677 222 2559 7678 227 2559 7679 217 2560 7680 230 2560 7681 229 2560 7682 228 2561 7683 229 2561 7684 231 2561 7685 230 2562 7686 218 2562 7687 231 2562 7688 236 2563 7689 233 2563 7690 232 2563 7691 235 2564 7692 232 2564 7693 234 2564 7694 239 2565 7695 236 2565 7696 235 2565 7697 240 2566 7698 238 2566 7699 235 2566 7700 238 2567 7701 241 2567 7702 242 2567 7703 240 2568 7704 243 2568 7705 241 2568 7706 241 2569 7707 244 2569 7708 245 2569 7709 243 2570 7710 246 2570 7711 244 2570 7712 244 2571 7713 246 2571 7714 247 2571 7715 243 2572 7716 248 2572 7717 247 2572 7718 248 2573 7719 242 2573 7720 245 2573 7721 249 2574 7722 248 2574 7723 243 2574 7724 239 2575 7725 242 2575 7726 248 2575 7727 249 2576 7728 240 2576 7729 237 2576 7730 249 2577 7731 250 2577 7732 236 2577 7733 237 2578 7734 234 2578 7735 251 2578 7736 250 2579 7737 251 2579 7738 233 2579 7739 253 2580 7740 257 2580 7741 256 2580 7742 252 2581 7743 254 2581 7744 266 2581 7745 267 2582 7746 254 2582 7747 252 2582 7748 252 2583 7749 256 2583 7750 258 2583 7751 257 2584 7752 260 2584 7753 259 2584 7754 256 2585 7755 259 2585 7756 261 2585 7757 258 2586 7758 261 2586 7759 262 2586 7760 263 2587 7761 262 2587 7762 260 2587 7763 264 2588 7764 263 2588 7765 257 2588 7766 255 2589 7767 258 2589 7768 263 2589 7769 253 2590 7770 266 2590 7771 265 2590 7772 264 2591 7773 265 2591 7774 267 2591 7775 266 2592 7776 254 2592 7777 267 2592 7778 272 2593 7779 269 2593 7780 268 2593 7781 271 2594 7782 268 2594 7783 270 2594 7784 275 2595 7785 272 2595 7786 271 2595 7787 276 2596 7788 274 2596 7789 271 2596 7790 274 2597 7791 277 2597 7792 278 2597 7793 276 2598 7794 279 2598 7795 277 2598 7796 277 2599 7797 280 2599 7798 281 2599 7799 279 2600 7800 282 2600 7801 280 2600 7802 282 2601 7803 283 2601 7804 281 2601 7805 279 2602 7806 284 2602 7807 283 2602 7808 284 2603 7809 278 2603 7810 281 2603 7811 285 2604 7812 284 2604 7813 279 2604 7814 275 2605 7815 278 2605 7816 284 2605 7817 276 2606 7818 273 2606 7819 286 2606 7820 285 2607 7821 286 2607 7822 272 2607 7823 273 2608 7824 270 2608 7825 287 2608 7826 286 2609 7827 287 2609 7828 269 2609 7829 289 2610 7830 293 2610 7831 292 2610 7832 290 2611 7833 302 2611 7834 289 2611 7835 303 2612 7836 290 2612 7837 288 2612 7838 288 2613 7839 292 2613 7840 294 2613 7841 293 2614 7842 296 2614 7843 295 2614 7844 292 2615 7845 295 2615 7846 297 2615 7847 294 2616 7848 297 2616 7849 298 2616 7850 299 2617 7851 298 2617 7852 296 2617 7853 300 2618 7854 299 2618 7855 293 2618 7856 291 2619 7857 294 2619 7858 299 2619 7859 289 2620 7860 302 2620 7861 301 2620 7862 300 2621 7863 301 2621 7864 303 2621 7865 302 2622 7866 290 2622 7867 303 2622 7868 308 2623 7869 305 2623 7870 304 2623 7871 307 2624 7872 304 2624 7873 306 2624 7874 311 2625 7875 308 2625 7876 307 2625 7877 312 2626 7878 310 2626 7879 307 2626 7880 310 2627 7881 313 2627 7882 314 2627 7883 312 2628 7884 315 2628 7885 313 2628 7886 313 2629 7887 316 2629 7888 317 2629 7889 315 2630 7890 318 2630 7891 316 2630 7892 316 2631 7893 318 2631 7894 319 2631 7895 320 2632 7896 319 2632 7897 318 2632 7898 320 2633 7899 314 2633 7900 317 2633 7901 321 2634 7902 320 2634 7903 315 2634 7904 311 2635 7905 314 2635 7906 320 2635 7907 321 2636 7908 312 2636 7909 309 2636 7910 321 2637 7911 322 2637 7912 308 2637 7913 309 2638 7914 306 2638 7915 323 2638 7916 322 2639 7917 323 2639 7918 305 2639 7919 325 2640 7920 329 2640 7921 328 2640 7922 326 2641 7923 338 2641 7924 325 2641 7925 339 2642 7926 326 2642 7927 324 2642 7928 324 2643 7929 328 2643 7930 330 2643 7931 329 2644 7932 332 2644 7933 331 2644 7934 328 2645 7935 331 2645 7936 333 2645 7937 330 2646 7938 333 2646 7939 334 2646 7940 335 2647 7941 334 2647 7942 332 2647 7943 336 2648 7944 335 2648 7945 329 2648 7946 327 2649 7947 330 2649 7948 335 2649 7949 325 2650 7950 338 2650 7951 337 2650 7952 336 2651 7953 337 2651 7954 339 2651 7955 338 2652 7956 326 2652 7957 339 2652 7958 344 2653 7959 341 2653 7960 340 2653 7961 343 2654 7962 340 2654 7963 342 2654 7964 347 2655 7965 344 2655 7966 343 2655 7967 348 2656 7968 346 2656 7969 343 2656 7970 346 2657 7971 349 2657 7972 350 2657 7973 348 2658 7974 351 2658 7975 349 2658 7976 350 2659 7977 349 2659 7978 352 2659 7979 351 2660 7980 354 2660 7981 352 2660 7982 352 2661 7983 354 2661 7984 355 2661 7985 351 2662 7986 356 2662 7987 355 2662 7988 356 2663 7989 350 2663 7990 353 2663 7991 357 2664 7992 356 2664 7993 351 2664 7994 347 2665 7995 350 2665 7996 356 2665 7997 348 2666 7998 345 2666 7999 358 2666 8000 357 2667 8001 358 2667 8002 344 2667 8003 345 2668 8004 342 2668 8005 359 2668 8006 358 2669 8007 359 2669 8008 341 2669 8009 361 2670 8010 365 2670 8011 364 2670 8012 362 2671 8013 374 2671 8014 361 2671 8015 375 2672 8016 362 2672 8017 360 2672 8018 360 2673 8019 364 2673 8020 366 2673 8021 365 2674 8022 368 2674 8023 367 2674 8024 364 2675 8025 367 2675 8026 369 2675 8027 366 2676 8028 369 2676 8029 370 2676 8030 371 2677 8031 370 2677 8032 368 2677 8033 372 2678 8034 371 2678 8035 365 2678 8036 363 2679 8037 366 2679 8038 371 2679 8039 361 2680 8040 374 2680 8041 373 2680 8042 372 2681 8043 373 2681 8044 375 2681 8045 374 2682 8046 362 2682 8047 375 2682 8048 380 2683 8049 377 2683 8050 376 2683 8051 379 2684 8052 376 2684 8053 378 2684 8054 383 2685 8055 380 2685 8056 379 2685 8057 384 2686 8058 382 2686 8059 379 2686 8060 382 2687 8061 385 2687 8062 386 2687 8063 384 2688 8064 387 2688 8065 385 2688 8066 385 2689 8067 388 2689 8068 389 2689 8069 387 2690 8070 390 2690 8071 388 2690 8072 388 2691 8073 390 2691 8074 391 2691 8075 387 2692 8076 392 2692 8077 391 2692 8078 392 2693 8079 386 2693 8080 389 2693 8081 393 2694 8082 392 2694 8083 387 2694 8084 383 2695 8085 386 2695 8086 392 2695 8087 384 2696 8088 381 2696 8089 394 2696 8090 393 2697 8091 394 2697 8092 380 2697 8093 381 2698 8094 378 2698 8095 395 2698 8096 394 2699 8097 395 2699 8098 377 2699 8099 397 2700 8100 401 2700 8101 400 2700 8102 398 2701 8103 410 2701 8104 397 2701 8105 399 2702 8106 411 2702 8107 398 2702 8108 396 2703 8109 400 2703 8110 402 2703 8111 401 2704 8112 404 2704 8113 403 2704 8114 400 2705 8115 403 2705 8116 405 2705 8117 402 2706 8118 405 2706 8119 406 2706 8120 407 2707 8121 406 2707 8122 404 2707 8123 408 2708 8124 407 2708 8125 401 2708 8126 399 2709 8127 402 2709 8128 407 2709 8129 410 2710 8130 409 2710 8131 408 2710 8132 408 2711 8133 409 2711 8134 411 2711 8135 410 2712 8136 398 2712 8137 411 2712 8138 416 2713 8139 413 2713 8140 412 2713 8141 415 2714 8142 412 2714 8143 414 2714 8144 419 2715 8145 416 2715 8146 415 2715 8147 420 2716 8148 418 2716 8149 415 2716 8150 418 2717 8151 421 2717 8152 422 2717 8153 420 2718 8154 423 2718 8155 421 2718 8156 421 2719 8157 424 2719 8158 425 2719 8159 421 2720 8160 423 2720 8161 426 2720 8162 426 2721 8163 427 2721 8164 425 2721 8165 423 2722 8166 428 2722 8167 427 2722 8168 422 2723 8169 425 2723 8170 427 2723 8171 429 2724 8172 428 2724 8173 423 2724 8174 419 2725 8175 422 2725 8176 428 2725 8177 420 2726 8178 417 2726 8179 430 2726 8180 429 2727 8181 430 2727 8182 416 2727 8183 417 2728 8184 414 2728 8185 431 2728 8186 430 2729 8187 431 2729 8188 413 2729 8189 433 2730 8190 437 2730 8191 436 2730 8192 434 2731 8193 446 2731 8194 433 2731 8195 435 2732 8196 447 2732 8197 434 2732 8198 432 2733 8199 436 2733 8200 438 2733 8201 437 2734 8202 440 2734 8203 439 2734 8204 436 2735 8205 439 2735 8206 441 2735 8207 438 2736 8208 441 2736 8209 442 2736 8210 443 2737 8211 442 2737 8212 440 2737 8213 444 2738 8214 443 2738 8215 437 2738 8216 435 2739 8217 438 2739 8218 443 2739 8219 446 2740 8220 445 2740 8221 444 2740 8222 444 2741 8223 445 2741 8224 447 2741 8225 446 2742 8226 434 2742 8227 447 2742 8228 452 2743 8229 449 2743 8230 448 2743 8231 451 2744 8232 448 2744 8233 450 2744 8234 454 2745 8235 455 2745 8236 452 2745 8237 456 2746 8238 454 2746 8239 451 2746 8240 454 2747 8241 457 2747 8242 458 2747 8243 456 2748 8244 459 2748 8245 457 2748 8246 458 2749 8247 457 2749 8248 460 2749 8249 457 2750 8250 459 2750 8251 462 2750 8252 460 2751 8253 462 2751 8254 463 2751 8255 459 2752 8256 464 2752 8257 463 2752 8258 458 2753 8259 461 2753 8260 463 2753 8261 465 2754 8262 464 2754 8263 459 2754 8264 455 2755 8265 458 2755 8266 464 2755 8267 456 2756 8268 453 2756 8269 466 2756 8270 465 2757 8271 466 2757 8272 452 2757 8273 453 2758 8274 450 2758 8275 467 2758 8276 466 2759 8277 467 2759 8278 449 2759 8279 469 2760 8280 473 2760 8281 472 2760 8282 470 2761 8283 482 2761 8284 469 2761 8285 471 2762 8286 483 2762 8287 470 2762 8288 468 2763 8289 472 2763 8290 474 2763 8291 473 2764 8292 476 2764 8293 475 2764 8294 472 2765 8295 475 2765 8296 477 2765 8297 474 2766 8298 477 2766 8299 478 2766 8300 479 2767 8301 478 2767 8302 476 2767 8303 480 2768 8304 479 2768 8305 473 2768 8306 471 2769 8307 474 2769 8308 479 2769 8309 482 2770 8310 481 2770 8311 480 2770 8312 480 2771 8313 481 2771 8314 483 2771 8315 482 2772 8316 470 2772 8317 483 2772 8318 488 2773 8319 485 2773 8320 484 2773 8321 487 2774 8322 484 2774 8323 486 2774 8324 490 2775 8325 491 2775 8326 488 2775 8327 492 2776 8328 490 2776 8329 487 2776 8330 490 2777 8331 493 2777 8332 494 2777 8333 492 2778 8334 495 2778 8335 493 2778 8336 493 2779 8337 496 2779 8338 497 2779 8339 493 2780 8340 495 2780 8341 498 2780 8342 496 2781 8343 498 2781 8344 499 2781 8345 495 2782 8346 500 2782 8347 499 2782 8348 494 2783 8349 497 2783 8350 499 2783 8351 501 2784 8352 500 2784 8353 495 2784 8354 491 2785 8355 494 2785 8356 500 2785 8357 492 2786 8358 489 2786 8359 502 2786 8360 501 2787 8361 502 2787 8362 488 2787 8363 489 2788 8364 486 2788 8365 503 2788 8366 502 2789 8367 503 2789 8368 485 2789 8369 505 2790 8370 509 2790 8371 508 2790 8372 506 2791 8373 518 2791 8374 505 2791 8375 507 2792 8376 519 2792 8377 506 2792 8378 504 2793 8379 508 2793 8380 510 2793 8381 509 2794 8382 512 2794 8383 511 2794 8384 508 2795 8385 511 2795 8386 513 2795 8387 510 2796 8388 513 2796 8389 514 2796 8390 515 2797 8391 514 2797 8392 512 2797 8393 516 2798 8394 515 2798 8395 509 2798 8396 507 2799 8397 510 2799 8398 515 2799 8399 518 2800 8400 517 2800 8401 516 2800 8402 517 2801 8403 519 2801 8404 507 2801 8405 518 2802 8406 506 2802 8407 519 2802 8408 524 2803 8409 521 2803 8410 520 2803 8411 523 2804 8412 520 2804 8413 522 2804 8414 527 2805 8415 524 2805 8416 523 2805 8417 526 2806 8418 523 2806 8419 525 2806 8420 526 2807 8421 529 2807 8422 530 2807 8423 528 2808 8424 531 2808 8425 529 2808 8426 530 2809 8427 529 2809 8428 532 2809 8429 529 2810 8430 531 2810 8431 534 2810 8432 532 2811 8433 534 2811 8434 535 2811 8435 531 2812 8436 536 2812 8437 535 2812 8438 530 2813 8439 533 2813 8440 535 2813 8441 537 2814 8442 536 2814 8443 531 2814 8444 527 2815 8445 530 2815 8446 536 2815 8447 528 2816 8448 525 2816 8449 538 2816 8450 527 2817 8451 537 2817 8452 538 2817 8453 525 2818 8454 522 2818 8455 539 2818 8456 538 2819 8457 539 2819 8458 521 2819 8459 541 2820 8460 545 2820 8461 544 2820 8462 540 2821 8463 542 2821 8464 554 2821 8465 543 2822 8466 555 2822 8467 542 2822 8468 540 2823 8469 544 2823 8470 546 2823 8471 545 2824 8472 548 2824 8473 547 2824 8474 544 2825 8475 547 2825 8476 549 2825 8477 546 2826 8478 549 2826 8479 550 2826 8480 551 2827 8481 550 2827 8482 548 2827 8483 552 2828 8484 551 2828 8485 545 2828 8486 543 2829 8487 546 2829 8488 551 2829 8489 554 2830 8490 553 2830 8491 552 2830 8492 553 2831 8493 555 2831 8494 543 2831 8495 554 2832 8496 542 2832 8497 555 2832 8498 560 2833 8499 557 2833 8500 556 2833 8501 559 2834 8502 556 2834 8503 558 2834 8504 562 2835 8505 563 2835 8506 560 2835 8507 562 2836 8508 559 2836 8509 561 2836 8510 562 2837 8511 565 2837 8512 566 2837 8513 564 2838 8514 567 2838 8515 565 2838 8516 565 2839 8517 568 2839 8518 569 2839 8519 565 2840 8520 567 2840 8521 570 2840 8522 568 2841 8523 570 2841 8524 571 2841 8525 567 2842 8526 572 2842 8527 571 2842 8528 566 2843 8529 569 2843 8530 571 2843 8531 573 2844 8532 572 2844 8533 567 2844 8534 563 2845 8535 566 2845 8536 572 2845 8537 564 2846 8538 561 2846 8539 574 2846 8540 563 2847 8541 573 2847 8542 574 2847 8543 561 2848 8544 558 2848 8545 575 2848 8546 574 2849 8547 575 2849 8548 557 2849 8549 577 2850 8550 581 2850 8551 580 2850 8552 578 2851 8553 590 2851 8554 577 2851 8555 579 2852 8556 591 2852 8557 578 2852 8558 576 2853 8559 580 2853 8560 582 2853 8561 581 2854 8562 584 2854 8563 583 2854 8564 580 2855 8565 583 2855 8566 585 2855 8567 582 2856 8568 585 2856 8569 586 2856 8570 587 2857 8571 586 2857 8572 584 2857 8573 588 2858 8574 587 2858 8575 581 2858 8576 579 2859 8577 582 2859 8578 587 2859 8579 590 2860 8580 589 2860 8581 588 2860 8582 588 2861 8583 589 2861 8584 591 2861 8585 590 2862 8586 578 2862 8587 591 2862 8588 596 2863 8589 593 2863 8590 592 2863 8591 595 2864 8592 592 2864 8593 594 2864 8594 598 2865 8595 599 2865 8596 596 2865 8597 598 2866 8598 595 2866 8599 597 2866 8600 598 2867 8601 601 2867 8602 602 2867 8603 600 2868 8604 603 2868 8605 601 2868 8606 601 2869 8607 604 2869 8608 605 2869 8609 601 2870 8610 603 2870 8611 606 2870 8612 604 2871 8613 606 2871 8614 607 2871 8615 603 2872 8616 608 2872 8617 607 2872 8618 602 2873 8619 605 2873 8620 607 2873 8621 609 2874 8622 608 2874 8623 603 2874 8624 599 2875 8625 602 2875 8626 608 2875 8627 600 2876 8628 597 2876 8629 610 2876 8630 599 2877 8631 609 2877 8632 610 2877 8633 597 2878 8634 594 2878 8635 611 2878 8636 610 2879 8637 611 2879 8638 593 2879 8639 613 2880 8640 617 2880 8641 616 2880 8642 614 2881 8643 626 2881 8644 613 2881 8645 615 2882 8646 627 2882 8647 614 2882 8648 612 2883 8649 616 2883 8650 618 2883 8651 617 2884 8652 620 2884 8653 619 2884 8654 616 2885 8655 619 2885 8656 621 2885 8657 618 2886 8658 621 2886 8659 622 2886 8660 623 2887 8661 622 2887 8662 620 2887 8663 624 2888 8664 623 2888 8665 617 2888 8666 615 2889 8667 618 2889 8668 623 2889 8669 626 2890 8670 625 2890 8671 624 2890 8672 625 2891 8673 627 2891 8674 615 2891 8675 626 2892 8676 614 2892 8677 627 2892 8678 632 2893 8679 629 2893 8680 628 2893 8681 631 2894 8682 628 2894 8683 630 2894 8684 635 2895 8685 632 2895 8686 631 2895 8687 634 2896 8688 631 2896 8689 633 2896 8690 634 2897 8691 637 2897 8692 638 2897 8693 636 2898 8694 639 2898 8695 637 2898 8696 637 2899 8697 640 2899 8698 641 2899 8699 637 2900 8700 639 2900 8701 642 2900 8702 640 2901 8703 642 2901 8704 643 2901 8705 639 2902 8706 644 2902 8707 643 2902 8708 638 2903 8709 641 2903 8710 643 2903 8711 645 2904 8712 644 2904 8713 639 2904 8714 635 2905 8715 638 2905 8716 644 2905 8717 636 2906 8718 633 2906 8719 646 2906 8720 635 2907 8721 645 2907 8722 646 2907 8723 633 2908 8724 630 2908 8725 647 2908 8726 646 2909 8727 647 2909 8728 629 2909 8729 649 2910 8730 653 2910 8731 652 2910 8732 648 2911 8733 650 2911 8734 662 2911 8735 651 2912 8736 663 2912 8737 650 2912 8738 648 2913 8739 652 2913 8740 654 2913 8741 653 2914 8742 656 2914 8743 655 2914 8744 652 2915 8745 655 2915 8746 657 2915 8747 654 2916 8748 657 2916 8749 658 2916 8750 659 2917 8751 658 2917 8752 656 2917 8753 660 2918 8754 659 2918 8755 653 2918 8756 651 2919 8757 654 2919 8758 659 2919 8759 662 2920 8760 661 2920 8761 660 2920 8762 661 2921 8763 663 2921 8764 651 2921 8765 662 2922 8766 650 2922 8767 663 2922 8768 668 2923 8769 665 2923 8770 664 2923 8771 667 2924 8772 664 2924 8773 666 2924 8774 670 2925 8775 671 2925 8776 668 2925 8777 670 2926 8778 667 2926 8779 669 2926 8780 670 2927 8781 673 2927 8782 674 2927 8783 672 2928 8784 675 2928 8785 673 2928 8786 673 2929 8787 676 2929 8788 677 2929 8789 673 2930 8790 675 2930 8791 678 2930 8792 676 2931 8793 678 2931 8794 679 2931 8795 675 2932 8796 680 2932 8797 679 2932 8798 674 2933 8799 677 2933 8800 679 2933 8801 681 2934 8802 680 2934 8803 675 2934 8804 671 2935 8805 674 2935 8806 680 2935 8807 672 2936 8808 669 2936 8809 682 2936 8810 671 2937 8811 681 2937 8812 682 2937 8813 669 2938 8814 666 2938 8815 683 2938 8816 682 2939 8817 683 2939 8818 665 2939 8819 685 2940 8820 689 2940 8821 688 2940 8822 686 2941 8823 698 2941 8824 685 2941 8825 687 2942 8826 699 2942 8827 686 2942 8828 684 2943 8829 688 2943 8830 690 2943 8831 689 2944 8832 692 2944 8833 691 2944 8834 688 2945 8835 691 2945 8836 693 2945 8837 690 2946 8838 693 2946 8839 694 2946 8840 695 2947 8841 694 2947 8842 692 2947 8843 696 2948 8844 695 2948 8845 689 2948 8846 687 2949 8847 690 2949 8848 695 2949 8849 698 2950 8850 697 2950 8851 696 2950 8852 697 2951 8853 699 2951 8854 687 2951 8855 697 2952 8856 698 2952 8857 686 2952 8858 704 2953 8859 701 2953 8860 700 2953 8861 703 2954 8862 700 2954 8863 702 2954 8864 706 2955 8865 707 2955 8866 704 2955 8867 706 2956 8868 703 2956 8869 705 2956 8870 706 2957 8871 709 2957 8872 710 2957 8873 708 2958 8874 711 2958 8875 709 2958 8876 709 2959 8877 712 2959 8878 713 2959 8879 709 2960 8880 711 2960 8881 714 2960 8882 712 2961 8883 714 2961 8884 715 2961 8885 711 2962 8886 716 2962 8887 715 2962 8888 710 2963 8889 713 2963 8890 715 2963 8891 717 2964 8892 716 2964 8893 711 2964 8894 707 2965 8895 710 2965 8896 716 2965 8897 708 2966 8898 705 2966 8899 718 2966 8900 717 2967 8901 718 2967 8902 704 2967 8903 705 2968 8904 702 2968 8905 719 2968 8906 718 2969 8907 719 2969 8908 701 2969 8909 721 2970 8910 725 2970 8911 724 2970 8912 722 2971 8913 734 2971 8914 721 2971 8915 723 2972 8916 735 2972 8917 722 2972 8918 720 2973 8919 724 2973 8920 726 2973 8921 725 2974 8922 728 2974 8923 727 2974 8924 724 2975 8925 727 2975 8926 729 2975 8927 726 2976 8928 729 2976 8929 730 2976 8930 731 2977 8931 730 2977 8932 728 2977 8933 732 2978 8934 731 2978 8935 725 2978 8936 723 2979 8937 726 2979 8938 731 2979 8939 734 2980 8940 733 2980 8941 732 2980 8942 733 2981 8943 735 2981 8944 723 2981 8945 734 2982 8946 722 2982 8947 735 2982 8948 740 2983 8949 737 2983 8950 736 2983 8951 739 2984 8952 736 2984 8953 738 2984 8954 743 2985 8955 740 2985 8956 739 2985 8957 744 2986 8958 742 2986 8959 739 2986 8960 742 2987 8961 745 2987 8962 746 2987 8963 744 2988 8964 747 2988 8965 745 2988 8966 745 2989 8967 748 2989 8968 749 2989 8969 745 2990 8970 747 2990 8971 750 2990 8972 748 2991 8973 750 2991 8974 751 2991 8975 747 2992 8976 752 2992 8977 751 2992 8978 746 2993 8979 749 2993 8980 751 2993 8981 753 2994 8982 752 2994 8983 747 2994 8984 743 2995 8985 746 2995 8986 752 2995 8987 744 2996 8988 741 2996 8989 754 2996 8990 753 2997 8991 754 2997 8992 740 2997 8993 741 2998 8994 738 2998 8995 755 2998 8996 754 2999 8997 755 2999 8998 737 2999 8999 757 3000 9000 761 3000 9001 760 3000 9002 758 3001 9003 770 3001 9004 757 3001 9005 759 3002 9006 771 3002 9007 758 3002 9008 756 3003 9009 760 3003 9010 762 3003 9011 761 3004 9012 764 3004 9013 763 3004 9014 760 3005 9015 763 3005 9016 765 3005 9017 762 3006 9018 765 3006 9019 766 3006 9020 767 3007 9021 766 3007 9022 764 3007 9023 768 3008 9024 767 3008 9025 761 3008 9026 759 3009 9027 762 3009 9028 767 3009 9029 770 3010 9030 769 3010 9031 768 3010 9032 769 3011 9033 771 3011 9034 759 3011 9035 770 3012 9036 758 3012 9037 771 3012 9038 776 3013 9039 773 3013 9040 772 3013 9041 775 3014 9042 772 3014 9043 774 3014 9044 778 3015 9045 779 3015 9046 776 3015 9047 780 3016 9048 778 3016 9049 775 3016 9050 778 3017 9051 781 3017 9052 782 3017 9053 780 3018 9054 783 3018 9055 781 3018 9056 781 3019 9057 784 3019 9058 785 3019 9059 781 3020 9060 783 3020 9061 786 3020 9062 784 3021 9063 786 3021 9064 787 3021 9065 788 3022 9066 787 3022 9067 786 3022 9068 782 3023 9069 785 3023 9070 787 3023 9071 789 3024 9072 788 3024 9073 783 3024 9074 779 3025 9075 782 3025 9076 788 3025 9077 789 3026 9078 780 3026 9079 777 3026 9080 779 3027 9081 789 3027 9082 790 3027 9083 777 3028 9084 774 3028 9085 791 3028 9086 790 3029 9087 791 3029 9088 773 3029 9089 793 3030 9090 797 3030 9091 796 3030 9092 792 3031 9093 794 3031 9094 806 3031 9095 795 3032 9096 807 3032 9097 794 3032 9098 792 3033 9099 796 3033 9100 798 3033 9101 797 3034 9102 800 3034 9103 799 3034 9104 796 3035 9105 799 3035 9106 801 3035 9107 798 3036 9108 801 3036 9109 802 3036 9110 803 3037 9111 802 3037 9112 800 3037 9113 804 3038 9114 803 3038 9115 797 3038 9116 795 3039 9117 798 3039 9118 803 3039 9119 806 3040 9120 805 3040 9121 804 3040 9122 804 3041 9123 805 3041 9124 807 3041 9125 806 3042 9126 794 3042 9127 807 3042 9128 812 3043 9129 809 3043 9130 808 3043 9131 811 3044 9132 808 3044 9133 810 3044 9134 814 3045 9135 815 3045 9136 812 3045 9137 816 3046 9138 814 3046 9139 811 3046 9140 814 3047 9141 817 3047 9142 818 3047 9143 816 3048 9144 819 3048 9145 817 3048 9146 817 3049 9147 820 3049 9148 821 3049 9149 817 3050 9150 819 3050 9151 822 3050 9152 820 3051 9153 822 3051 9154 823 3051 9155 824 3052 9156 823 3052 9157 822 3052 9158 818 3053 9159 821 3053 9160 823 3053 9161 825 3054 9162 824 3054 9163 819 3054 9164 815 3055 9165 818 3055 9166 824 3055 9167 825 3056 9168 816 3056 9169 813 3056 9170 825 3057 9171 826 3057 9172 812 3057 9173 813 3058 9174 810 3058 9175 827 3058 9176 826 3059 9177 827 3059 9178 809 3059 9179 829 3060 9180 833 3060 9181 832 3060 9182 830 3061 9183 842 3061 9184 829 3061 9185 843 3062 9186 830 3062 9187 828 3062 9188 828 3063 9189 832 3063 9190 834 3063 9191 833 3064 9192 836 3064 9193 835 3064 9194 832 3065 9195 835 3065 9196 837 3065 9197 834 3066 9198 837 3066 9199 838 3066 9200 839 3067 9201 838 3067 9202 836 3067 9203 840 3068 9204 839 3068 9205 833 3068 9206 831 3069 9207 834 3069 9208 839 3069 9209 829 3070 9210 842 3070 9211 841 3070 9212 840 3071 9213 841 3071 9214 843 3071 9215 842 3072 9216 830 3072 9217 843 3072 9218 848 3073 9219 845 3073 9220 844 3073 9221 847 3074 9222 844 3074 9223 846 3074 9224 851 3075 9225 848 3075 9226 847 3075 9227 852 3076 9228 850 3076 9229 847 3076 9230 850 3077 9231 853 3077 9232 854 3077 9233 852 3078 9234 855 3078 9235 853 3078 9236 853 3079 9237 856 3079 9238 857 3079 9239 855 3080 9240 858 3080 9241 856 3080 9242 858 3081 9243 859 3081 9244 857 3081 9245 855 3082 9246 860 3082 9247 859 3082 9248 860 3083 9249 854 3083 9250 857 3083 9251 861 3084 9252 860 3084 9253 855 3084 9254 851 3085 9255 854 3085 9256 860 3085 9257 852 3086 9258 849 3086 9259 862 3086 9260 851 3087 9261 861 3087 9262 862 3087 9263 849 3088 9264 846 3088 9265 863 3088 9266 862 3089 9267 863 3089 9268 845 3089 9269 865 3090 9270 869 3090 9271 868 3090 9272 866 3091 9273 878 3091 9274 865 3091 9275 867 3092 9276 879 3092 9277 866 3092 9278 864 3093 9279 868 3093 9280 870 3093 9281 869 3094 9282 872 3094 9283 871 3094 9284 868 3095 9285 871 3095 9286 873 3095 9287 870 3096 9288 873 3096 9289 874 3096 9290 875 3097 9291 874 3097 9292 872 3097 9293 876 3098 9294 875 3098 9295 869 3098 9296 867 3099 9297 870 3099 9298 875 3099 9299 878 3100 9300 877 3100 9301 876 3100 9302 877 3101 9303 879 3101 9304 867 3101 9305 878 3102 9306 866 3102 9307 879 3102 9308 884 3103 9309 881 3103 9310 880 3103 9311 883 3104 9312 880 3104 9313 882 3104 9314 887 3105 9315 884 3105 9316 883 3105 9317 886 3106 9318 883 3106 9319 885 3106 9320 886 3107 9321 889 3107 9322 890 3107 9323 888 3108 9324 891 3108 9325 889 3108 9326 889 3109 9327 892 3109 9328 893 3109 9329 889 3110 9330 891 3110 9331 894 3110 9332 894 3111 9333 895 3111 9334 893 3111 9335 891 3112 9336 896 3112 9337 895 3112 9338 890 3113 9339 893 3113 9340 895 3113 9341 897 3114 9342 896 3114 9343 891 3114 9344 887 3115 9345 890 3115 9346 896 3115 9347 888 3116 9348 885 3116 9349 898 3116 9350 887 3117 9351 897 3117 9352 898 3117 9353 885 3118 9354 882 3118 9355 899 3118 9356 898 3119 9357 899 3119 9358 881 3119 9359 901 3120 9360 905 3120 9361 904 3120 9362 900 3121 9363 902 3121 9364 914 3121 9365 915 3122 9366 902 3122 9367 900 3122 9368 900 3123 9369 904 3123 9370 906 3123 9371 905 3124 9372 908 3124 9373 907 3124 9374 904 3125 9375 907 3125 9376 909 3125 9377 906 3126 9378 909 3126 9379 910 3126 9380 911 3127 9381 910 3127 9382 908 3127 9383 912 3128 9384 911 3128 9385 905 3128 9386 903 3129 9387 906 3129 9388 911 3129 9389 901 3130 9390 914 3130 9391 913 3130 9392 913 3131 9393 915 3131 9394 903 3131 9395 914 3132 9396 902 3132 9397 915 3132 9398 920 3133 9399 917 3133 9400 916 3133 9401 919 3134 9402 916 3134 9403 918 3134 9404 923 3135 9405 920 3135 9406 919 3135 9407 922 3136 9408 919 3136 9409 921 3136 9410 922 3137 9411 925 3137 9412 926 3137 9413 924 3138 9414 927 3138 9415 925 3138 9416 925 3139 9417 928 3139 9418 929 3139 9419 925 3140 9420 927 3140 9421 930 3140 9422 928 3141 9423 930 3141 9424 931 3141 9425 927 3142 9426 932 3142 9427 931 3142 9428 926 3143 9429 929 3143 9430 931 3143 9431 933 3144 9432 932 3144 9433 927 3144 9434 923 3145 9435 926 3145 9436 932 3145 9437 924 3146 9438 921 3146 9439 934 3146 9440 923 3147 9441 933 3147 9442 934 3147 9443 921 3148 9444 918 3148 9445 935 3148 9446 934 3149 9447 935 3149 9448 917 3149 9449 937 3150 9450 941 3150 9451 940 3150 9452 936 3151 9453 938 3151 9454 950 3151 9455 951 3152 9456 938 3152 9457 936 3152 9458 936 3153 9459 940 3153 9460 942 3153 9461 941 3154 9462 944 3154 9463 943 3154 9464 940 3155 9465 943 3155 9466 945 3155 9467 942 3156 9468 945 3156 9469 946 3156 9470 947 3157 9471 946 3157 9472 944 3157 9473 948 3158 9474 947 3158 9475 941 3158 9476 939 3159 9477 942 3159 9478 947 3159 9479 937 3160 9480 950 3160 9481 949 3160 9482 949 3161 9483 951 3161 9484 939 3161 9485 950 3162 9486 938 3162 9487 951 3162 9488 956 3163 9489 953 3163 9490 952 3163 9491 955 3164 9492 952 3164 9493 954 3164 9494 959 3165 9495 956 3165 9496 955 3165 9497 960 3166 9498 958 3166 9499 955 3166 9500 958 3167 9501 961 3167 9502 962 3167 9503 960 3168 9504 963 3168 9505 961 3168 9506 961 3169 9507 964 3169 9508 965 3169 9509 963 3170 9510 966 3170 9511 964 3170 9512 964 3171 9513 966 3171 9514 967 3171 9515 963 3172 9516 968 3172 9517 967 3172 9518 968 3173 9519 962 3173 9520 965 3173 9521 969 3174 9522 968 3174 9523 963 3174 9524 959 3175 9525 962 3175 9526 968 3175 9527 960 3176 9528 957 3176 9529 970 3176 9530 959 3177 9531 969 3177 9532 970 3177 9533 957 3178 9534 954 3178 9535 971 3178 9536 970 3179 9537 971 3179 9538 953 3179 9539 973 3180 9540 977 3180 9541 976 3180 9542 972 3181 9543 974 3181 9544 986 3181 9545 987 3182 9546 974 3182 9547 972 3182 9548 972 3183 9549 976 3183 9550 978 3183 9551 977 3184 9552 980 3184 9553 979 3184 9554 976 3185 9555 979 3185 9556 981 3185 9557 978 3186 9558 981 3186 9559 982 3186 9560 983 3187 9561 982 3187 9562 980 3187 9563 984 3188 9564 983 3188 9565 977 3188 9566 975 3189 9567 978 3189 9568 983 3189 9569 973 3190 9570 986 3190 9571 985 3190 9572 984 3191 9573 985 3191 9574 987 3191 9575 986 3192 9576 974 3192 9577 987 3192 9578 992 3193 9579 989 3193 9580 988 3193 9581 991 3194 9582 988 3194 9583 990 3194 9584 994 3195 9585 995 3195 9586 992 3195 9587 996 3196 9588 994 3196 9589 991 3196 9590 994 3197 9591 997 3197 9592 998 3197 9593 996 3198 9594 999 3198 9595 997 3198 9596 997 3199 9597 1000 3199 9598 1001 3199 9599 999 3200 9600 1002 3200 9601 1000 3200 9602 1000 3201 9603 1002 3201 9604 1003 3201 9605 999 3202 9606 1004 3202 9607 1003 3202 9608 1004 3203 9609 998 3203 9610 1001 3203 9611 1005 3204 9612 1004 3204 9613 999 3204 9614 995 3205 9615 998 3205 9616 1004 3205 9617 996 3206 9618 993 3206 9619 1006 3206 9620 1005 3207 9621 1006 3207 9622 992 3207 9623 993 3208 9624 990 3208 9625 1007 3208 9626 1006 3209 9627 1007 3209 9628 989 3209 9629 1009 3210 9630 1013 3210 9631 1012 3210 9632 1008 3211 9633 1010 3211 9634 1022 3211 9635 1023 3212 9636 1010 3212 9637 1008 3212 9638 1008 3213 9639 1012 3213 9640 1014 3213 9641 1013 3214 9642 1016 3214 9643 1015 3214 9644 1012 3215 9645 1015 3215 9646 1017 3215 9647 1014 3216 9648 1017 3216 9649 1018 3216 9650 1019 3217 9651 1018 3217 9652 1016 3217 9653 1020 3218 9654 1019 3218 9655 1013 3218 9656 1011 3219 9657 1014 3219 9658 1019 3219 9659 1009 3220 9660 1022 3220 9661 1021 3220 9662 1021 3221 9663 1023 3221 9664 1011 3221 9665 1022 3222 9666 1010 3222 9667 1023 3222 9668 1028 3223 9669 1025 3223 9670 1024 3223 9671 1027 3224 9672 1024 3224 9673 1026 3224 9674 1030 3225 9675 1031 3225 9676 1028 3225 9677 1032 3226 9678 1030 3226 9679 1027 3226 9680 1030 3227 9681 1033 3227 9682 1034 3227 9683 1032 3228 9684 1035 3228 9685 1033 3228 9686 1033 3229 9687 1036 3229 9688 1037 3229 9689 1033 3230 9690 1035 3230 9691 1038 3230 9692 1036 3231 9693 1038 3231 9694 1039 3231 9695 1035 3232 9696 1040 3232 9697 1039 3232 9698 1034 3233 9699 1037 3233 9700 1039 3233 9701 1041 3234 9702 1040 3234 9703 1035 3234 9704 1031 3235 9705 1034 3235 9706 1040 3235 9707 1041 3236 9708 1032 3236 9709 1029 3236 9710 1041 3237 9711 1042 3237 9712 1028 3237 9713 1029 3238 9714 1026 3238 9715 1043 3238 9716 1042 3239 9717 1043 3239 9718 1025 3239 9719 1045 3240 9720 1049 3240 9721 1048 3240 9722 1044 3241 9723 1046 3241 9724 1058 3241 9725 1059 3242 9726 1046 3242 9727 1044 3242 9728 1044 3243 9729 1048 3243 9730 1050 3243 9731 1049 3244 9732 1052 3244 9733 1051 3244 9734 1048 3245 9735 1051 3245 9736 1053 3245 9737 1050 3246 9738 1053 3246 9739 1054 3246 9740 1055 3247 9741 1054 3247 9742 1052 3247 9743 1056 3248 9744 1055 3248 9745 1049 3248 9746 1047 3249 9747 1050 3249 9748 1055 3249 9749 1045 3250 9750 1058 3250 9751 1057 3250 9752 1056 3251 9753 1057 3251 9754 1059 3251 9755 1058 3252 9756 1046 3252 9757 1059 3252 9758 1064 3253 9759 1061 3253 9760 1060 3253 9761 1063 3254 9762 1060 3254 9763 1062 3254 9764 1067 3255 9765 1064 3255 9766 1063 3255 9767 1068 3256 9768 1066 3256 9769 1063 3256 9770 1066 3257 9771 1069 3257 9772 1070 3257 9773 1068 3258 9774 1071 3258 9775 1069 3258 9776 1069 3259 9777 1072 3259 9778 1073 3259 9779 1071 3260 9780 1074 3260 9781 1072 3260 9782 1072 3261 9783 1074 3261 9784 1075 3261 9785 1071 3262 9786 1076 3262 9787 1075 3262 9788 1076 3263 9789 1070 3263 9790 1073 3263 9791 1077 3264 9792 1076 3264 9793 1071 3264 9794 1067 3265 9795 1070 3265 9796 1076 3265 9797 1077 3266 9798 1068 3266 9799 1065 3266 9800 1067 3267 9801 1077 3267 9802 1078 3267 9803 1065 3268 9804 1062 3268 9805 1079 3268 9806 1078 3269 9807 1079 3269 9808 1061 3269 9809 1081 3270 9810 1085 3270 9811 1084 3270 9812 1080 3271 9813 1082 3271 9814 1094 3271 9815 1095 3272 9816 1082 3272 9817 1080 3272 9818 1080 3273 9819 1084 3273 9820 1086 3273 9821 1085 3274 9822 1088 3274 9823 1087 3274 9824 1084 3275 9825 1087 3275 9826 1089 3275 9827 1086 3276 9828 1089 3276 9829 1090 3276 9830 1091 3277 9831 1090 3277 9832 1088 3277 9833 1092 3278 9834 1091 3278 9835 1085 3278 9836 1083 3279 9837 1086 3279 9838 1091 3279 9839 1081 3280 9840 1094 3280 9841 1093 3280 9842 1092 3281 9843 1093 3281 9844 1095 3281 9845 1094 3282 9846 1082 3282 9847 1095 3282 9848 1100 3283 9849 1097 3283 9850 1096 3283 9851 1099 3284 9852 1096 3284 9853 1098 3284 9854 1102 3285 9855 1103 3285 9856 1100 3285 9857 1102 3286 9858 1099 3286 9859 1101 3286 9860 1102 3287 9861 1105 3287 9862 1106 3287 9863 1104 3288 9864 1107 3288 9865 1105 3288 9866 1105 3289 9867 1108 3289 9868 1109 3289 9869 1107 3290 9870 1110 3290 9871 1108 3290 9872 1108 3291 9873 1110 3291 9874 1111 3291 9875 1107 3292 9876 1112 3292 9877 1111 3292 9878 1112 3293 9879 1106 3293 9880 1109 3293 9881 1113 3294 9882 1112 3294 9883 1107 3294 9884 1103 3295 9885 1106 3295 9886 1112 3295 9887 1104 3296 9888 1101 3296 9889 1114 3296 9890 1103 3297 9891 1113 3297 9892 1114 3297 9893 1101 3298 9894 1098 3298 9895 1115 3298 9896 1114 3299 9897 1115 3299 9898 1097 3299 9899 1117 3300 9900 1121 3300 9901 1120 3300 9902 1116 3301 9903 1118 3301 9904 1130 3301 9905 1131 3302 9906 1118 3302 9907 1116 3302 9908 1116 3303 9909 1120 3303 9910 1122 3303 9911 1121 3304 9912 1124 3304 9913 1123 3304 9914 1120 3305 9915 1123 3305 9916 1125 3305 9917 1122 3306 9918 1125 3306 9919 1126 3306 9920 1127 3307 9921 1126 3307 9922 1124 3307 9923 1128 3308 9924 1127 3308 9925 1121 3308 9926 1119 3309 9927 1122 3309 9928 1127 3309 9929 1117 3310 9930 1130 3310 9931 1129 3310 9932 1129 3311 9933 1131 3311 9934 1119 3311 9935 1130 3312 9936 1118 3312 9937 1131 3312 9938 1136 3313 9939 1133 3313 9940 1132 3313 9941 1135 3314 9942 1132 3314 9943 1134 3314 9944 1139 3315 9945 1136 3315 9946 1135 3315 9947 1138 3316 9948 1135 3316 9949 1137 3316 9950 1138 3317 9951 1141 3317 9952 1142 3317 9953 1140 3318 9954 1143 3318 9955 1141 3318 9956 1141 3319 9957 1144 3319 9958 1145 3319 9959 1143 3320 9960 1146 3320 9961 1144 3320 9962 1144 3321 9963 1146 3321 9964 1147 3321 9965 1143 3322 9966 1148 3322 9967 1147 3322 9968 1148 3323 9969 1142 3323 9970 1145 3323 9971 1149 3324 9972 1148 3324 9973 1143 3324 9974 1139 3325 9975 1142 3325 9976 1148 3325 9977 1140 3326 9978 1137 3326 9979 1150 3326 9980 1139 3327 9981 1149 3327 9982 1150 3327 9983 1137 3328 9984 1134 3328 9985 1151 3328 9986 1150 3329 9987 1151 3329 9988 1133 3329 9989 1153 3330 9990 1157 3330 9991 1156 3330 9992 1152 3331 9993 1154 3331 9994 1166 3331 9995 1167 3332 9996 1154 3332 9997 1152 3332 9998 1152 3333 9999 1156 3333 10000 1158 3333 10001 1157 3334 10002 1160 3334 10003 1159 3334 10004 1156 3335 10005 1159 3335 10006 1161 3335 10007 1158 3336 10008 1161 3336 10009 1162 3336 10010 1163 3337 10011 1162 3337 10012 1160 3337 10013 1164 3338 10014 1163 3338 10015 1157 3338 10016 1155 3339 10017 1158 3339 10018 1163 3339 10019 1153 3340 10020 1166 3340 10021 1165 3340 10022 1165 3341 10023 1167 3341 10024 1155 3341 10025 1166 3342 10026 1154 3342 10027 1167 3342 10028 1172 3343 10029 1169 3343 10030 1168 3343 10031 1171 3344 10032 1168 3344 10033 1170 3344 10034 1174 3345 10035 1175 3345 10036 1172 3345 10037 1176 3346 10038 1174 3346 10039 1171 3346 10040 1174 3347 10041 1177 3347 10042 1178 3347 10043 1176 3348 10044 1179 3348 10045 1177 3348 10046 1177 3349 10047 1180 3349 10048 1181 3349 10049 1179 3350 10050 1182 3350 10051 1180 3350 10052 1180 3351 10053 1182 3351 10054 1183 3351 10055 1179 3352 10056 1184 3352 10057 1183 3352 10058 1184 3353 10059 1178 3353 10060 1181 3353 10061 1185 3354 10062 1184 3354 10063 1179 3354 10064 1175 3355 10065 1178 3355 10066 1184 3355 10067 1176 3356 10068 1173 3356 10069 1186 3356 10070 1175 3357 10071 1185 3357 10072 1186 3357 10073 1173 3358 10074 1170 3358 10075 1187 3358 10076 1186 3359 10077 1187 3359 10078 1169 3359 10079 1189 3360 10080 1193 3360 10081 1192 3360 10082 1190 3361 10083 1202 3361 10084 1189 3361 10085 1203 3362 10086 1190 3362 10087 1188 3362 10088 1188 3363 10089 1192 3363 10090 1194 3363 10091 1193 3364 10092 1196 3364 10093 1195 3364 10094 1192 3365 10095 1195 3365 10096 1197 3365 10097 1194 3366 10098 1197 3366 10099 1198 3366 10100 1199 3367 10101 1198 3367 10102 1196 3367 10103 1200 3368 10104 1199 3368 10105 1193 3368 10106 1191 3369 10107 1194 3369 10108 1199 3369 10109 1189 3370 10110 1202 3370 10111 1201 3370 10112 1201 3371 10113 1203 3371 10114 1191 3371 10115 1202 3372 10116 1190 3372 10117 1203 3372 10118 1208 3373 10119 1205 3373 10120 1204 3373 10121 1207 3374 10122 1204 3374 10123 1206 3374 10124 1210 3375 10125 1211 3375 10126 1208 3375 10127 1212 3376 10128 1210 3376 10129 1207 3376 10130 1210 3377 10131 1213 3377 10132 1214 3377 10133 1212 3378 10134 1215 3378 10135 1213 3378 10136 1213 3379 10137 1216 3379 10138 1217 3379 10139 1215 3380 10140 1218 3380 10141 1216 3380 10142 1216 3381 10143 1218 3381 10144 1219 3381 10145 1215 3382 10146 1220 3382 10147 1219 3382 10148 1220 3383 10149 1214 3383 10150 1217 3383 10151 1221 3384 10152 1220 3384 10153 1215 3384 10154 1211 3385 10155 1214 3385 10156 1220 3385 10157 1212 3386 10158 1209 3386 10159 1222 3386 10160 1221 3387 10161 1222 3387 10162 1208 3387 10163 1209 3388 10164 1206 3388 10165 1223 3388 10166 1222 3389 10167 1223 3389 10168 1205 3389 10169 1225 3390 10170 1229 3390 10171 1228 3390 10172 1224 3391 10173 1226 3391 10174 1238 3391 10175 1239 3392 10176 1226 3392 10177 1224 3392 10178 1224 3393 10179 1228 3393 10180 1230 3393 10181 1229 3394 10182 1232 3394 10183 1231 3394 10184 1228 3395 10185 1231 3395 10186 1233 3395 10187 1230 3396 10188 1233 3396 10189 1234 3396 10190 1235 3397 10191 1234 3397 10192 1232 3397 10193 1236 3398 10194 1235 3398 10195 1229 3398 10196 1227 3399 10197 1230 3399 10198 1235 3399 10199 1225 3400 10200 1238 3400 10201 1237 3400 10202 1237 3401 10203 1239 3401 10204 1227 3401 10205 1238 3402 10206 1226 3402 10207 1239 3402 10208 1244 3403 10209 1241 3403 10210 1240 3403 10211 1243 3404 10212 1240 3404 10213 1242 3404 10214 1247 3405 10215 1244 3405 10216 1243 3405 10217 1248 3406 10218 1246 3406 10219 1243 3406 10220 1246 3407 10221 1249 3407 10222 1250 3407 10223 1248 3408 10224 1251 3408 10225 1249 3408 10226 1249 3409 10227 1252 3409 10228 1253 3409 10229 1251 3410 10230 1254 3410 10231 1252 3410 10232 1252 3411 10233 1254 3411 10234 1255 3411 10235 1251 3412 10236 1256 3412 10237 1255 3412 10238 1256 3413 10239 1250 3413 10240 1253 3413 10241 1257 3414 10242 1256 3414 10243 1251 3414 10244 1247 3415 10245 1250 3415 10246 1256 3415 10247 1248 3416 10248 1245 3416 10249 1258 3416 10250 1247 3417 10251 1257 3417 10252 1258 3417 10253 1245 3418 10254 1242 3418 10255 1259 3418 10256 1258 3419 10257 1259 3419 10258 1241 3419 10259 1261 3420 10260 1265 3420 10261 1264 3420 10262 1260 3421 10263 1262 3421 10264 1274 3421 10265 1275 3422 10266 1262 3422 10267 1260 3422 10268 1260 3423 10269 1264 3423 10270 1266 3423 10271 1265 3424 10272 1268 3424 10273 1267 3424 10274 1264 3425 10275 1267 3425 10276 1269 3425 10277 1266 3426 10278 1269 3426 10279 1270 3426 10280 1271 3427 10281 1270 3427 10282 1268 3427 10283 1272 3428 10284 1271 3428 10285 1265 3428 10286 1263 3429 10287 1266 3429 10288 1271 3429 10289 1261 3430 10290 1274 3430 10291 1273 3430 10292 1273 3431 10293 1275 3431 10294 1263 3431 10295 1274 3432 10296 1262 3432 10297 1275 3432 10298 1280 3433 10299 1277 3433 10300 1276 3433 10301 1279 3434 10302 1276 3434 10303 1278 3434 10304 1283 3435 10305 1280 3435 10306 1279 3435 10307 1284 3436 10308 1282 3436 10309 1279 3436 10310 1282 3437 10311 1285 3437 10312 1286 3437 10313 1284 3438 10314 1287 3438 10315 1285 3438 10316 1285 3439 10317 1288 3439 10318 1289 3439 10319 1287 3440 10320 1290 3440 10321 1288 3440 10322 1288 3441 10323 1290 3441 10324 1291 3441 10325 1287 3442 10326 1292 3442 10327 1291 3442 10328 1292 3443 10329 1286 3443 10330 1289 3443 10331 1293 3444 10332 1292 3444 10333 1287 3444 10334 1283 3445 10335 1286 3445 10336 1292 3445 10337 1284 3446 10338 1281 3446 10339 1294 3446 10340 1283 3447 10341 1293 3447 10342 1294 3447 10343 1281 3448 10344 1278 3448 10345 1295 3448 10346 1294 3449 10347 1295 3449 10348 1277 3449 10349 1297 3450 10350 1301 3450 10351 1300 3450 10352 1296 3451 10353 1298 3451 10354 1310 3451 10355 1311 3452 10356 1298 3452 10357 1296 3452 10358 1296 3453 10359 1300 3453 10360 1302 3453 10361 1301 3454 10362 1304 3454 10363 1303 3454 10364 1300 3455 10365 1303 3455 10366 1305 3455 10367 1302 3456 10368 1305 3456 10369 1306 3456 10370 1307 3457 10371 1306 3457 10372 1304 3457 10373 1308 3458 10374 1307 3458 10375 1301 3458 10376 1299 3459 10377 1302 3459 10378 1307 3459 10379 1297 3460 10380 1310 3460 10381 1309 3460 10382 1308 3461 10383 1309 3461 10384 1311 3461 10385 1310 3462 10386 1298 3462 10387 1311 3462 10388 1316 3463 10389 1313 3463 10390 1312 3463 10391 1315 3464 10392 1312 3464 10393 1314 3464 10394 1318 3465 10395 1319 3465 10396 1316 3465 10397 1318 3466 10398 1315 3466 10399 1317 3466 10400 1318 3467 10401 1321 3467 10402 1322 3467 10403 1320 3468 10404 1323 3468 10405 1321 3468 10406 1321 3469 10407 1324 3469 10408 1325 3469 10409 1323 3470 10410 1326 3470 10411 1324 3470 10412 1326 3471 10413 1327 3471 10414 1325 3471 10415 1323 3472 10416 1328 3472 10417 1327 3472 10418 1328 3473 10419 1322 3473 10420 1325 3473 10421 1329 3474 10422 1328 3474 10423 1323 3474 10424 1319 3475 10425 1322 3475 10426 1328 3475 10427 1329 3476 10428 1320 3476 10429 1317 3476 10430 1319 3477 10431 1329 3477 10432 1330 3477 10433 1317 3478 10434 1314 3478 10435 1331 3478 10436 1330 3479 10437 1331 3479 10438 1313 3479 10439 1333 3480 10440 1337 3480 10441 1336 3480 10442 1332 3481 10443 1334 3481 10444 1346 3481 10445 1347 3482 10446 1334 3482 10447 1332 3482 10448 1332 3483 10449 1336 3483 10450 1338 3483 10451 1337 3484 10452 1340 3484 10453 1339 3484 10454 1336 3485 10455 1339 3485 10456 1341 3485 10457 1338 3486 10458 1341 3486 10459 1342 3486 10460 1343 3487 10461 1342 3487 10462 1340 3487 10463 1344 3488 10464 1343 3488 10465 1337 3488 10466 1335 3489 10467 1338 3489 10468 1343 3489 10469 1333 3490 10470 1346 3490 10471 1345 3490 10472 1345 3491 10473 1347 3491 10474 1335 3491 10475 1346 3492 10476 1334 3492 10477 1347 3492 10478 1352 3493 10479 1349 3493 10480 1348 3493 10481 1351 3494 10482 1348 3494 10483 1350 3494 10484 1355 3495 10485 1352 3495 10486 1351 3495 10487 1356 3496 10488 1354 3496 10489 1351 3496 10490 1354 3497 10491 1357 3497 10492 1358 3497 10493 1356 3498 10494 1359 3498 10495 1357 3498 10496 1357 3499 10497 1360 3499 10498 1361 3499 10499 1357 3500 10500 1359 3500 10501 1362 3500 10502 1360 3501 10503 1362 3501 10504 1363 3501 10505 1359 3502 10506 1364 3502 10507 1363 3502 10508 1358 3503 10509 1361 3503 10510 1363 3503 10511 1365 3504 10512 1364 3504 10513 1359 3504 10514 1355 3505 10515 1358 3505 10516 1364 3505 10517 1356 3506 10518 1353 3506 10519 1366 3506 10520 1355 3507 10521 1365 3507 10522 1366 3507 10523 1353 3508 10524 1350 3508 10525 1367 3508 10526 1366 3509 10527 1367 3509 10528 1349 3509 10529 1369 3510 10530 1373 3510 10531 1372 3510 10532 1368 3511 10533 1370 3511 10534 1382 3511 10535 1383 3512 10536 1370 3512 10537 1368 3512 10538 1368 3513 10539 1372 3513 10540 1374 3513 10541 1373 3514 10542 1376 3514 10543 1375 3514 10544 1372 3515 10545 1375 3515 10546 1377 3515 10547 1374 3516 10548 1377 3516 10549 1378 3516 10550 1379 3517 10551 1378 3517 10552 1376 3517 10553 1380 3518 10554 1379 3518 10555 1373 3518 10556 1371 3519 10557 1374 3519 10558 1379 3519 10559 1369 3520 10560 1382 3520 10561 1381 3520 10562 1381 3521 10563 1383 3521 10564 1371 3521 10565 1382 3522 10566 1370 3522 10567 1383 3522 10568 1388 3523 10569 1385 3523 10570 1384 3523 10571 1387 3524 10572 1384 3524 10573 1386 3524 10574 1391 3525 10575 1388 3525 10576 1387 3525 10577 1390 3526 10578 1387 3526 10579 1389 3526 10580 1390 3527 10581 1393 3527 10582 1394 3527 10583 1392 3528 10584 1395 3528 10585 1393 3528 10586 1393 3529 10587 1396 3529 10588 1397 3529 10589 1395 3530 10590 1398 3530 10591 1396 3530 10592 1396 3531 10593 1398 3531 10594 1399 3531 10595 1395 3532 10596 1400 3532 10597 1399 3532 10598 1400 3533 10599 1394 3533 10600 1397 3533 10601 1401 3534 10602 1400 3534 10603 1395 3534 10604 1391 3535 10605 1394 3535 10606 1400 3535 10607 1392 3536 10608 1389 3536 10609 1402 3536 10610 1391 3537 10611 1401 3537 10612 1402 3537 10613 1389 3538 10614 1386 3538 10615 1403 3538 10616 1402 3539 10617 1403 3539 10618 1385 3539 10619 1405 3540 10620 1409 3540 10621 1408 3540 10622 1404 3541 10623 1406 3541 10624 1418 3541 10625 1419 3542 10626 1406 3542 10627 1404 3542 10628 1404 3543 10629 1408 3543 10630 1410 3543 10631 1409 3544 10632 1412 3544 10633 1411 3544 10634 1408 3545 10635 1411 3545 10636 1413 3545 10637 1410 3546 10638 1413 3546 10639 1414 3546 10640 1415 3547 10641 1414 3547 10642 1412 3547 10643 1416 3548 10644 1415 3548 10645 1409 3548 10646 1407 3549 10647 1410 3549 10648 1415 3549 10649 1405 3550 10650 1418 3550 10651 1417 3550 10652 1417 3551 10653 1419 3551 10654 1407 3551 10655 1418 3552 10656 1406 3552 10657 1419 3552 10658 1424 3553 10659 1421 3553 10660 1420 3553 10661 1423 3554 10662 1420 3554 10663 1422 3554 10664 1427 3555 10665 1424 3555 10666 1423 3555 10667 1428 3556 10668 1426 3556 10669 1423 3556 10670 1426 3557 10671 1429 3557 10672 1430 3557 10673 1428 3558 10674 1431 3558 10675 1429 3558 10676 1429 3559 10677 1432 3559 10678 1433 3559 10679 1431 3560 10680 1434 3560 10681 1432 3560 10682 1432 3561 10683 1434 3561 10684 1435 3561 10685 1431 3562 10686 1436 3562 10687 1435 3562 10688 1436 3563 10689 1430 3563 10690 1433 3563 10691 1437 3564 10692 1436 3564 10693 1431 3564 10694 1427 3565 10695 1430 3565 10696 1436 3565 10697 1428 3566 10698 1425 3566 10699 1438 3566 10700 1437 3567 10701 1438 3567 10702 1424 3567 10703 1425 3568 10704 1422 3568 10705 1439 3568 10706 1438 3569 10707 1439 3569 10708 1421 3569 10709 1441 3570 10710 1445 3570 10711 1444 3570 10712 1442 3571 10713 1454 3571 10714 1441 3571 10715 1455 3572 10716 1442 3572 10717 1440 3572 10718 1440 3573 10719 1444 3573 10720 1446 3573 10721 1445 3574 10722 1448 3574 10723 1447 3574 10724 1444 3575 10725 1447 3575 10726 1449 3575 10727 1446 3576 10728 1449 3576 10729 1450 3576 10730 1451 3577 10731 1450 3577 10732 1448 3577 10733 1452 3578 10734 1451 3578 10735 1445 3578 10736 1443 3579 10737 1446 3579 10738 1451 3579 10739 1441 3580 10740 1454 3580 10741 1453 3580 10742 1453 3581 10743 1455 3581 10744 1443 3581 10745 1454 3582 10746 1442 3582 10747 1455 3582 10748 1460 3583 10749 1457 3583 10750 1456 3583 10751 1459 3584 10752 1456 3584 10753 1458 3584 10754 1463 3585 10755 1460 3585 10756 1459 3585 10757 1464 3586 10758 1462 3586 10759 1459 3586 10760 1462 3587 10761 1465 3587 10762 1466 3587 10763 1464 3588 10764 1467 3588 10765 1465 3588 10766 1465 3589 10767 1468 3589 10768 1469 3589 10769 1467 3590 10770 1470 3590 10771 1468 3590 10772 1468 3591 10773 1470 3591 10774 1471 3591 10775 1467 3592 10776 1472 3592 10777 1471 3592 10778 1472 3593 10779 1466 3593 10780 1469 3593 10781 1473 3594 10782 1472 3594 10783 1467 3594 10784 1463 3595 10785 1466 3595 10786 1472 3595 10787 1464 3596 10788 1461 3596 10789 1474 3596 10790 1473 3597 10791 1474 3597 10792 1460 3597 10793 1461 3598 10794 1458 3598 10795 1475 3598 10796 1474 3599 10797 1475 3599 10798 1457 3599 10799 1477 3600 10800 1481 3600 10801 1480 3600 10802 1478 3601 10803 1490 3601 10804 1477 3601 10805 1491 3602 10806 1478 3602 10807 1476 3602 10808 1476 3603 10809 1480 3603 10810 1482 3603 10811 1481 3604 10812 1484 3604 10813 1483 3604 10814 1480 3605 10815 1483 3605 10816 1485 3605 10817 1482 3606 10818 1485 3606 10819 1486 3606 10820 1487 3607 10821 1486 3607 10822 1484 3607 10823 1488 3608 10824 1487 3608 10825 1481 3608 10826 1479 3609 10827 1482 3609 10828 1487 3609 10829 1477 3610 10830 1490 3610 10831 1489 3610 10832 1489 3611 10833 1491 3611 10834 1479 3611 10835 1490 3612 10836 1478 3612 10837 1491 3612 10838 1496 3613 10839 1493 3613 10840 1492 3613 10841 1495 3614 10842 1492 3614 10843 1494 3614 10844 1499 3615 10845 1496 3615 10846 1495 3615 10847 1500 3616 10848 1498 3616 10849 1495 3616 10850 1498 3617 10851 1501 3617 10852 1502 3617 10853 1500 3618 10854 1503 3618 10855 1501 3618 10856 1501 3619 10857 1504 3619 10858 1505 3619 10859 1503 3620 10860 1506 3620 10861 1504 3620 10862 1504 3621 10863 1506 3621 10864 1507 3621 10865 1503 3622 10866 1508 3622 10867 1507 3622 10868 1508 3623 10869 1502 3623 10870 1505 3623 10871 1509 3624 10872 1508 3624 10873 1503 3624 10874 1499 3625 10875 1502 3625 10876 1508 3625 10877 1500 3626 10878 1497 3626 10879 1510 3626 10880 1509 3627 10881 1510 3627 10882 1496 3627 10883 1497 3628 10884 1494 3628 10885 1511 3628 10886 1510 3629 10887 1511 3629 10888 1493 3629 10889 1513 3630 10890 1517 3630 10891 1516 3630 10892 1514 3631 10893 1526 3631 10894 1513 3631 10895 1527 3632 10896 1514 3632 10897 1512 3632 10898 1512 3633 10899 1516 3633 10900 1518 3633 10901 1517 3634 10902 1520 3634 10903 1519 3634 10904 1516 3635 10905 1519 3635 10906 1521 3635 10907 1518 3636 10908 1521 3636 10909 1522 3636 10910 1523 3637 10911 1522 3637 10912 1520 3637 10913 1524 3638 10914 1523 3638 10915 1517 3638 10916 1515 3639 10917 1518 3639 10918 1523 3639 10919 1513 3640 10920 1526 3640 10921 1525 3640 10922 1524 3641 10923 1525 3641 10924 1527 3641 10925 1526 3642 10926 1514 3642 10927 1527 3642 10928 1532 3643 10929 1529 3643 10930 1528 3643 10931 1531 3644 10932 1528 3644 10933 1530 3644 10934 1535 3645 10935 1532 3645 10936 1531 3645 10937 1536 3646 10938 1534 3646 10939 1531 3646 10940 1534 3647 10941 1537 3647 10942 1538 3647 10943 1536 3648 10944 1539 3648 10945 1537 3648 10946 1537 3649 10947 1540 3649 10948 1541 3649 10949 1539 3650 10950 1542 3650 10951 1540 3650 10952 1540 3651 10953 1542 3651 10954 1543 3651 10955 1539 3652 10956 1544 3652 10957 1543 3652 10958 1544 3653 10959 1538 3653 10960 1541 3653 10961 1545 3654 10962 1544 3654 10963 1539 3654 10964 1535 3655 10965 1538 3655 10966 1544 3655 10967 1536 3656 10968 1533 3656 10969 1546 3656 10970 1545 3657 10971 1546 3657 10972 1532 3657 10973 1533 3658 10974 1530 3658 10975 1547 3658 10976 1546 3659 10977 1547 3659 10978 1529 3659 10979 1549 3660 10980 1553 3660 10981 1552 3660 10982 1548 3661 10983 1550 3661 10984 1562 3661 10985 1563 3662 10986 1550 3662 10987 1548 3662 10988 1548 3663 10989 1552 3663 10990 1554 3663 10991 1553 3664 10992 1556 3664 10993 1555 3664 10994 1552 3665 10995 1555 3665 10996 1557 3665 10997 1554 3666 10998 1557 3666 10999 1558 3666 11000 1559 3667 11001 1558 3667 11002 1556 3667 11003 1560 3668 11004 1559 3668 11005 1553 3668 11006 1551 3669 11007 1554 3669 11008 1559 3669 11009 1549 3670 11010 1562 3670 11011 1561 3670 11012 1560 3671 11013 1561 3671 11014 1563 3671 11015 1562 3672 11016 1550 3672 11017 1563 3672 11018 1568 3673 11019 1565 3673 11020 1564 3673 11021 1567 3674 11022 1564 3674 11023 1566 3674 11024 1571 3675 11025 1568 3675 11026 1567 3675 11027 1572 3676 11028 1570 3676 11029 1567 3676 11030 1570 3677 11031 1573 3677 11032 1574 3677 11033 1572 3678 11034 1575 3678 11035 1573 3678 11036 1573 3679 11037 1576 3679 11038 1577 3679 11039 1575 3680 11040 1578 3680 11041 1576 3680 11042 1578 3681 11043 1579 3681 11044 1577 3681 11045 1580 3682 11046 1579 3682 11047 1578 3682 11048 1580 3683 11049 1574 3683 11050 1577 3683 11051 1581 3684 11052 1580 3684 11053 1575 3684 11054 1571 3685 11055 1574 3685 11056 1580 3685 11057 1581 3686 11058 1572 3686 11059 1569 3686 11060 1581 3687 11061 1582 3687 11062 1568 3687 11063 1569 3688 11064 1566 3688 11065 1583 3688 11066 1582 3689 11067 1583 3689 11068 1565 3689 11069 1585 3690 11070 1589 3690 11071 1588 3690 11072 1586 3691 11073 1598 3691 11074 1585 3691 11075 1599 3692 11076 1586 3692 11077 1584 3692 11078 1584 3693 11079 1588 3693 11080 1590 3693 11081 1589 3694 11082 1592 3694 11083 1591 3694 11084 1588 3695 11085 1591 3695 11086 1593 3695 11087 1590 3696 11088 1593 3696 11089 1594 3696 11090 1595 3697 11091 1594 3697 11092 1592 3697 11093 1596 3698 11094 1595 3698 11095 1589 3698 11096 1587 3699 11097 1590 3699 11098 1595 3699 11099 1585 3700 11100 1598 3700 11101 1597 3700 11102 1596 3701 11103 1597 3701 11104 1599 3701 11105 1598 3702 11106 1586 3702 11107 1599 3702 11108 1604 3703 11109 1601 3703 11110 1600 3703 11111 1603 3704 11112 1600 3704 11113 1602 3704 11114 1607 3705 11115 1604 3705 11116 1603 3705 11117 1608 3706 11118 1606 3706 11119 1603 3706 11120 1606 3707 11121 1609 3707 11122 1610 3707 11123 1608 3708 11124 1611 3708 11125 1609 3708 11126 1609 3709 11127 1612 3709 11128 1613 3709 11129 1611 3710 11130 1614 3710 11131 1612 3710 11132 1612 3711 11133 1614 3711 11134 1615 3711 11135 1611 3712 11136 1616 3712 11137 1615 3712 11138 1616 3713 11139 1610 3713 11140 1613 3713 11141 1617 3714 11142 1616 3714 11143 1611 3714 11144 1607 3715 11145 1610 3715 11146 1616 3715 11147 1617 3716 11148 1608 3716 11149 1605 3716 11150 1617 3717 11151 1618 3717 11152 1604 3717 11153 1605 3718 11154 1602 3718 11155 1619 3718 11156 1618 3719 11157 1619 3719 11158 1601 3719 11159 1621 3720 11160 1625 3720 11161 1624 3720 11162 1620 3721 11163 1622 3721 11164 1634 3721 11165 1635 3722 11166 1622 3722 11167 1620 3722 11168 1620 3723 11169 1624 3723 11170 1626 3723 11171 1625 3724 11172 1628 3724 11173 1627 3724 11174 1624 3725 11175 1627 3725 11176 1629 3725 11177 1626 3726 11178 1629 3726 11179 1630 3726 11180 1631 3727 11181 1630 3727 11182 1628 3727 11183 1632 3728 11184 1631 3728 11185 1625 3728 11186 1623 3729 11187 1626 3729 11188 1631 3729 11189 1621 3730 11190 1634 3730 11191 1633 3730 11192 1632 3731 11193 1633 3731 11194 1635 3731 11195 1634 3732 11196 1622 3732 11197 1635 3732 11198 1640 3733 11199 1637 3733 11200 1636 3733 11201 1639 3734 11202 1636 3734 11203 1638 3734 11204 1643 3735 11205 1640 3735 11206 1639 3735 11207 1644 3736 11208 1642 3736 11209 1639 3736 11210 1642 3737 11211 1645 3737 11212 1646 3737 11213 1644 3738 11214 1647 3738 11215 1645 3738 11216 1645 3739 11217 1648 3739 11218 1649 3739 11219 1647 3740 11220 1650 3740 11221 1648 3740 11222 1650 3741 11223 1651 3741 11224 1649 3741 11225 1652 3742 11226 1651 3742 11227 1650 3742 11228 1652 3743 11229 1646 3743 11230 1649 3743 11231 1653 3744 11232 1652 3744 11233 1647 3744 11234 1643 3745 11235 1646 3745 11236 1652 3745 11237 1653 3746 11238 1644 3746 11239 1641 3746 11240 1653 3747 11241 1654 3747 11242 1640 3747 11243 1641 3748 11244 1638 3748 11245 1655 3748 11246 1654 3749 11247 1655 3749 11248 1637 3749 11249 1657 3750 11250 1661 3750 11251 1660 3750 11252 1658 3751 11253 1670 3751 11254 1657 3751 11255 1659 3752 11256 1671 3752 11257 1658 3752 11258 1656 3753 11259 1660 3753 11260 1662 3753 11261 1661 3754 11262 1664 3754 11263 1663 3754 11264 1660 3755 11265 1663 3755 11266 1665 3755 11267 1662 3756 11268 1665 3756 11269 1666 3756 11270 1667 3757 11271 1666 3757 11272 1664 3757 11273 1668 3758 11274 1667 3758 11275 1661 3758 11276 1659 3759 11277 1662 3759 11278 1667 3759 11279 1670 3760 11280 1669 3760 11281 1668 3760 11282 1669 3761 11283 1671 3761 11284 1659 3761 11285 1670 3762 11286 1658 3762 11287 1671 3762 11288 1676 3763 11289 1673 3763 11290 1672 3763 11291 1675 3764 11292 1672 3764 11293 1674 3764 11294 1679 3765 11295 1676 3765 11296 1675 3765 11297 1678 3766 11298 1675 3766 11299 1677 3766 11300 1678 3767 11301 1681 3767 11302 1682 3767 11303 1680 3768 11304 1683 3768 11305 1681 3768 11306 1681 3769 11307 1684 3769 11308 1685 3769 11309 1683 3770 11310 1686 3770 11311 1684 3770 11312 1684 3771 11313 1686 3771 11314 1687 3771 11315 1688 3772 11316 1687 3772 11317 1686 3772 11318 1688 3773 11319 1682 3773 11320 1685 3773 11321 1689 3774 11322 1688 3774 11323 1683 3774 11324 1679 3775 11325 1682 3775 11326 1688 3775 11327 1680 3776 11328 1677 3776 11329 1690 3776 11330 1679 3777 11331 1689 3777 11332 1690 3777 11333 1677 3778 11334 1674 3778 11335 1691 3778 11336 1690 3779 11337 1691 3779 11338 1673 3779 11339 1693 3780 11340 1697 3780 11341 1696 3780 11342 1692 3781 11343 1694 3781 11344 1706 3781 11345 1695 3782 11346 1707 3782 11347 1694 3782 11348 1692 3783 11349 1696 3783 11350 1698 3783 11351 1697 3784 11352 1700 3784 11353 1699 3784 11354 1696 3785 11355 1699 3785 11356 1701 3785 11357 1698 3786 11358 1701 3786 11359 1702 3786 11360 1703 3787 11361 1702 3787 11362 1700 3787 11363 1704 3788 11364 1703 3788 11365 1697 3788 11366 1695 3789 11367 1698 3789 11368 1703 3789 11369 1706 3790 11370 1705 3790 11371 1704 3790 11372 1705 3791 11373 1707 3791 11374 1695 3791 11375 1706 3792 11376 1694 3792 11377 1707 3792 11378 1712 3793 11379 1709 3793 11380 1708 3793 11381 1711 3794 11382 1708 3794 11383 1710 3794 11384 1714 3795 11385 1715 3795 11386 1712 3795 11387 1714 3796 11388 1711 3796 11389 1713 3796 11390 1714 3797 11391 1717 3797 11392 1718 3797 11393 1716 3798 11394 1719 3798 11395 1717 3798 11396 1718 3799 11397 1717 3799 11398 1720 3799 11399 1719 3800 11400 1722 3800 11401 1720 3800 11402 1720 3801 11403 1722 3801 11404 1723 3801 11405 1724 3802 11406 1723 3802 11407 1722 3802 11408 1724 3803 11409 1718 3803 11410 1721 3803 11411 1725 3804 11412 1724 3804 11413 1719 3804 11414 1715 3805 11415 1718 3805 11416 1724 3805 11417 1725 3806 11418 1716 3806 11419 1713 3806 11420 1715 3807 11421 1725 3807 11422 1726 3807 11423 1713 3808 11424 1710 3808 11425 1727 3808 11426 1726 3809 11427 1727 3809 11428 1709 3809 11429 1729 3810 11430 1733 3810 11431 1732 3810 11432 1730 3811 11433 1742 3811 11434 1729 3811 11435 1731 3812 11436 1743 3812 11437 1730 3812 11438 1728 3813 11439 1732 3813 11440 1734 3813 11441 1733 3814 11442 1736 3814 11443 1735 3814 11444 1732 3815 11445 1735 3815 11446 1737 3815 11447 1734 3816 11448 1737 3816 11449 1738 3816 11450 1739 3817 11451 1738 3817 11452 1736 3817 11453 1740 3818 11454 1739 3818 11455 1733 3818 11456 1731 3819 11457 1734 3819 11458 1739 3819 11459 1742 3820 11460 1741 3820 11461 1740 3820 11462 1740 3821 11463 1741 3821 11464 1743 3821 11465 1742 3822 11466 1730 3822 11467 1743 3822 11468 1748 3823 11469 1745 3823 11470 1744 3823 11471 1747 3824 11472 1744 3824 11473 1746 3824 11474 1751 3825 11475 1748 3825 11476 1747 3825 11477 1750 3826 11478 1747 3826 11479 1749 3826 11480 1750 3827 11481 1753 3827 11482 1754 3827 11483 1752 3828 11484 1755 3828 11485 1753 3828 11486 1753 3829 11487 1756 3829 11488 1757 3829 11489 1753 3830 11490 1755 3830 11491 1758 3830 11492 1758 3831 11493 1759 3831 11494 1757 3831 11495 1760 3832 11496 1759 3832 11497 1758 3832 11498 1754 3833 11499 1757 3833 11500 1759 3833 11501 1761 3834 11502 1760 3834 11503 1755 3834 11504 1751 3835 11505 1754 3835 11506 1760 3835 11507 1752 3836 11508 1749 3836 11509 1762 3836 11510 1751 3837 11511 1761 3837 11512 1762 3837 11513 1749 3838 11514 1746 3838 11515 1763 3838 11516 1762 3839 11517 1763 3839 11518 1745 3839 11519 1765 3840 11520 1769 3840 11521 1768 3840 11522 1766 3841 11523 1778 3841 11524 1765 3841 11525 1767 3842 11526 1779 3842 11527 1766 3842 11528 1764 3843 11529 1768 3843 11530 1770 3843 11531 1769 3844 11532 1772 3844 11533 1771 3844 11534 1768 3845 11535 1771 3845 11536 1773 3845 11537 1770 3846 11538 1773 3846 11539 1774 3846 11540 1775 3847 11541 1774 3847 11542 1772 3847 11543 1776 3848 11544 1775 3848 11545 1769 3848 11546 1767 3849 11547 1770 3849 11548 1775 3849 11549 1778 3850 11550 1777 3850 11551 1776 3850 11552 1777 3851 11553 1779 3851 11554 1767 3851 11555 1778 3852 11556 1766 3852 11557 1779 3852 11558 1784 3853 11559 1781 3853 11560 1780 3853 11561 1783 3854 11562 1780 3854 11563 1782 3854 11564 1787 3855 11565 1784 3855 11566 1783 3855 11567 1786 3856 11568 1783 3856 11569 1785 3856 11570 1786 3857 11571 1789 3857 11572 1790 3857 11573 1788 3858 11574 1791 3858 11575 1789 3858 11576 1790 3859 11577 1789 3859 11578 1792 3859 11579 1789 3860 11580 1791 3860 11581 1794 3860 11582 1792 3861 11583 1794 3861 11584 1795 3861 11585 1796 3862 11586 1795 3862 11587 1794 3862 11588 1790 3863 11589 1793 3863 11590 1795 3863 11591 1797 3864 11592 1796 3864 11593 1791 3864 11594 1787 3865 11595 1790 3865 11596 1796 3865 11597 1788 3866 11598 1785 3866 11599 1798 3866 11600 1787 3867 11601 1797 3867 11602 1798 3867 11603 1785 3868 11604 1782 3868 11605 1799 3868 11606 1798 3869 11607 1799 3869 11608 1781 3869 11609 1801 3870 11610 1805 3870 11611 1804 3870 11612 1802 3871 11613 1814 3871 11614 1801 3871 11615 1803 3872 11616 1815 3872 11617 1802 3872 11618 1800 3873 11619 1804 3873 11620 1806 3873 11621 1805 3874 11622 1808 3874 11623 1807 3874 11624 1804 3875 11625 1807 3875 11626 1809 3875 11627 1806 3876 11628 1809 3876 11629 1810 3876 11630 1811 3877 11631 1810 3877 11632 1808 3877 11633 1812 3878 11634 1811 3878 11635 1805 3878 11636 1803 3879 11637 1806 3879 11638 1811 3879 11639 1814 3880 11640 1813 3880 11641 1812 3880 11642 1813 3881 11643 1815 3881 11644 1803 3881 11645 1813 3882 11646 1814 3882 11647 1802 3882 11648 1820 3883 11649 1817 3883 11650 1816 3883 11651 1819 3884 11652 1816 3884 11653 1818 3884 11654 1822 3885 11655 1823 3885 11656 1820 3885 11657 1822 3886 11658 1819 3886 11659 1821 3886 11660 1822 3887 11661 1825 3887 11662 1826 3887 11663 1824 3888 11664 1827 3888 11665 1825 3888 11666 1825 3889 11667 1828 3889 11668 1829 3889 11669 1825 3890 11670 1827 3890 11671 1830 3890 11672 1830 3891 11673 1831 3891 11674 1829 3891 11675 1832 3892 11676 1831 3892 11677 1830 3892 11678 1826 3893 11679 1829 3893 11680 1831 3893 11681 1833 3894 11682 1832 3894 11683 1827 3894 11684 1823 3895 11685 1826 3895 11686 1832 3895 11687 1824 3896 11688 1821 3896 11689 1834 3896 11690 1823 3897 11691 1833 3897 11692 1834 3897 11693 1821 3898 11694 1818 3898 11695 1835 3898 11696 1834 3899 11697 1835 3899 11698 1817 3899 11699 1837 3900 11700 1841 3900 11701 1840 3900 11702 1836 3901 11703 1838 3901 11704 1850 3901 11705 1839 3902 11706 1851 3902 11707 1838 3902 11708 1836 3903 11709 1840 3903 11710 1842 3903 11711 1841 3904 11712 1844 3904 11713 1843 3904 11714 1840 3905 11715 1843 3905 11716 1845 3905 11717 1842 3906 11718 1845 3906 11719 1846 3906 11720 1847 3907 11721 1846 3907 11722 1844 3907 11723 1848 3908 11724 1847 3908 11725 1841 3908 11726 1839 3909 11727 1842 3909 11728 1847 3909 11729 1850 3910 11730 1849 3910 11731 1848 3910 11732 1849 3911 11733 1851 3911 11734 1839 3911 11735 1850 3912 11736 1838 3912 11737 1851 3912 11738 1856 3913 11739 1853 3913 11740 1852 3913 11741 1855 3914 11742 1852 3914 11743 1854 3914 11744 1859 3915 11745 1856 3915 11746 1855 3915 11747 1858 3916 11748 1855 3916 11749 1857 3916 11750 1858 3917 11751 1861 3917 11752 1862 3917 11753 1860 3918 11754 1863 3918 11755 1861 3918 11756 1862 3919 11757 1861 3919 11758 1864 3919 11759 1861 3920 11760 1863 3920 11761 1866 3920 11762 1866 3921 11763 1867 3921 11764 1865 3921 11765 1868 3922 11766 1867 3922 11767 1866 3922 11768 1862 3923 11769 1865 3923 11770 1867 3923 11771 1869 3924 11772 1868 3924 11773 1863 3924 11774 1859 3925 11775 1862 3925 11776 1868 3925 11777 1869 3926 11778 1860 3926 11779 1857 3926 11780 1859 3927 11781 1869 3927 11782 1870 3927 11783 1857 3928 11784 1854 3928 11785 1871 3928 11786 1870 3929 11787 1871 3929 11788 1853 3929 11789 1873 3930 11790 1877 3930 11791 1876 3930 11792 1872 3931 11793 1874 3931 11794 1886 3931 11795 1875 3932 11796 1887 3932 11797 1874 3932 11798 1872 3933 11799 1876 3933 11800 1878 3933 11801 1877 3934 11802 1880 3934 11803 1879 3934 11804 1876 3935 11805 1879 3935 11806 1881 3935 11807 1878 3936 11808 1881 3936 11809 1882 3936 11810 1883 3937 11811 1882 3937 11812 1880 3937 11813 1884 3938 11814 1883 3938 11815 1877 3938 11816 1875 3939 11817 1878 3939 11818 1883 3939 11819 1886 3940 11820 1885 3940 11821 1884 3940 11822 1884 3941 11823 1885 3941 11824 1887 3941 11825 1886 3942 11826 1874 3942 11827 1887 3942 11828 1892 3943 11829 1889 3943 11830 1888 3943 11831 1891 3944 11832 1888 3944 11833 1890 3944 11834 1895 3945 11835 1892 3945 11836 1891 3945 11837 1894 3946 11838 1891 3946 11839 1893 3946 11840 1894 3947 11841 1897 3947 11842 1898 3947 11843 1896 3948 11844 1899 3948 11845 1897 3948 11846 1898 3949 11847 1897 3949 11848 1900 3949 11849 1897 3950 11850 1899 3950 11851 1902 3950 11852 1902 3951 11853 1903 3951 11854 1901 3951 11855 1904 3952 11856 1903 3952 11857 1902 3952 11858 1898 3953 11859 1901 3953 11860 1903 3953 11861 1905 3954 11862 1904 3954 11863 1899 3954 11864 1895 3955 11865 1898 3955 11866 1904 3955 11867 1896 3956 11868 1893 3956 11869 1906 3956 11870 1895 3957 11871 1905 3957 11872 1906 3957 11873 1893 3958 11874 1890 3958 11875 1907 3958 11876 1906 3959 11877 1907 3959 11878 1889 3959 11879 1909 3960 11880 1913 3960 11881 1912 3960 11882 1908 3961 11883 1910 3961 11884 1922 3961 11885 1911 3962 11886 1923 3962 11887 1910 3962 11888 1908 3963 11889 1912 3963 11890 1914 3963 11891 1913 3964 11892 1916 3964 11893 1915 3964 11894 1912 3965 11895 1915 3965 11896 1917 3965 11897 1914 3966 11898 1917 3966 11899 1918 3966 11900 1919 3967 11901 1918 3967 11902 1916 3967 11903 1920 3968 11904 1919 3968 11905 1913 3968 11906 1911 3969 11907 1914 3969 11908 1919 3969 11909 1922 3970 11910 1921 3970 11911 1920 3970 11912 1920 3971 11913 1921 3971 11914 1923 3971 11915 1922 3972 11916 1910 3972 11917 1923 3972 11918 1928 3973 11919 1925 3973 11920 1924 3973 11921 1927 3974 11922 1924 3974 11923 1926 3974 11924 1930 3975 11925 1931 3975 11926 1928 3975 11927 1930 3976 11928 1927 3976 11929 1929 3976 11930 1930 3977 11931 1933 3977 11932 1934 3977 11933 1932 3978 11934 1935 3978 11935 1933 3978 11936 1933 3979 11937 1936 3979 11938 1937 3979 11939 1933 3980 11940 1935 3980 11941 1938 3980 11942 1938 3981 11943 1939 3981 11944 1937 3981 11945 1940 3982 11946 1939 3982 11947 1938 3982 11948 1934 3983 11949 1937 3983 11950 1939 3983 11951 1941 3984 11952 1940 3984 11953 1935 3984 11954 1931 3985 11955 1934 3985 11956 1940 3985 11957 1932 3986 11958 1929 3986 11959 1942 3986 11960 1931 3987 11961 1941 3987 11962 1942 3987 11963 1929 3988 11964 1926 3988 11965 1943 3988 11966 1942 3989 11967 1943 3989 11968 1925 3989 11969 1945 3990 11970 1949 3990 11971 1948 3990 11972 1944 3991 11973 1946 3991 11974 1958 3991 11975 1947 3992 11976 1959 3992 11977 1946 3992 11978 1944 3993 11979 1948 3993 11980 1950 3993 11981 1949 3994 11982 1952 3994 11983 1951 3994 11984 1948 3995 11985 1951 3995 11986 1953 3995 11987 1950 3996 11988 1953 3996 11989 1954 3996 11990 1955 3997 11991 1954 3997 11992 1952 3997 11993 1956 3998 11994 1955 3998 11995 1949 3998 11996 1947 3999 11997 1950 3999 11998 1955 3999 11999 1958 4000 12000 1957 4000 12001 1956 4000 12002 1957 4001 12003 1959 4001 12004 1947 4001 12005 1958 4002 12006 1946 4002 12007 1959 4002 12008 1964 4003 12009 1961 4003 12010 1960 4003 12011 1963 4004 12012 1960 4004 12013 1962 4004 12014 1967 4005 12015 1964 4005 12016 1963 4005 12017 1966 4006 12018 1963 4006 12019 1965 4006 12020 1966 4007 12021 1969 4007 12022 1970 4007 12023 1968 4008 12024 1971 4008 12025 1969 4008 12026 1969 4009 12027 1972 4009 12028 1973 4009 12029 1969 4010 12030 1971 4010 12031 1974 4010 12032 1974 4011 12033 1975 4011 12034 1973 4011 12035 1976 4012 12036 1975 4012 12037 1974 4012 12038 1970 4013 12039 1973 4013 12040 1975 4013 12041 1977 4014 12042 1976 4014 12043 1971 4014 12044 1967 4015 12045 1970 4015 12046 1976 4015 12047 1968 4016 12048 1965 4016 12049 1978 4016 12050 1967 4017 12051 1977 4017 12052 1978 4017 12053 1965 4018 12054 1962 4018 12055 1979 4018 12056 1978 4019 12057 1979 4019 12058 1961 4019 12059 1981 4020 12060 1985 4020 12061 1984 4020 12062 1980 4021 12063 1982 4021 12064 1994 4021 12065 1983 4022 12066 1995 4022 12067 1982 4022 12068 1980 4023 12069 1984 4023 12070 1986 4023 12071 1985 4024 12072 1988 4024 12073 1987 4024 12074 1984 4025 12075 1987 4025 12076 1989 4025 12077 1986 4026 12078 1989 4026 12079 1990 4026 12080 1991 4027 12081 1990 4027 12082 1988 4027 12083 1992 4028 12084 1991 4028 12085 1985 4028 12086 1983 4029 12087 1986 4029 12088 1991 4029 12089 1994 4030 12090 1993 4030 12091 1992 4030 12092 1993 4031 12093 1995 4031 12094 1983 4031 12095 1994 4032 12096 1982 4032 12097 1995 4032 12098 2000 4033 12099 1997 4033 12100 1996 4033 12101 1999 4034 12102 1996 4034 12103 1998 4034 12104 2003 4035 12105 2000 4035 12106 1999 4035 12107 2002 4036 12108 1999 4036 12109 2001 4036 12110 2002 4037 12111 2005 4037 12112 2006 4037 12113 2004 4038 12114 2007 4038 12115 2005 4038 12116 2006 4039 12117 2005 4039 12118 2008 4039 12119 2005 4040 12120 2007 4040 12121 2010 4040 12122 2010 4041 12123 2011 4041 12124 2009 4041 12125 2012 4042 12126 2011 4042 12127 2010 4042 12128 2006 4043 12129 2009 4043 12130 2011 4043 12131 2013 4044 12132 2012 4044 12133 2007 4044 12134 2003 4045 12135 2006 4045 12136 2012 4045 12137 2004 4046 12138 2001 4046 12139 2014 4046 12140 2003 4047 12141 2013 4047 12142 2014 4047 12143 2001 4048 12144 1998 4048 12145 2015 4048 12146 2014 4049 12147 2015 4049 12148 1997 4049 12149 2017 4050 12150 2021 4050 12151 2020 4050 12152 2018 4051 12153 2030 4051 12154 2017 4051 12155 2019 4052 12156 2031 4052 12157 2018 4052 12158 2016 4053 12159 2020 4053 12160 2022 4053 12161 2021 4054 12162 2024 4054 12163 2023 4054 12164 2020 4055 12165 2023 4055 12166 2025 4055 12167 2022 4056 12168 2025 4056 12169 2026 4056 12170 2027 4057 12171 2026 4057 12172 2024 4057 12173 2028 4058 12174 2027 4058 12175 2021 4058 12176 2019 4059 12177 2022 4059 12178 2027 4059 12179 2030 4060 12180 2029 4060 12181 2028 4060 12182 2028 4061 12183 2029 4061 12184 2031 4061 12185 2029 4062 12186 2030 4062 12187 2018 4062 12188 2036 4063 12189 2033 4063 12190 2032 4063 12191 2035 4064 12192 2032 4064 12193 2034 4064 12194 2038 4065 12195 2039 4065 12196 2036 4065 12197 2040 4066 12198 2038 4066 12199 2035 4066 12200 2038 4067 12201 2041 4067 12202 2042 4067 12203 2040 4068 12204 2043 4068 12205 2041 4068 12206 2041 4069 12207 2044 4069 12208 2045 4069 12209 2041 4070 12210 2043 4070 12211 2046 4070 12212 2046 4071 12213 2047 4071 12214 2045 4071 12215 2048 4072 12216 2047 4072 12217 2046 4072 12218 2042 4073 12219 2045 4073 12220 2047 4073 12221 2049 4074 12222 2048 4074 12223 2043 4074 12224 2039 4075 12225 2042 4075 12226 2048 4075 12227 2040 4076 12228 2037 4076 12229 2050 4076 12230 2049 4077 12231 2050 4077 12232 2036 4077 12233 2037 4078 12234 2034 4078 12235 2051 4078 12236 2050 4079 12237 2051 4079 12238 2033 4079 12239 2053 4080 12240 2057 4080 12241 2056 4080 12242 2052 4081 12243 2054 4081 12244 2066 4081 12245 2055 4082 12246 2067 4082 12247 2054 4082 12248 2052 4083 12249 2056 4083 12250 2058 4083 12251 2057 4084 12252 2060 4084 12253 2059 4084 12254 2056 4085 12255 2059 4085 12256 2061 4085 12257 2058 4086 12258 2061 4086 12259 2062 4086 12260 2063 4087 12261 2062 4087 12262 2060 4087 12263 2064 4088 12264 2063 4088 12265 2057 4088 12266 2055 4089 12267 2058 4089 12268 2063 4089 12269 2066 4090 12270 2065 4090 12271 2064 4090 12272 2065 4091 12273 2067 4091 12274 2055 4091 12275 2066 4092 12276 2054 4092 12277 2067 4092 12278 2072 4093 12279 2069 4093 12280 2068 4093 12281 2071 4094 12282 2068 4094 12283 2070 4094 12284 2075 4095 12285 2072 4095 12286 2071 4095 12287 2076 4096 12288 2074 4096 12289 2071 4096 12290 2074 4097 12291 2077 4097 12292 2078 4097 12293 2076 4098 12294 2079 4098 12295 2077 4098 12296 2078 4099 12297 2077 4099 12298 2080 4099 12299 2077 4100 12300 2079 4100 12301 2082 4100 12302 2080 4101 12303 2082 4101 12304 2083 4101 12305 2079 4102 12306 2084 4102 12307 2083 4102 12308 2078 4103 12309 2081 4103 12310 2083 4103 12311 2085 4104 12312 2084 4104 12313 2079 4104 12314 2075 4105 12315 2078 4105 12316 2084 4105 12317 2076 4106 12318 2073 4106 12319 2086 4106 12320 2085 4107 12321 2086 4107 12322 2072 4107 12323 2073 4108 12324 2070 4108 12325 2087 4108 12326 2086 4109 12327 2087 4109 12328 2069 4109 12329 2089 4110 12330 2093 4110 12331 2092 4110 12332 2090 4111 12333 2102 4111 12334 2089 4111 12335 2091 4112 12336 2103 4112 12337 2090 4112 12338 2088 4113 12339 2092 4113 12340 2094 4113 12341 2093 4114 12342 2096 4114 12343 2095 4114 12344 2092 4115 12345 2095 4115 12346 2097 4115 12347 2094 4116 12348 2097 4116 12349 2098 4116 12350 2099 4117 12351 2098 4117 12352 2096 4117 12353 2100 4118 12354 2099 4118 12355 2093 4118 12356 2091 4119 12357 2094 4119 12358 2099 4119 12359 2102 4120 12360 2101 4120 12361 2100 4120 12362 2101 4121 12363 2103 4121 12364 2091 4121 12365 2101 4122 12366 2102 4122 12367 2090 4122 12368 2108 4123 12369 2105 4123 12370 2104 4123 12371 2107 4124 12372 2104 4124 12373 2106 4124 12374 2110 4125 12375 2111 4125 12376 2108 4125 12377 2112 4126 12378 2110 4126 12379 2107 4126 12380 2110 4127 12381 2113 4127 12382 2114 4127 12383 2112 4128 12384 2115 4128 12385 2113 4128 12386 2113 4129 12387 2116 4129 12388 2117 4129 12389 2113 4130 12390 2115 4130 12391 2118 4130 12392 2118 4131 12393 2119 4131 12394 2117 4131 12395 2120 4132 12396 2119 4132 12397 2118 4132 12398 2114 4133 12399 2117 4133 12400 2119 4133 12401 2121 4134 12402 2120 4134 12403 2115 4134 12404 2111 4135 12405 2114 4135 12406 2120 4135 12407 2121 4136 12408 2112 4136 12409 2109 4136 12410 2121 4137 12411 2122 4137 12412 2108 4137 12413 2109 4138 12414 2106 4138 12415 2123 4138 12416 2122 4139 12417 2123 4139 12418 2105 4139 12419 2125 4140 12420 2129 4140 12421 2128 4140 12422 2124 4141 12423 2126 4141 12424 2138 4141 12425 2127 4142 12426 2139 4142 12427 2126 4142 12428 2124 4143 12429 2128 4143 12430 2130 4143 12431 2129 4144 12432 2132 4144 12433 2131 4144 12434 2128 4145 12435 2131 4145 12436 2133 4145 12437 2130 4146 12438 2133 4146 12439 2134 4146 12440 2135 4147 12441 2134 4147 12442 2132 4147 12443 2136 4148 12444 2135 4148 12445 2129 4148 12446 2127 4149 12447 2130 4149 12448 2135 4149 12449 2138 4150 12450 2137 4150 12451 2136 4150 12452 2137 4151 12453 2139 4151 12454 2127 4151 12455 2138 4152 12456 2126 4152 12457 2139 4152 12458 2144 4153 12459 2141 4153 12460 2140 4153 12461 2143 4154 12462 2140 4154 12463 2142 4154 12464 2147 4155 12465 2144 4155 12466 2143 4155 12467 2146 4156 12468 2143 4156 12469 2145 4156 12470 2146 4157 12471 2149 4157 12472 2150 4157 12473 2148 4158 12474 2151 4158 12475 2149 4158 12476 2149 4159 12477 2152 4159 12478 2153 4159 12479 2149 4160 12480 2151 4160 12481 2154 4160 12482 2152 4161 12483 2154 4161 12484 2155 4161 12485 2151 4162 12486 2156 4162 12487 2155 4162 12488 2150 4163 12489 2153 4163 12490 2155 4163 12491 2157 4164 12492 2156 4164 12493 2151 4164 12494 2147 4165 12495 2150 4165 12496 2156 4165 12497 2148 4166 12498 2145 4166 12499 2158 4166 12500 2147 4167 12501 2157 4167 12502 2158 4167 12503 2145 4168 12504 2142 4168 12505 2159 4168 12506 2158 4169 12507 2159 4169 12508 2141 4169 12509 2161 4170 12510 2165 4170 12511 2164 4170 12512 2160 4171 12513 2162 4171 12514 2174 4171 12515 2163 4172 12516 2175 4172 12517 2162 4172 12518 2160 4173 12519 2164 4173 12520 2166 4173 12521 2165 4174 12522 2168 4174 12523 2167 4174 12524 2164 4175 12525 2167 4175 12526 2169 4175 12527 2166 4176 12528 2169 4176 12529 2170 4176 12530 2171 4177 12531 2170 4177 12532 2168 4177 12533 2172 4178 12534 2171 4178 12535 2165 4178 12536 2163 4179 12537 2166 4179 12538 2171 4179 12539 2174 4180 12540 2173 4180 12541 2172 4180 12542 2173 4181 12543 2175 4181 12544 2163 4181 12545 2174 4182 12546 2162 4182 12547 2175 4182 12548 2180 4183 12549 2177 4183 12550 2176 4183 12551 2179 4184 12552 2176 4184 12553 2178 4184 12554 2183 4185 12555 2180 4185 12556 2179 4185 12557 2182 4186 12558 2179 4186 12559 2181 4186 12560 2182 4187 12561 2185 4187 12562 2186 4187 12563 2184 4188 12564 2187 4188 12565 2185 4188 12566 2186 4189 12567 2185 4189 12568 2188 4189 12569 2185 4190 12570 2187 4190 12571 2190 4190 12572 2188 4191 12573 2190 4191 12574 2191 4191 12575 2187 4192 12576 2192 4192 12577 2191 4192 12578 2186 4193 12579 2189 4193 12580 2191 4193 12581 2193 4194 12582 2192 4194 12583 2187 4194 12584 2183 4195 12585 2186 4195 12586 2192 4195 12587 2184 4196 12588 2181 4196 12589 2194 4196 12590 2183 4197 12591 2193 4197 12592 2194 4197 12593 2181 4198 12594 2178 4198 12595 2195 4198 12596 2194 4199 12597 2195 4199 12598 2177 4199 12599 2197 4200 12600 2201 4200 12601 2200 4200 12602 2198 4201 12603 2210 4201 12604 2197 4201 12605 2199 4202 12606 2211 4202 12607 2198 4202 12608 2196 4203 12609 2200 4203 12610 2202 4203 12611 2201 4204 12612 2204 4204 12613 2203 4204 12614 2200 4205 12615 2203 4205 12616 2205 4205 12617 2202 4206 12618 2205 4206 12619 2206 4206 12620 2207 4207 12621 2206 4207 12622 2204 4207 12623 2208 4208 12624 2207 4208 12625 2201 4208 12626 2199 4209 12627 2202 4209 12628 2207 4209 12629 2210 4210 12630 2209 4210 12631 2208 4210 12632 2208 4211 12633 2209 4211 12634 2211 4211 12635 2209 4212 12636 2210 4212 12637 2198 4212 12638 2216 4213 12639 2213 4213 12640 2212 4213 12641 2215 4214 12642 2212 4214 12643 2214 4214 12644 2219 4215 12645 2216 4215 12646 2215 4215 12647 2218 4216 12648 2215 4216 12649 2217 4216 12650 2218 4217 12651 2221 4217 12652 2222 4217 12653 2220 4218 12654 2223 4218 12655 2221 4218 12656 2222 4219 12657 2221 4219 12658 2224 4219 12659 2221 4220 12660 2223 4220 12661 2226 4220 12662 2224 4221 12663 2226 4221 12664 2227 4221 12665 2223 4222 12666 2228 4222 12667 2227 4222 12668 2222 4223 12669 2225 4223 12670 2227 4223 12671 2229 4224 12672 2228 4224 12673 2223 4224 12674 2219 4225 12675 2222 4225 12676 2228 4225 12677 2229 4226 12678 2220 4226 12679 2217 4226 12680 2219 4227 12681 2229 4227 12682 2230 4227 12683 2217 4228 12684 2214 4228 12685 2231 4228 12686 2230 4229 12687 2231 4229 12688 2213 4229 12689 2233 4230 12690 2237 4230 12691 2236 4230 12692 2234 4231 12693 2246 4231 12694 2233 4231 12695 2247 4232 12696 2234 4232 12697 2232 4232 12698 2232 4233 12699 2236 4233 12700 2238 4233 12701 2237 4234 12702 2240 4234 12703 2239 4234 12704 2236 4235 12705 2239 4235 12706 2241 4235 12707 2238 4236 12708 2241 4236 12709 2242 4236 12710 2243 4237 12711 2242 4237 12712 2240 4237 12713 2244 4238 12714 2243 4238 12715 2237 4238 12716 2235 4239 12717 2238 4239 12718 2243 4239 12719 2233 4240 12720 2246 4240 12721 2245 4240 12722 2244 4241 12723 2245 4241 12724 2247 4241 12725 2246 4242 12726 2234 4242 12727 2247 4242 12728 2252 4243 12729 2249 4243 12730 2248 4243 12731 2251 4244 12732 2248 4244 12733 2250 4244 12734 2255 4245 12735 2252 4245 12736 2251 4245 12737 2254 4246 12738 2251 4246 12739 2253 4246 12740 2254 4247 12741 2257 4247 12742 2258 4247 12743 2256 4248 12744 2259 4248 12745 2257 4248 12746 2258 4249 12747 2257 4249 12748 2260 4249 12749 2259 4250 12750 2262 4250 12751 2260 4250 12752 2260 4251 12753 2262 4251 12754 2263 4251 12755 2259 4252 12756 2264 4252 12757 2263 4252 12758 2264 4253 12759 2258 4253 12760 2261 4253 12761 2265 4254 12762 2264 4254 12763 2259 4254 12764 2255 4255 12765 2258 4255 12766 2264 4255 12767 2256 4256 12768 2253 4256 12769 2266 4256 12770 2255 4257 12771 2265 4257 12772 2266 4257 12773 2253 4258 12774 2250 4258 12775 2267 4258 12776 2266 4259 12777 2267 4259 12778 2249 4259 12779 2269 4260 12780 2273 4260 12781 2272 4260 12782 2270 4261 12783 2282 4261 12784 2269 4261 12785 2283 4262 12786 2270 4262 12787 2268 4262 12788 2268 4263 12789 2272 4263 12790 2274 4263 12791 2273 4264 12792 2276 4264 12793 2275 4264 12794 2272 4265 12795 2275 4265 12796 2277 4265 12797 2274 4266 12798 2277 4266 12799 2278 4266 12800 2279 4267 12801 2278 4267 12802 2276 4267 12803 2280 4268 12804 2279 4268 12805 2273 4268 12806 2271 4269 12807 2274 4269 12808 2279 4269 12809 2269 4270 12810 2282 4270 12811 2281 4270 12812 2280 4271 12813 2281 4271 12814 2283 4271 12815 2282 4272 12816 2270 4272 12817 2283 4272 12818 2288 4273 12819 2285 4273 12820 2284 4273 12821 2287 4274 12822 2284 4274 12823 2286 4274 12824 2291 4275 12825 2288 4275 12826 2287 4275 12827 2290 4276 12828 2287 4276 12829 2289 4276 12830 2290 4277 12831 2293 4277 12832 2294 4277 12833 2292 4278 12834 2295 4278 12835 2293 4278 12836 2293 4279 12837 2296 4279 12838 2297 4279 12839 2295 4280 12840 2298 4280 12841 2296 4280 12842 2298 4281 12843 2299 4281 12844 2297 4281 12845 2300 4282 12846 2299 4282 12847 2298 4282 12848 2300 4283 12849 2294 4283 12850 2297 4283 12851 2301 4284 12852 2300 4284 12853 2295 4284 12854 2291 4285 12855 2294 4285 12856 2300 4285 12857 2292 4286 12858 2289 4286 12859 2302 4286 12860 2291 4287 12861 2301 4287 12862 2302 4287 12863 2289 4288 12864 2286 4288 12865 2303 4288 12866 2302 4289 12867 2303 4289 12868 2285 4289 12869 2305 4290 12870 2309 4290 12871 2308 4290 12872 2306 4291 12873 2318 4291 12874 2305 4291 12875 2319 4292 12876 2306 4292 12877 2304 4292 12878 2304 4293 12879 2308 4293 12880 2310 4293 12881 2309 4294 12882 2312 4294 12883 2311 4294 12884 2308 4295 12885 2311 4295 12886 2313 4295 12887 2310 4296 12888 2313 4296 12889 2314 4296 12890 2315 4297 12891 2314 4297 12892 2312 4297 12893 2316 4298 12894 2315 4298 12895 2309 4298 12896 2307 4299 12897 2310 4299 12898 2315 4299 12899 2305 4300 12900 2318 4300 12901 2317 4300 12902 2317 4301 12903 2319 4301 12904 2307 4301 12905 2317 4302 12906 2318 4302 12907 2306 4302 12908 2324 4303 12909 2321 4303 12910 2320 4303 12911 2323 4304 12912 2320 4304 12913 2322 4304 12914 2327 4305 12915 2324 4305 12916 2323 4305 12917 2326 4306 12918 2323 4306 12919 2325 4306 12920 2326 4307 12921 2329 4307 12922 2330 4307 12923 2328 4308 12924 2331 4308 12925 2329 4308 12926 2330 4309 12927 2329 4309 12928 2332 4309 12929 2331 4310 12930 2334 4310 12931 2332 4310 12932 2332 4311 12933 2334 4311 12934 2335 4311 12935 2331 4312 12936 2336 4312 12937 2335 4312 12938 2336 4313 12939 2330 4313 12940 2333 4313 12941 2337 4314 12942 2336 4314 12943 2331 4314 12944 2327 4315 12945 2330 4315 12946 2336 4315 12947 2328 4316 12948 2325 4316 12949 2338 4316 12950 2327 4317 12951 2337 4317 12952 2338 4317 12953 2325 4318 12954 2322 4318 12955 2339 4318 12956 2338 4319 12957 2339 4319 12958 2321 4319 12959 2341 4320 12960 2345 4320 12961 2344 4320 12962 2342 4321 12963 2354 4321 12964 2341 4321 12965 2355 4322 12966 2342 4322 12967 2340 4322 12968 2340 4323 12969 2344 4323 12970 2346 4323 12971 2345 4324 12972 2348 4324 12973 2347 4324 12974 2344 4325 12975 2347 4325 12976 2349 4325 12977 2346 4326 12978 2349 4326 12979 2350 4326 12980 2351 4327 12981 2350 4327 12982 2348 4327 12983 2352 4328 12984 2351 4328 12985 2345 4328 12986 2343 4329 12987 2346 4329 12988 2351 4329 12989 2341 4330 12990 2354 4330 12991 2353 4330 12992 2352 4331 12993 2353 4331 12994 2355 4331 12995 2354 4332 12996 2342 4332 12997 2355 4332 12998 2360 4333 12999 2357 4333 13000 2356 4333 13001 2359 4334 13002 2356 4334 13003 2358 4334 13004 2363 4335 13005 2360 4335 13006 2359 4335 13007 2364 4336 13008 2362 4336 13009 2359 4336 13010 2362 4337 13011 2365 4337 13012 2366 4337 13013 2364 4338 13014 2367 4338 13015 2365 4338 13016 2366 4339 13017 2365 4339 13018 2368 4339 13019 2367 4340 13020 2370 4340 13021 2368 4340 13022 2368 4341 13023 2370 4341 13024 2371 4341 13025 2367 4342 13026 2372 4342 13027 2371 4342 13028 2372 4343 13029 2366 4343 13030 2369 4343 13031 2373 4344 13032 2372 4344 13033 2367 4344 13034 2363 4345 13035 2366 4345 13036 2372 4345 13037 2364 4346 13038 2361 4346 13039 2374 4346 13040 2373 4347 13041 2374 4347 13042 2360 4347 13043 2361 4348 13044 2358 4348 13045 2375 4348 13046 2374 4349 13047 2375 4349 13048 2357 4349 13049 2377 4350 13050 2381 4350 13051 2380 4350 13052 2376 4351 13053 2378 4351 13054 2390 4351 13055 2391 4352 13056 2378 4352 13057 2376 4352 13058 2376 4353 13059 2380 4353 13060 2382 4353 13061 2381 4354 13062 2384 4354 13063 2383 4354 13064 2380 4355 13065 2383 4355 13066 2385 4355 13067 2382 4356 13068 2385 4356 13069 2386 4356 13070 2387 4357 13071 2386 4357 13072 2384 4357 13073 2388 4358 13074 2387 4358 13075 2381 4358 13076 2379 4359 13077 2382 4359 13078 2387 4359 13079 2377 4360 13080 2390 4360 13081 2389 4360 13082 2388 4361 13083 2389 4361 13084 2391 4361 13085 2390 4362 13086 2378 4362 13087 2391 4362 13088 2396 4363 13089 2393 4363 13090 2392 4363 13091 2395 4364 13092 2392 4364 13093 2394 4364 13094 2398 4365 13095 2399 4365 13096 2396 4365 13097 2400 4366 13098 2398 4366 13099 2395 4366 13100 2398 4367 13101 2401 4367 13102 2402 4367 13103 2400 4368 13104 2403 4368 13105 2401 4368 13106 2401 4369 13107 2404 4369 13108 2405 4369 13109 2403 4370 13110 2406 4370 13111 2404 4370 13112 2406 4371 13113 2407 4371 13114 2405 4371 13115 2408 4372 13116 2407 4372 13117 2406 4372 13118 2408 4373 13119 2402 4373 13120 2405 4373 13121 2409 4374 13122 2408 4374 13123 2403 4374 13124 2399 4375 13125 2402 4375 13126 2408 4375 13127 2400 4376 13128 2397 4376 13129 2410 4376 13130 2409 4377 13131 2410 4377 13132 2396 4377 13133 2397 4378 13134 2394 4378 13135 2411 4378 13136 2410 4379 13137 2411 4379 13138 2393 4379 13139 2413 4380 13140 2417 4380 13141 2416 4380 13142 2412 4381 13143 2414 4381 13144 2426 4381 13145 2427 4382 13146 2414 4382 13147 2412 4382 13148 2412 4383 13149 2416 4383 13150 2418 4383 13151 2417 4384 13152 2420 4384 13153 2419 4384 13154 2416 4385 13155 2419 4385 13156 2421 4385 13157 2418 4386 13158 2421 4386 13159 2422 4386 13160 2423 4387 13161 2422 4387 13162 2420 4387 13163 2424 4388 13164 2423 4388 13165 2417 4388 13166 2415 4389 13167 2418 4389 13168 2423 4389 13169 2413 4390 13170 2426 4390 13171 2425 4390 13172 2425 4391 13173 2427 4391 13174 2415 4391 13175 2426 4392 13176 2414 4392 13177 2427 4392 13178 2432 4393 13179 2429 4393 13180 2428 4393 13181 2431 4394 13182 2428 4394 13183 2430 4394 13184 2435 4395 13185 2432 4395 13186 2431 4395 13187 2436 4396 13188 2434 4396 13189 2431 4396 13190 2434 4397 13191 2437 4397 13192 2438 4397 13193 2436 4398 13194 2439 4398 13195 2437 4398 13196 2437 4399 13197 2440 4399 13198 2441 4399 13199 2439 4400 13200 2442 4400 13201 2440 4400 13202 2442 4401 13203 2443 4401 13204 2441 4401 13205 2439 4402 13206 2444 4402 13207 2443 4402 13208 2444 4403 13209 2438 4403 13210 2441 4403 13211 2445 4404 13212 2444 4404 13213 2439 4404 13214 2435 4405 13215 2438 4405 13216 2444 4405 13217 2436 4406 13218 2433 4406 13219 2446 4406 13220 2445 4407 13221 2446 4407 13222 2432 4407 13223 2433 4408 13224 2430 4408 13225 2447 4408 13226 2446 4409 13227 2447 4409 13228 2429 4409 13229 2449 4410 13230 2453 4410 13231 2452 4410 13232 2448 4411 13233 2450 4411 13234 2462 4411 13235 2463 4412 13236 2450 4412 13237 2448 4412 13238 2448 4413 13239 2452 4413 13240 2454 4413 13241 2453 4414 13242 2456 4414 13243 2455 4414 13244 2452 4415 13245 2455 4415 13246 2457 4415 13247 2454 4416 13248 2457 4416 13249 2458 4416 13250 2459 4417 13251 2458 4417 13252 2456 4417 13253 2460 4418 13254 2459 4418 13255 2453 4418 13256 2451 4419 13257 2454 4419 13258 2459 4419 13259 2449 4420 13260 2462 4420 13261 2461 4420 13262 2461 4421 13263 2463 4421 13264 2451 4421 13265 2462 4422 13266 2450 4422 13267 2463 4422 13268 2468 4423 13269 2465 4423 13270 2464 4423 13271 2467 4424 13272 2464 4424 13273 2466 4424 13274 2471 4425 13275 2468 4425 13276 2467 4425 13277 2472 4426 13278 2470 4426 13279 2467 4426 13280 2470 4427 13281 2473 4427 13282 2474 4427 13283 2472 4428 13284 2475 4428 13285 2473 4428 13286 2474 4429 13287 2473 4429 13288 2476 4429 13289 2475 4430 13290 2478 4430 13291 2476 4430 13292 2476 4431 13293 2478 4431 13294 2479 4431 13295 2475 4432 13296 2480 4432 13297 2479 4432 13298 2480 4433 13299 2474 4433 13300 2477 4433 13301 2481 4434 13302 2480 4434 13303 2475 4434 13304 2471 4435 13305 2474 4435 13306 2480 4435 13307 2472 4436 13308 2469 4436 13309 2482 4436 13310 2481 4437 13311 2482 4437 13312 2468 4437 13313 2469 4438 13314 2466 4438 13315 2483 4438 13316 2482 4439 13317 2483 4439 13318 2465 4439 13319 2485 4440 13320 2489 4440 13321 2488 4440 13322 2484 4441 13323 2486 4441 13324 2498 4441 13325 2499 4442 13326 2486 4442 13327 2484 4442 13328 2484 4443 13329 2488 4443 13330 2490 4443 13331 2489 4444 13332 2492 4444 13333 2491 4444 13334 2488 4445 13335 2491 4445 13336 2493 4445 13337 2490 4446 13338 2493 4446 13339 2494 4446 13340 2495 4447 13341 2494 4447 13342 2492 4447 13343 2496 4448 13344 2495 4448 13345 2489 4448 13346 2487 4449 13347 2490 4449 13348 2495 4449 13349 2485 4450 13350 2498 4450 13351 2497 4450 13352 2496 4451 13353 2497 4451 13354 2499 4451 13355 2498 4452 13356 2486 4452 13357 2499 4452 13358 2504 4453 13359 2501 4453 13360 2500 4453 13361 2503 4454 13362 2500 4454 13363 2502 4454 13364 2506 4455 13365 2507 4455 13366 2504 4455 13367 2508 4456 13368 2506 4456 13369 2503 4456 13370 2506 4457 13371 2509 4457 13372 2510 4457 13373 2508 4458 13374 2511 4458 13375 2509 4458 13376 2509 4459 13377 2512 4459 13378 2513 4459 13379 2511 4460 13380 2514 4460 13381 2512 4460 13382 2512 4461 13383 2514 4461 13384 2515 4461 13385 2511 4462 13386 2516 4462 13387 2515 4462 13388 2516 4463 13389 2510 4463 13390 2513 4463 13391 2517 4464 13392 2516 4464 13393 2511 4464 13394 2507 4465 13395 2510 4465 13396 2516 4465 13397 2508 4466 13398 2505 4466 13399 2518 4466 13400 2517 4467 13401 2518 4467 13402 2504 4467 13403 2505 4468 13404 2502 4468 13405 2519 4468 13406 2518 4469 13407 2519 4469 13408 2501 4469 13409 2521 4470 13410 2525 4470 13411 2524 4470 13412 2522 4471 13413 2534 4471 13414 2521 4471 13415 2535 4472 13416 2522 4472 13417 2520 4472 13418 2520 4473 13419 2524 4473 13420 2526 4473 13421 2525 4474 13422 2528 4474 13423 2527 4474 13424 2524 4475 13425 2527 4475 13426 2529 4475 13427 2526 4476 13428 2529 4476 13429 2530 4476 13430 2531 4477 13431 2530 4477 13432 2528 4477 13433 2532 4478 13434 2531 4478 13435 2525 4478 13436 2523 4479 13437 2526 4479 13438 2531 4479 13439 2521 4480 13440 2534 4480 13441 2533 4480 13442 2533 4481 13443 2535 4481 13444 2523 4481 13445 2533 4482 13446 2534 4482 13447 2522 4482 13448 2540 4483 13449 2537 4483 13450 2536 4483 13451 2539 4484 13452 2536 4484 13453 2538 4484 13454 2542 4485 13455 2543 4485 13456 2540 4485 13457 2544 4486 13458 2542 4486 13459 2539 4486 13460 2542 4487 13461 2545 4487 13462 2546 4487 13463 2544 4488 13464 2547 4488 13465 2545 4488 13466 2545 4489 13467 2548 4489 13468 2549 4489 13469 2547 4490 13470 2550 4490 13471 2548 4490 13472 2548 4491 13473 2550 4491 13474 2551 4491 13475 2547 4492 13476 2552 4492 13477 2551 4492 13478 2552 4493 13479 2546 4493 13480 2549 4493 13481 2553 4494 13482 2552 4494 13483 2547 4494 13484 2543 4495 13485 2546 4495 13486 2552 4495 13487 2544 4496 13488 2541 4496 13489 2554 4496 13490 2553 4497 13491 2554 4497 13492 2540 4497 13493 2541 4498 13494 2538 4498 13495 2555 4498 13496 2554 4499 13497 2555 4499 13498 2537 4499 13499 2557 4500 13500 2561 4500 13501 2560 4500 13502 2556 4501 13503 2558 4501 13504 2570 4501 13505 2571 4502 13506 2558 4502 13507 2556 4502 13508 2556 4503 13509 2560 4503 13510 2562 4503 13511 2561 4504 13512 2564 4504 13513 2563 4504 13514 2560 4505 13515 2563 4505 13516 2565 4505 13517 2562 4506 13518 2565 4506 13519 2566 4506 13520 2567 4507 13521 2566 4507 13522 2564 4507 13523 2568 4508 13524 2567 4508 13525 2561 4508 13526 2559 4509 13527 2562 4509 13528 2567 4509 13529 2557 4510 13530 2570 4510 13531 2569 4510 13532 2569 4511 13533 2571 4511 13534 2559 4511 13535 2570 4512 13536 2558 4512 13537 2571 4512 13538 2576 4513 13539 2573 4513 13540 2572 4513 13541 2575 4514 13542 2572 4514 13543 2574 4514 13544 2579 4515 13545 2576 4515 13546 2575 4515 13547 2580 4516 13548 2578 4516 13549 2575 4516 13550 2578 4517 13551 2581 4517 13552 2582 4517 13553 2580 4518 13554 2583 4518 13555 2581 4518 13556 2581 4519 13557 2584 4519 13558 2585 4519 13559 2583 4520 13560 2586 4520 13561 2584 4520 13562 2586 4521 13563 2587 4521 13564 2585 4521 13565 2583 4522 13566 2588 4522 13567 2587 4522 13568 2588 4523 13569 2582 4523 13570 2585 4523 13571 2589 4524 13572 2588 4524 13573 2583 4524 13574 2579 4525 13575 2582 4525 13576 2588 4525 13577 2580 4526 13578 2577 4526 13579 2590 4526 13580 2589 4527 13581 2590 4527 13582 2576 4527 13583 2577 4528 13584 2574 4528 13585 2591 4528 13586 2590 4529 13587 2591 4529 13588 2573 4529 13589 2593 4530 13590 2597 4530 13591 2596 4530 13592 2592 4531 13593 2594 4531 13594 2606 4531 13595 2607 4532 13596 2594 4532 13597 2592 4532 13598 2592 4533 13599 2596 4533 13600 2598 4533 13601 2597 4534 13602 2600 4534 13603 2599 4534 13604 2596 4535 13605 2599 4535 13606 2601 4535 13607 2598 4536 13608 2601 4536 13609 2602 4536 13610 2603 4537 13611 2602 4537 13612 2600 4537 13613 2604 4538 13614 2603 4538 13615 2597 4538 13616 2595 4539 13617 2598 4539 13618 2603 4539 13619 2606 4540 13620 2605 4540 13621 2604 4540 13622 2605 4541 13623 2607 4541 13624 2595 4541 13625 2606 4542 13626 2594 4542 13627 2607 4542 13628 2612 4543 13629 2609 4543 13630 2608 4543 13631 2611 4544 13632 2608 4544 13633 2610 4544 13634 2615 4545 13635 2612 4545 13636 2611 4545 13637 2614 4546 13638 2611 4546 13639 2613 4546 13640 2614 4547 13641 2617 4547 13642 2618 4547 13643 2616 4548 13644 2619 4548 13645 2617 4548 13646 2617 4549 13647 2620 4549 13648 2621 4549 13649 2619 4550 13650 2622 4550 13651 2620 4550 13652 2620 4551 13653 2622 4551 13654 2623 4551 13655 2619 4552 13656 2624 4552 13657 2623 4552 13658 2618 4553 13659 2621 4553 13660 2623 4553 13661 2625 4554 13662 2624 4554 13663 2619 4554 13664 2615 4555 13665 2618 4555 13666 2624 4555 13667 2616 4556 13668 2613 4556 13669 2626 4556 13670 2615 4557 13671 2625 4557 13672 2626 4557 13673 2613 4558 13674 2610 4558 13675 2627 4558 13676 2626 4559 13677 2627 4559 13678 2609 4559 13679 2629 4560 13680 2633 4560 13681 2632 4560 13682 2628 4561 13683 2630 4561 13684 2642 4561 13685 2643 4562 13686 2630 4562 13687 2628 4562 13688 2628 4563 13689 2632 4563 13690 2634 4563 13691 2633 4564 13692 2636 4564 13693 2635 4564 13694 2632 4565 13695 2635 4565 13696 2637 4565 13697 2634 4566 13698 2637 4566 13699 2638 4566 13700 2639 4567 13701 2638 4567 13702 2636 4567 13703 2640 4568 13704 2639 4568 13705 2633 4568 13706 2631 4569 13707 2634 4569 13708 2639 4569 13709 2642 4570 13710 2641 4570 13711 2640 4570 13712 2640 4571 13713 2641 4571 13714 2643 4571 13715 2642 4572 13716 2630 4572 13717 2643 4572 13718 2648 4573 13719 2645 4573 13720 2644 4573 13721 2647 4574 13722 2644 4574 13723 2646 4574 13724 2651 4575 13725 2648 4575 13726 2647 4575 13727 2652 4576 13728 2650 4576 13729 2647 4576 13730 2650 4577 13731 2653 4577 13732 2654 4577 13733 2652 4578 13734 2655 4578 13735 2653 4578 13736 2653 4579 13737 2656 4579 13738 2657 4579 13739 2655 4580 13740 2658 4580 13741 2656 4580 13742 2656 4581 13743 2658 4581 13744 2659 4581 13745 2655 4582 13746 2660 4582 13747 2659 4582 13748 2654 4583 13749 2657 4583 13750 2659 4583 13751 2661 4584 13752 2660 4584 13753 2655 4584 13754 2651 4585 13755 2654 4585 13756 2660 4585 13757 2652 4586 13758 2649 4586 13759 2662 4586 13760 2661 4587 13761 2662 4587 13762 2648 4587 13763 2649 4588 13764 2646 4588 13765 2663 4588 13766 2662 4589 13767 2663 4589 13768 2645 4589 13769 2665 4590 13770 2669 4590 13771 2668 4590 13772 2666 4591 13773 2678 4591 13774 2665 4591 13775 2679 4592 13776 2666 4592 13777 2664 4592 13778 2664 4593 13779 2668 4593 13780 2670 4593 13781 2669 4594 13782 2672 4594 13783 2671 4594 13784 2668 4595 13785 2671 4595 13786 2673 4595 13787 2670 4596 13788 2673 4596 13789 2674 4596 13790 2675 4597 13791 2674 4597 13792 2672 4597 13793 2676 4598 13794 2675 4598 13795 2669 4598 13796 2667 4599 13797 2670 4599 13798 2675 4599 13799 2678 4600 13800 2677 4600 13801 2676 4600 13802 2676 4601 13803 2677 4601 13804 2679 4601 13805 2678 4602 13806 2666 4602 13807 2679 4602 13808 2684 4603 13809 2681 4603 13810 2680 4603 13811 2683 4604 13812 2680 4604 13813 2682 4604 13814 2687 4605 13815 2684 4605 13816 2683 4605 13817 2688 4606 13818 2686 4606 13819 2683 4606 13820 2686 4607 13821 2689 4607 13822 2690 4607 13823 2688 4608 13824 2691 4608 13825 2689 4608 13826 2689 4609 13827 2692 4609 13828 2693 4609 13829 2691 4610 13830 2694 4610 13831 2692 4610 13832 2694 4611 13833 2695 4611 13834 2693 4611 13835 2696 4612 13836 2695 4612 13837 2694 4612 13838 2690 4613 13839 2693 4613 13840 2695 4613 13841 2697 4614 13842 2696 4614 13843 2691 4614 13844 2687 4615 13845 2690 4615 13846 2696 4615 13847 2697 4616 13848 2688 4616 13849 2685 4616 13850 2687 4617 13851 2697 4617 13852 2698 4617 13853 2685 4618 13854 2682 4618 13855 2699 4618 13856 2698 4619 13857 2699 4619 13858 2681 4619 13859 2701 4620 13860 2705 4620 13861 2704 4620 13862 2700 4621 13863 2702 4621 13864 2714 4621 13865 2715 4622 13866 2702 4622 13867 2700 4622 13868 2700 4623 13869 2704 4623 13870 2706 4623 13871 2705 4624 13872 2708 4624 13873 2707 4624 13874 2704 4625 13875 2707 4625 13876 2709 4625 13877 2706 4626 13878 2709 4626 13879 2710 4626 13880 2711 4627 13881 2710 4627 13882 2708 4627 13883 2712 4628 13884 2711 4628 13885 2705 4628 13886 2703 4629 13887 2706 4629 13888 2711 4629 13889 2714 4630 13890 2713 4630 13891 2712 4630 13892 2713 4631 13893 2715 4631 13894 2703 4631 13895 2713 4632 13896 2714 4632 13897 2702 4632 13898 2720 4633 13899 2717 4633 13900 2716 4633 13901 2719 4634 13902 2716 4634 13903 2718 4634 13904 2723 4635 13905 2720 4635 13906 2719 4635 13907 2724 4636 13908 2722 4636 13909 2719 4636 13910 2722 4637 13911 2725 4637 13912 2726 4637 13913 2724 4638 13914 2727 4638 13915 2725 4638 13916 2726 4639 13917 2725 4639 13918 2728 4639 13919 2727 4640 13920 2730 4640 13921 2728 4640 13922 2728 4641 13923 2730 4641 13924 2731 4641 13925 2727 4642 13926 2732 4642 13927 2731 4642 13928 2726 4643 13929 2729 4643 13930 2731 4643 13931 2733 4644 13932 2732 4644 13933 2727 4644 13934 2723 4645 13935 2726 4645 13936 2732 4645 13937 2724 4646 13938 2721 4646 13939 2734 4646 13940 2733 4647 13941 2734 4647 13942 2720 4647 13943 2721 4648 13944 2718 4648 13945 2735 4648 13946 2734 4649 13947 2735 4649 13948 2717 4649 13949 2737 4650 13950 2741 4650 13951 2740 4650 13952 2736 4651 13953 2738 4651 13954 2750 4651 13955 2751 4652 13956 2738 4652 13957 2736 4652 13958 2736 4653 13959 2740 4653 13960 2742 4653 13961 2741 4654 13962 2744 4654 13963 2743 4654 13964 2740 4655 13965 2743 4655 13966 2745 4655 13967 2742 4656 13968 2745 4656 13969 2746 4656 13970 2747 4657 13971 2746 4657 13972 2744 4657 13973 2748 4658 13974 2747 4658 13975 2741 4658 13976 2739 4659 13977 2742 4659 13978 2747 4659 13979 2737 4660 13980 2750 4660 13981 2749 4660 13982 2748 4661 13983 2749 4661 13984 2751 4661 13985 2750 4662 13986 2738 4662 13987 2751 4662 13988 2756 4663 13989 2753 4663 13990 2752 4663 13991 2755 4664 13992 2752 4664 13993 2754 4664 13994 2759 4665 13995 2756 4665 13996 2755 4665 13997 2758 4666 13998 2755 4666 13999 2757 4666 14000 2758 4667 14001 2761 4667 14002 2762 4667 14003 2760 4668 14004 2763 4668 14005 2761 4668 14006 2761 4669 14007 2764 4669 14008 2765 4669 14009 2761 4670 14010 2763 4670 14011 2766 4670 14012 2764 4671 14013 2766 4671 14014 2767 4671 14015 2768 4672 14016 2767 4672 14017 2766 4672 14018 2762 4673 14019 2765 4673 14020 2767 4673 14021 2769 4674 14022 2768 4674 14023 2763 4674 14024 2759 4675 14025 2762 4675 14026 2768 4675 14027 2760 4676 14028 2757 4676 14029 2770 4676 14030 2759 4677 14031 2769 4677 14032 2770 4677 14033 2757 4678 14034 2754 4678 14035 2771 4678 14036 2770 4679 14037 2771 4679 14038 2753 4679 14039 2773 4680 14040 2777 4680 14041 2776 4680 14042 2772 4681 14043 2774 4681 14044 2786 4681 14045 2787 4682 14046 2774 4682 14047 2772 4682 14048 2772 4683 14049 2776 4683 14050 2778 4683 14051 2777 4684 14052 2780 4684 14053 2779 4684 14054 2776 4685 14055 2779 4685 14056 2781 4685 14057 2778 4686 14058 2781 4686 14059 2782 4686 14060 2783 4687 14061 2782 4687 14062 2780 4687 14063 2784 4688 14064 2783 4688 14065 2777 4688 14066 2775 4689 14067 2778 4689 14068 2783 4689 14069 2773 4690 14070 2786 4690 14071 2785 4690 14072 2785 4691 14073 2787 4691 14074 2775 4691 14075 2786 4692 14076 2774 4692 14077 2787 4692 14078 2792 4693 14079 2789 4693 14080 2788 4693 14081 2791 4694 14082 2788 4694 14083 2790 4694 14084 2794 4695 14085 2795 4695 14086 2792 4695 14087 2796 4696 14088 2794 4696 14089 2791 4696 14090 2794 4697 14091 2797 4697 14092 2798 4697 14093 2796 4698 14094 2799 4698 14095 2797 4698 14096 2797 4699 14097 2800 4699 14098 2801 4699 14099 2799 4700 14100 2802 4700 14101 2800 4700 14102 2800 4701 14103 2802 4701 14104 2803 4701 14105 2799 4702 14106 2804 4702 14107 2803 4702 14108 2804 4703 14109 2798 4703 14110 2801 4703 14111 2805 4704 14112 2804 4704 14113 2799 4704 14114 2795 4705 14115 2798 4705 14116 2804 4705 14117 2796 4706 14118 2793 4706 14119 2806 4706 14120 2805 4707 14121 2806 4707 14122 2792 4707 14123 2793 4708 14124 2790 4708 14125 2807 4708 14126 2806 4709 14127 2807 4709 14128 2789 4709 14129 2809 4710 14130 2813 4710 14131 2812 4710 14132 2810 4711 14133 2822 4711 14134 2809 4711 14135 2823 4712 14136 2810 4712 14137 2808 4712 14138 2808 4713 14139 2812 4713 14140 2814 4713 14141 2813 4714 14142 2816 4714 14143 2815 4714 14144 2812 4715 14145 2815 4715 14146 2817 4715 14147 2814 4716 14148 2817 4716 14149 2818 4716 14150 2819 4717 14151 2818 4717 14152 2816 4717 14153 2820 4718 14154 2819 4718 14155 2813 4718 14156 2811 4719 14157 2814 4719 14158 2819 4719 14159 2809 4720 14160 2822 4720 14161 2821 4720 14162 2821 4721 14163 2823 4721 14164 2811 4721 14165 2821 4722 14166 2822 4722 14167 2810 4722 14168 2828 4723 14169 2825 4723 14170 2824 4723 14171 2827 4724 14172 2824 4724 14173 2826 4724 14174 2831 4725 14175 2828 4725 14176 2827 4725 14177 2832 4726 14178 2830 4726 14179 2827 4726 14180 2830 4727 14181 2833 4727 14182 2834 4727 14183 2832 4728 14184 2835 4728 14185 2833 4728 14186 2833 4729 14187 2836 4729 14188 2837 4729 14189 2835 4730 14190 2838 4730 14191 2836 4730 14192 2838 4731 14193 2839 4731 14194 2837 4731 14195 2835 4732 14196 2840 4732 14197 2839 4732 14198 2840 4733 14199 2834 4733 14200 2837 4733 14201 2841 4734 14202 2840 4734 14203 2835 4734 14204 2831 4735 14205 2834 4735 14206 2840 4735 14207 2841 4736 14208 2832 4736 14209 2829 4736 14210 2841 4737 14211 2842 4737 14212 2828 4737 14213 2829 4738 14214 2826 4738 14215 2843 4738 14216 2842 4739 14217 2843 4739 14218 2825 4739 14219</p>
        </triangles>
      </mesh>
    </geometry>
  </library_geometries>
  <library_visual_scenes>
    <visual_scene id="Scene" name="Scene">
      <node id="tmp_export_right_tracks" name="tmp_export_right.tracks" type="NODE">
        <matrix sid="transform">1 0 0 0 0 1 0 0 0 0 1 0 0 0 0 1</matrix>
        <instance_geometry url="#right_tracks-mesh" name="tmp_export_right.tracks"/>
      </node>
    </visual_scene>
  </library_visual_scenes>
  <scene>
    <instance_visual_scene url="#Scene"/>
  </scene>
</COLLADA>